2026-09-30 14:52:49,868 - __main__ - INFO - ETL started
2026-09-30 14:52:50,595 - __main__ - INFO - Processing source: RocketJobs
2026-09-30 14:52:51,068 - __main__ - INFO - Processing source: Pracuj.pl
2026-09-30 14:52:51,589 - __main__ - INFO - Processing source: Linkedin
2026-09-30 14:52:51,958 - __main__ - INFO - Processing source: justjoin.it
2026-09-30 14:52:52,237 - __main__ - INFO - Processing source: theprotocol.it
2026-09-30 14:52:52,639 - __main__ - INFO - Processing source: Jooble
2026-09-30 14:52:53,371 - modules.salary_history - INFO - Looking for salary history:, ('data_analytics', 'mid')
2026-09-30 14:52:53,372 - modules.salary_history - INFO - Salary lookup: ('data_analytics', 'mid'), count_min=2127 count_max=2127 avg_min=9315.26531891553 avg_max=15317.084782949381 median_min=9000.0 median_max=16000.0 std_dev_min=2578.855395744559 std_dev_max=3929.014794237795
2026-09-30 14:52:53,377 - modules.salary_history - INFO - Looking for salary history:, ('project_management', 'intern')
2026-09-30 14:52:53,377 - modules.salary_history - INFO - Salary lookup: ('project_management', 'intern'), None
2026-09-30 14:52:53,397 - modules.salary_history - INFO - Looking for salary history:, ('data_analytics', 'mid')
2026-09-30 14:52:53,398 - modules.salary_history - INFO - Salary lookup: ('data_analytics', 'mid'), count_min=2127 count_max=2127 avg_min=9315.26531891553 avg_max=15317.084782949381 median_min=9000.0 median_max=16000.0 std_dev_min=2578.855395744559 std_dev_max=3929.014794237795
2026-09-30 14:52:53,402 - modules.salary_history - INFO - Looking for salary history:, ('environment', 'mid')
2026-09-30 14:52:53,402 - modules.salary_history - INFO - Salary lookup: ('environment', 'mid'), count_min=11 count_max=11 avg_min=5000.0 avg_max=8000.0 median_min=5000.0 median_max=8000.0 std_dev_min=0.0 std_dev_max=0.0
2026-09-30 14:52:53,409 - modules.salary_history - INFO - Looking for salary history:, ('finance_accounting', 'mid')
2026-09-30 14:52:53,409 - modules.salary_history - INFO - Salary lookup: ('finance_accounting', 'mid'), count_min=1002 count_max=1002 avg_min=7232.041916167665 avg_max=10088.20359281437 median_min=7000.0 median_max=10000.0 std_dev_min=1511.6394888647312 std_dev_max=1987.2566461052725
2026-09-30 14:52:53,424 - modules.salary_history - INFO - Looking for salary history:, ('procurement', 'mid')
2026-09-30 14:52:53,425 - modules.salary_history - INFO - Salary lookup: ('procurement', 'mid'), count_min=350 count_max=350 avg_min=6694.042857142857 avg_max=9492.102857142858 median_min=6550.0 median_max=9500.0 std_dev_min=1031.9430505003918 std_dev_max=1729.4754693641116
2026-09-30 14:52:53,430 - modules.salary_history - INFO - Looking for salary history:, ('procurement', 'mid')
2026-09-30 14:52:53,430 - modules.salary_history - INFO - Salary lookup: ('procurement', 'mid'), count_min=350 count_max=350 avg_min=6694.042857142857 avg_max=9492.102857142858 median_min=6550.0 median_max=9500.0 std_dev_min=1031.9430505003918 std_dev_max=1729.4754693641116
2026-09-30 14:52:53,433 - modules.salary_history - INFO - Looking for salary history:, ('sales_customer_service', 'mid')
2026-09-30 14:52:53,434 - modules.salary_history - INFO - Salary lookup: ('sales_customer_service', 'mid'), count_min=396 count_max=396 avg_min=5881.416666666667 avg_max=8385.348484848484 median_min=5677.0 median_max=8000.0 std_dev_min=1083.4858632316275 std_dev_max=1805.6980219863158
2026-09-30 14:52:53,445 - modules.salary_history - INFO - Looking for salary history:, ('finance_accounting', 'senior')
2026-09-30 14:52:53,445 - modules.salary_history - INFO - Salary lookup: ('finance_accounting', 'senior'), count_min=114 count_max=114 avg_min=8882.982456140351 avg_max=13023.333333333334 median_min=8000.0 median_max=12000.0 std_dev_min=2908.9951827290497 std_dev_max=3768.116749094733
2026-09-30 14:52:53,456 - modules.salary_history - INFO - Looking for salary history:, ('data_analytics', 'mid')
2026-09-30 14:52:53,457 - modules.salary_history - INFO - Salary lookup: ('data_analytics', 'mid'), count_min=2127 count_max=2127 avg_min=9315.26531891553 avg_max=15317.084782949381 median_min=9000.0 median_max=16000.0 std_dev_min=2578.855395744559 std_dev_max=3929.014794237795
2026-09-30 14:52:53,460 - modules.salary_history - INFO - Looking for salary history:, ('finance_accounting', 'mid')
2026-09-30 14:52:53,460 - modules.salary_history - INFO - Salary lookup: ('finance_accounting', 'mid'), count_min=1002 count_max=1002 avg_min=7232.041916167665 avg_max=10088.20359281437 median_min=7000.0 median_max=10000.0 std_dev_min=1511.6394888647312 std_dev_max=1987.2566461052725
2026-09-30 14:52:53,477 - modules.salary_history - INFO - Looking for salary history:, ('legal_compliance_risk', 'junior')
2026-09-30 14:52:53,478 - modules.salary_history - INFO - Salary lookup: ('legal_compliance_risk', 'junior'), count_min=36 count_max=36 avg_min=6231.444444444444 avg_max=8353.666666666666 median_min=6000.0 median_max=7900.0 std_dev_min=1103.5878745371376 std_dev_max=1860.9078276091868
2026-09-30 14:52:53,483 - modules.salary_history - INFO - Looking for salary history:, ('software_it', 'junior')
2026-09-30 14:52:53,483 - modules.salary_history - INFO - Salary lookup: ('software_it', 'junior'), count_min=318 count_max=318 avg_min=6835.6163522012575 avg_max=9213.905660377359 median_min=6500.0 median_max=8750.0 std_dev_min=1693.5370236452802 std_dev_max=2162.1758648563323
2026-09-30 14:52:53,491 - modules.salary_history - INFO - Looking for salary history:, ('software_it', 'mid')
2026-09-30 14:52:53,491 - modules.salary_history - INFO - Salary lookup: ('software_it', 'mid'), count_min=505 count_max=505 avg_min=8676.440264026403 avg_max=12354.390099009901 median_min=7450.0 median_max=11100.0 std_dev_min=3595.8981301534177 std_dev_max=4288.264336088859
2026-09-30 14:52:53,494 - modules.salary_history - INFO - Looking for salary history:, ('software_it', 'junior')
2026-09-30 14:52:53,495 - modules.salary_history - INFO - Salary lookup: ('software_it', 'junior'), count_min=318 count_max=318 avg_min=6835.6163522012575 avg_max=9213.905660377359 median_min=6500.0 median_max=8750.0 std_dev_min=1693.5370236452802 std_dev_max=2162.1758648563323
2026-09-30 14:52:53,498 - modules.salary_history - INFO - Looking for salary history:, ('data_analytics', 'mid')
2026-09-30 14:52:53,498 - modules.salary_history - INFO - Salary lookup: ('data_analytics', 'mid'), count_min=2127 count_max=2127 avg_min=9315.26531891553 avg_max=15317.084782949381 median_min=9000.0 median_max=16000.0 std_dev_min=2578.855395744559 std_dev_max=3929.014794237795
2026-09-30 14:52:53,543 - modules.salary_history - INFO - Looking for salary history:, ('customer_operations', 'manager')
2026-09-30 14:52:53,543 - modules.salary_history - INFO - Salary lookup: ('customer_operations', 'manager'), None
2026-09-30 14:52:53,547 - modules.salary_history - INFO - Looking for salary history:, ('project_management', 'manager')
2026-09-30 14:52:53,547 - modules.salary_history - INFO - Salary lookup: ('project_management', 'manager'), count_min=35 count_max=35 avg_min=8704.57142857143 avg_max=15853.142857142857 median_min=6000.0 median_max=14000.0 std_dev_min=5560.799954543751 std_dev_max=5877.136042940208
2026-09-30 14:52:53,556 - modules.salary_history - INFO - Looking for salary history:, ('software_it', 'junior')
2026-09-30 14:52:53,557 - modules.salary_history - INFO - Salary lookup: ('software_it', 'junior'), count_min=318 count_max=318 avg_min=6835.6163522012575 avg_max=9213.905660377359 median_min=6500.0 median_max=8750.0 std_dev_min=1693.5370236452802 std_dev_max=2162.1758648563323
2026-09-30 14:52:53,562 - modules.salary_history - INFO - Looking for salary history:, ('software_it', 'junior')
2026-09-30 14:52:53,562 - modules.salary_history - INFO - Salary lookup: ('software_it', 'junior'), count_min=318 count_max=318 avg_min=6835.6163522012575 avg_max=9213.905660377359 median_min=6500.0 median_max=8750.0 std_dev_min=1693.5370236452802 std_dev_max=2162.1758648563323
2026-09-30 14:52:53,572 - modules.salary_history - INFO - Looking for salary history:, ('legal_compliance_risk', 'senior')
2026-09-30 14:52:53,572 - modules.salary_history - INFO - Salary lookup: ('legal_compliance_risk', 'senior'), count_min=9 count_max=9 avg_min=7000.0 avg_max=8555.555555555555 median_min=7000.0 median_max=8500.0 std_dev_min=0.0 std_dev_max=166.66666666666666
2026-09-30 14:52:53,576 - modules.salary_history - INFO - Looking for salary history:, ('data_analytics', 'mid')
2026-09-30 14:52:53,576 - modules.salary_history - INFO - Salary lookup: ('data_analytics', 'mid'), count_min=2127 count_max=2127 avg_min=9315.26531891553 avg_max=15317.084782949381 median_min=9000.0 median_max=16000.0 std_dev_min=2578.855395744559 std_dev_max=3929.014794237795
2026-09-30 14:52:53,580 - modules.salary_history - INFO - Looking for salary history:, ('legal_compliance_risk', 'junior')
2026-09-30 14:52:53,581 - modules.salary_history - INFO - Salary lookup: ('legal_compliance_risk', 'junior'), count_min=36 count_max=36 avg_min=6231.444444444444 avg_max=8353.666666666666 median_min=6000.0 median_max=7900.0 std_dev_min=1103.5878745371376 std_dev_max=1860.9078276091868
2026-09-30 14:52:53,590 - modules.salary_history - INFO - Looking for salary history:, ('data_analytics', 'mid')
2026-09-30 14:52:53,590 - modules.salary_history - INFO - Salary lookup: ('data_analytics', 'mid'), count_min=2127 count_max=2127 avg_min=9315.26531891553 avg_max=15317.084782949381 median_min=9000.0 median_max=16000.0 std_dev_min=2578.855395744559 std_dev_max=3929.014794237795
2026-09-30 14:52:53,593 - modules.salary_history - INFO - Looking for salary history:, ('legal_compliance_risk', 'junior')
2026-09-30 14:52:53,593 - modules.salary_history - INFO - Salary lookup: ('legal_compliance_risk', 'junior'), count_min=36 count_max=36 avg_min=6231.444444444444 avg_max=8353.666666666666 median_min=6000.0 median_max=7900.0 std_dev_min=1103.5878745371376 std_dev_max=1860.9078276091868
2026-09-30 14:52:53,616 - modules.salary_history - INFO - Looking for salary history:, ('administration', 'junior')
2026-09-30 14:52:53,616 - modules.salary_history - INFO - Salary lookup: ('administration', 'junior'), count_min=520 count_max=520 avg_min=5589.9365384615385 avg_max=7111.6442307692305 median_min=5500.0 median_max=7000.0 std_dev_min=782.7420417127731 std_dev_max=1493.4086349778422
2026-09-30 14:52:53,642 - modules.salary_history - INFO - Looking for salary history:, ('administration', 'junior')
2026-09-30 14:52:53,642 - modules.salary_history - INFO - Salary lookup: ('administration', 'junior'), count_min=520 count_max=520 avg_min=5589.9365384615385 avg_max=7111.6442307692305 median_min=5500.0 median_max=7000.0 std_dev_min=782.7420417127731 std_dev_max=1493.4086349778422
2026-09-30 14:52:53,645 - modules.salary_history - INFO - Looking for salary history:, ('project_management', 'junior')
2026-09-30 14:52:53,645 - modules.salary_history - INFO - Salary lookup: ('project_management', 'junior'), count_min=61 count_max=61 avg_min=5889.836065573771 avg_max=7457.377049180328 median_min=5500.0 median_max=7000.0 std_dev_min=1751.7139148115089 std_dev_max=1975.2180484184055
2026-09-30 14:52:53,651 - modules.salary_history - INFO - Looking for salary history:, ('software_it', 'mid')
2026-09-30 14:52:53,651 - modules.salary_history - INFO - Salary lookup: ('software_it', 'mid'), count_min=505 count_max=505 avg_min=8676.440264026403 avg_max=12354.390099009901 median_min=7450.0 median_max=11100.0 std_dev_min=3595.8981301534177 std_dev_max=4288.264336088859
2026-09-30 14:52:53,655 - modules.salary_history - INFO - Looking for salary history:, ('sales_customer_service', 'junior')
2026-09-30 14:52:53,655 - modules.salary_history - INFO - Salary lookup: ('sales_customer_service', 'junior'), count_min=164 count_max=164 avg_min=5749.426829268293 avg_max=8203.19512195122 median_min=5500.0 median_max=8000.0 std_dev_min=1608.8244882139884 std_dev_max=1570.0371176029264
2026-09-30 14:52:53,658 - modules.salary_history - INFO - Looking for salary history:, ('finance_accounting', 'junior')
2026-09-30 14:52:53,658 - modules.salary_history - INFO - Salary lookup: ('finance_accounting', 'junior'), count_min=696 count_max=696 avg_min=5279.14367816092 avg_max=7454.270114942528 median_min=5000.0 median_max=7500.0 std_dev_min=969.1517388912574 std_dev_max=1463.5155610503543
2026-09-30 14:52:53,669 - modules.salary_history - INFO - Looking for salary history:, ('administration', 'senior')
2026-09-30 14:52:53,670 - modules.salary_history - INFO - Salary lookup: ('administration', 'senior'), count_min=8 count_max=8 avg_min=7250.0 avg_max=9925.0 median_min=7000.0 median_max=9400.0 std_dev_min=1164.964745021435 std_dev_max=2108.3168642308015
2026-09-30 14:52:53,689 - modules.salary_history - INFO - Looking for salary history:, ('data_analytics', 'mid')
2026-09-30 14:52:53,689 - modules.salary_history - INFO - Salary lookup: ('data_analytics', 'mid'), count_min=2127 count_max=2127 avg_min=9315.26531891553 avg_max=15317.084782949381 median_min=9000.0 median_max=16000.0 std_dev_min=2578.855395744559 std_dev_max=3929.014794237795
2026-09-30 14:52:53,700 - modules.salary_history - INFO - Looking for salary history:, ('finance_accounting', 'mid')
2026-09-30 14:52:53,700 - modules.salary_history - INFO - Salary lookup: ('finance_accounting', 'mid'), count_min=1002 count_max=1002 avg_min=7232.041916167665 avg_max=10088.20359281437 median_min=7000.0 median_max=10000.0 std_dev_min=1511.6394888647312 std_dev_max=1987.2566461052725
2026-09-30 14:52:53,704 - modules.salary_history - INFO - Looking for salary history:, ('project_management', 'mid')
2026-09-30 14:52:53,705 - modules.salary_history - INFO - Salary lookup: ('project_management', 'mid'), count_min=67 count_max=67 avg_min=7792.835820895522 avg_max=10473.134328358208 median_min=7000.0 median_max=9500.0 std_dev_min=3453.105236691624 std_dev_max=4290.7858321570975
2026-09-30 14:52:53,715 - modules.salary_history - INFO - Looking for salary history:, ('legal_compliance_risk', 'senior')
2026-09-30 14:52:53,715 - modules.salary_history - INFO - Salary lookup: ('legal_compliance_risk', 'senior'), count_min=9 count_max=9 avg_min=7000.0 avg_max=8555.555555555555 median_min=7000.0 median_max=8500.0 std_dev_min=0.0 std_dev_max=166.66666666666666
2026-09-30 14:52:53,730 - modules.salary_history - INFO - Looking for salary history:, ('finance_accounting', 'mid')
2026-09-30 14:52:53,731 - modules.salary_history - INFO - Salary lookup: ('finance_accounting', 'mid'), count_min=1002 count_max=1002 avg_min=7232.041916167665 avg_max=10088.20359281437 median_min=7000.0 median_max=10000.0 std_dev_min=1511.6394888647312 std_dev_max=1987.2566461052725
2026-09-30 14:52:53,740 - modules.salary_history - INFO - Looking for salary history:, ('logistics_supply_chain', 'mid')
2026-09-30 14:52:53,740 - modules.salary_history - INFO - Salary lookup: ('logistics_supply_chain', 'mid'), count_min=1142 count_max=1142 avg_min=7061.37302977233 avg_max=9427.69877408056 median_min=7000.0 median_max=8500.0 std_dev_min=1502.211187945818 std_dev_max=5502.350087223172
2026-09-30 14:52:53,749 - modules.salary_history - INFO - Looking for salary history:, ('data_analytics', 'mid')
2026-09-30 14:52:53,750 - modules.salary_history - INFO - Salary lookup: ('data_analytics', 'mid'), count_min=2127 count_max=2127 avg_min=9315.26531891553 avg_max=15317.084782949381 median_min=9000.0 median_max=16000.0 std_dev_min=2578.855395744559 std_dev_max=3929.014794237795
2026-09-30 14:52:53,752 - modules.salary_history - INFO - Looking for salary history:, ('data_analytics', 'junior')
2026-09-30 14:52:53,752 - modules.salary_history - INFO - Salary lookup: ('data_analytics', 'junior'), count_min=831 count_max=831 avg_min=7001.696750902527 avg_max=9231.386281588448 median_min=7000.0 median_max=9100.0 std_dev_min=1524.4586270278216 std_dev_max=1924.9261763355235
2026-09-30 14:52:53,759 - modules.salary_history - INFO - Looking for salary history:, ('logistics_supply_chain', 'mid')
2026-09-30 14:52:53,759 - modules.salary_history - INFO - Salary lookup: ('logistics_supply_chain', 'mid'), count_min=1142 count_max=1142 avg_min=7061.37302977233 avg_max=9427.69877408056 median_min=7000.0 median_max=8500.0 std_dev_min=1502.211187945818 std_dev_max=5502.350087223172
2026-09-30 14:52:53,762 - modules.salary_history - INFO - Looking for salary history:, ('data_analytics', 'mid')
2026-09-30 14:52:53,762 - modules.salary_history - INFO - Salary lookup: ('data_analytics', 'mid'), count_min=2127 count_max=2127 avg_min=9315.26531891553 avg_max=15317.084782949381 median_min=9000.0 median_max=16000.0 std_dev_min=2578.855395744559 std_dev_max=3929.014794237795
2026-09-30 14:52:53,782 - modules.salary_history - INFO - Looking for salary history:, ('data_analytics', 'mid')
2026-09-30 14:52:53,782 - modules.salary_history - INFO - Salary lookup: ('data_analytics', 'mid'), count_min=2127 count_max=2127 avg_min=9315.26531891553 avg_max=15317.084782949381 median_min=9000.0 median_max=16000.0 std_dev_min=2578.855395744559 std_dev_max=3929.014794237795
2026-09-30 14:52:53,797 - modules.salary_history - INFO - Looking for salary history:, ('finance_accounting', 'mid')
2026-09-30 14:52:53,797 - modules.salary_history - INFO - Salary lookup: ('finance_accounting', 'mid'), count_min=1002 count_max=1002 avg_min=7232.041916167665 avg_max=10088.20359281437 median_min=7000.0 median_max=10000.0 std_dev_min=1511.6394888647312 std_dev_max=1987.2566461052725
2026-09-30 14:52:53,800 - modules.salary_history - INFO - Looking for salary history:, ('data_analytics', 'junior')
2026-09-30 14:52:53,800 - modules.salary_history - INFO - Salary lookup: ('data_analytics', 'junior'), count_min=831 count_max=831 avg_min=7001.696750902527 avg_max=9231.386281588448 median_min=7000.0 median_max=9100.0 std_dev_min=1524.4586270278216 std_dev_max=1924.9261763355235
2026-09-30 14:52:53,803 - modules.salary_history - INFO - Looking for salary history:, ('data_analytics', 'mid')
2026-09-30 14:52:53,803 - modules.salary_history - INFO - Salary lookup: ('data_analytics', 'mid'), count_min=2127 count_max=2127 avg_min=9315.26531891553 avg_max=15317.084782949381 median_min=9000.0 median_max=16000.0 std_dev_min=2578.855395744559 std_dev_max=3929.014794237795
2026-09-30 14:52:53,807 - modules.salary_history - INFO - Looking for salary history:, ('data_analytics', 'mid')
2026-09-30 14:52:53,808 - modules.salary_history - INFO - Salary lookup: ('data_analytics', 'mid'), count_min=2127 count_max=2127 avg_min=9315.26531891553 avg_max=15317.084782949381 median_min=9000.0 median_max=16000.0 std_dev_min=2578.855395744559 std_dev_max=3929.014794237795
2026-09-30 14:52:53,810 - modules.salary_history - INFO - Looking for salary history:, ('data_analytics', 'mid')
2026-09-30 14:52:53,810 - modules.salary_history - INFO - Salary lookup: ('data_analytics', 'mid'), count_min=2127 count_max=2127 avg_min=9315.26531891553 avg_max=15317.084782949381 median_min=9000.0 median_max=16000.0 std_dev_min=2578.855395744559 std_dev_max=3929.014794237795
2026-09-30 14:52:53,814 - modules.salary_history - INFO - Looking for salary history:, ('sales_customer_service', 'mid')
2026-09-30 14:52:53,814 - modules.salary_history - INFO - Salary lookup: ('sales_customer_service', 'mid'), count_min=396 count_max=396 avg_min=5881.416666666667 avg_max=8385.348484848484 median_min=5677.0 median_max=8000.0 std_dev_min=1083.4858632316275 std_dev_max=1805.6980219863158
2026-09-30 14:52:53,817 - modules.salary_history - INFO - Looking for salary history:, ('customer_operations', 'mid')
2026-09-30 14:52:53,817 - modules.salary_history - INFO - Salary lookup: ('customer_operations', 'mid'), count_min=59 count_max=59 avg_min=8393.49152542373 avg_max=9434.661016949152 median_min=6600.0 median_max=7200.0 std_dev_min=3396.4313999015626 std_dev_max=3111.716299951709
2026-09-30 14:52:53,829 - modules.salary_history - INFO - Looking for salary history:, ('finance_accounting', 'mid')
2026-09-30 14:52:53,830 - modules.salary_history - INFO - Salary lookup: ('finance_accounting', 'mid'), count_min=1002 count_max=1002 avg_min=7232.041916167665 avg_max=10088.20359281437 median_min=7000.0 median_max=10000.0 std_dev_min=1511.6394888647312 std_dev_max=1987.2566461052725
2026-09-30 14:52:53,833 - modules.salary_history - INFO - Looking for salary history:, ('finance_accounting', 'mid')
2026-09-30 14:52:53,833 - modules.salary_history - INFO - Salary lookup: ('finance_accounting', 'mid'), count_min=1002 count_max=1002 avg_min=7232.041916167665 avg_max=10088.20359281437 median_min=7000.0 median_max=10000.0 std_dev_min=1511.6394888647312 std_dev_max=1987.2566461052725
2026-09-30 14:52:53,874 - modules.salary_history - INFO - Looking for salary history:, ('administration', 'senior')
2026-09-30 14:52:53,875 - modules.salary_history - INFO - Salary lookup: ('administration', 'senior'), count_min=8 count_max=8 avg_min=7250.0 avg_max=9925.0 median_min=7000.0 median_max=9400.0 std_dev_min=1164.964745021435 std_dev_max=2108.3168642308015
2026-09-30 14:52:53,877 - modules.salary_history - INFO - Looking for salary history:, ('administration', 'mid')
2026-09-30 14:52:53,878 - modules.salary_history - INFO - Salary lookup: ('administration', 'mid'), count_min=894 count_max=894 avg_min=6190.884787472036 avg_max=7772.890380313199 median_min=6000.0 median_max=7000.0 std_dev_min=1715.7885545983888 std_dev_max=2719.2228332075842
2026-09-30 14:52:53,881 - modules.salary_history - INFO - Looking for salary history:, ('logistics_supply_chain', 'mid')
2026-09-30 14:52:53,881 - modules.salary_history - INFO - Salary lookup: ('logistics_supply_chain', 'mid'), count_min=1142 count_max=1142 avg_min=7061.37302977233 avg_max=9427.69877408056 median_min=7000.0 median_max=8500.0 std_dev_min=1502.211187945818 std_dev_max=5502.350087223172
2026-09-30 14:52:53,884 - modules.salary_history - INFO - Looking for salary history:, ('finance_accounting', 'mid')
2026-09-30 14:52:53,884 - modules.salary_history - INFO - Salary lookup: ('finance_accounting', 'mid'), count_min=1002 count_max=1002 avg_min=7232.041916167665 avg_max=10088.20359281437 median_min=7000.0 median_max=10000.0 std_dev_min=1511.6394888647312 std_dev_max=1987.2566461052725
2026-09-30 14:52:53,891 - modules.salary_history - INFO - Looking for salary history:, ('sales_customer_service', 'junior')
2026-09-30 14:52:53,891 - modules.salary_history - INFO - Salary lookup: ('sales_customer_service', 'junior'), count_min=164 count_max=164 avg_min=5749.426829268293 avg_max=8203.19512195122 median_min=5500.0 median_max=8000.0 std_dev_min=1608.8244882139884 std_dev_max=1570.0371176029264
2026-09-30 14:52:53,909 - modules.salary_history - INFO - Looking for salary history:, ('logistics_supply_chain', 'intern')
2026-09-30 14:52:53,910 - modules.salary_history - INFO - Salary lookup: ('logistics_supply_chain', 'intern'), count_min=37 count_max=37 avg_min=6161.405405405405 avg_max=7028.4324324324325 median_min=5720.0 median_max=6470.0 std_dev_min=904.9406198892419 std_dev_max=1222.3432992171804
2026-09-30 14:52:53,981 - modules.salary_history - INFO - Looking for salary history:, ('engineering_production', 'manager')
2026-09-30 14:52:53,982 - modules.salary_history - INFO - Salary lookup: ('engineering_production', 'manager'), count_min=10 count_max=10 avg_min=13196.0 avg_max=17596.0 median_min=15000.0 median_max=20000.0 std_dev_min=3833.441157903837 std_dev_max=5264.234037350543
2026-09-30 14:52:54,044 - modules.salary_history - INFO - Looking for salary history:, ('administration', 'junior')
2026-09-30 14:52:54,044 - modules.salary_history - INFO - Salary lookup: ('administration', 'junior'), count_min=520 count_max=520 avg_min=5589.9365384615385 avg_max=7111.6442307692305 median_min=5500.0 median_max=7000.0 std_dev_min=782.7420417127731 std_dev_max=1493.4086349778422
2026-09-30 14:52:54,052 - modules.salary_history - INFO - Looking for salary history:, ('administration', 'senior')
2026-09-30 14:52:54,053 - modules.salary_history - INFO - Salary lookup: ('administration', 'senior'), count_min=8 count_max=8 avg_min=7250.0 avg_max=9925.0 median_min=7000.0 median_max=9400.0 std_dev_min=1164.964745021435 std_dev_max=2108.3168642308015
2026-09-30 14:52:54,056 - modules.salary_history - INFO - Looking for salary history:, ('it_support', 'mid')
2026-09-30 14:52:54,056 - modules.salary_history - INFO - Salary lookup: ('it_support', 'mid'), count_min=130 count_max=130 avg_min=6961.4384615384615 avg_max=9987.030769230769 median_min=7000.0 median_max=10000.0 std_dev_min=1171.6752996507046 std_dev_max=2041.5886994325194
2026-09-30 14:52:54,066 - modules.salary_history - INFO - Looking for salary history:, ('administration', 'mid')
2026-09-30 14:52:54,066 - modules.salary_history - INFO - Salary lookup: ('administration', 'mid'), count_min=894 count_max=894 avg_min=6190.884787472036 avg_max=7772.890380313199 median_min=6000.0 median_max=7000.0 std_dev_min=1715.7885545983888 std_dev_max=2719.2228332075842
2026-09-30 14:52:54,070 - modules.salary_history - INFO - Looking for salary history:, ('logistics_supply_chain', 'mid')
2026-09-30 14:52:54,070 - modules.salary_history - INFO - Salary lookup: ('logistics_supply_chain', 'mid'), count_min=1142 count_max=1142 avg_min=7061.37302977233 avg_max=9427.69877408056 median_min=7000.0 median_max=8500.0 std_dev_min=1502.211187945818 std_dev_max=5502.350087223172
2026-09-30 14:52:54,074 - modules.salary_history - INFO - Looking for salary history:, ('finance_accounting', 'junior')
2026-09-30 14:52:54,074 - modules.salary_history - INFO - Salary lookup: ('finance_accounting', 'junior'), count_min=696 count_max=696 avg_min=5279.14367816092 avg_max=7454.270114942528 median_min=5000.0 median_max=7500.0 std_dev_min=969.1517388912574 std_dev_max=1463.5155610503543
2026-09-30 14:52:54,080 - modules.salary_history - INFO - Looking for salary history:, ('data_analytics', 'junior')
2026-09-30 14:52:54,080 - modules.salary_history - INFO - Salary lookup: ('data_analytics', 'junior'), count_min=831 count_max=831 avg_min=7001.696750902527 avg_max=9231.386281588448 median_min=7000.0 median_max=9100.0 std_dev_min=1524.4586270278216 std_dev_max=1924.9261763355235
2026-09-30 14:52:54,083 - modules.salary_history - INFO - Looking for salary history:, ('finance_accounting', 'junior')
2026-09-30 14:52:54,083 - modules.salary_history - INFO - Salary lookup: ('finance_accounting', 'junior'), count_min=696 count_max=696 avg_min=5279.14367816092 avg_max=7454.270114942528 median_min=5000.0 median_max=7500.0 std_dev_min=969.1517388912574 std_dev_max=1463.5155610503543
2026-09-30 14:52:54,086 - modules.salary_history - INFO - Looking for salary history:, ('data_analytics', 'mid')
2026-09-30 14:52:54,086 - modules.salary_history - INFO - Salary lookup: ('data_analytics', 'mid'), count_min=2127 count_max=2127 avg_min=9315.26531891553 avg_max=15317.084782949381 median_min=9000.0 median_max=16000.0 std_dev_min=2578.855395744559 std_dev_max=3929.014794237795
2026-09-30 14:52:54,095 - modules.salary_history - INFO - Looking for salary history:, ('hr', 'junior')
2026-09-30 14:52:54,096 - modules.salary_history - INFO - Salary lookup: ('hr', 'junior'), count_min=97 count_max=97 avg_min=5934.639175257732 avg_max=6970.103092783505 median_min=6000.0 median_max=7000.0 std_dev_min=368.3353936282973 std_dev_max=654.0204106864721
2026-09-30 14:52:54,098 - modules.salary_history - INFO - Looking for salary history:, ('logistics_supply_chain', 'mid')
2026-09-30 14:52:54,099 - modules.salary_history - INFO - Salary lookup: ('logistics_supply_chain', 'mid'), count_min=1142 count_max=1142 avg_min=7061.37302977233 avg_max=9427.69877408056 median_min=7000.0 median_max=8500.0 std_dev_min=1502.211187945818 std_dev_max=5502.350087223172
2026-09-30 14:52:54,101 - modules.salary_history - INFO - Looking for salary history:, ('data_analytics', 'junior')
2026-09-30 14:52:54,101 - modules.salary_history - INFO - Salary lookup: ('data_analytics', 'junior'), count_min=831 count_max=831 avg_min=7001.696750902527 avg_max=9231.386281588448 median_min=7000.0 median_max=9100.0 std_dev_min=1524.4586270278216 std_dev_max=1924.9261763355235
2026-09-30 14:52:54,105 - modules.salary_history - INFO - Looking for salary history:, ('legal_compliance_risk', 'senior')
2026-09-30 14:52:54,105 - modules.salary_history - INFO - Salary lookup: ('legal_compliance_risk', 'senior'), count_min=9 count_max=9 avg_min=7000.0 avg_max=8555.555555555555 median_min=7000.0 median_max=8500.0 std_dev_min=0.0 std_dev_max=166.66666666666666
2026-09-30 14:52:54,108 - modules.salary_history - INFO - Looking for salary history:, ('finance_accounting', 'mid')
2026-09-30 14:52:54,109 - modules.salary_history - INFO - Salary lookup: ('finance_accounting', 'mid'), count_min=1002 count_max=1002 avg_min=7232.041916167665 avg_max=10088.20359281437 median_min=7000.0 median_max=10000.0 std_dev_min=1511.6394888647312 std_dev_max=1987.2566461052725
2026-09-30 14:52:54,112 - modules.salary_history - INFO - Looking for salary history:, ('medical', 'mid')
2026-09-30 14:52:54,112 - modules.salary_history - INFO - Salary lookup: ('medical', 'mid'), count_min=3 count_max=3 avg_min=8000.0 avg_max=10000.0 median_min=8000.0 median_max=10000.0 std_dev_min=0.0 std_dev_max=0.0
2026-09-30 14:52:54,115 - modules.salary_history - INFO - Looking for salary history:, ('logistics_supply_chain', 'manager')
2026-09-30 14:52:54,115 - modules.salary_history - INFO - Salary lookup: ('logistics_supply_chain', 'manager'), count_min=123 count_max=123 avg_min=7410.032520325203 avg_max=12176.991869918698 median_min=7000.0 median_max=11000.0 std_dev_min=2029.6244986428246 std_dev_max=4109.349383100976
2026-09-30 14:52:54,136 - modules.salary_history - INFO - Looking for salary history:, ('administration', 'mid')
2026-09-30 14:52:54,137 - modules.salary_history - INFO - Salary lookup: ('administration', 'mid'), count_min=894 count_max=894 avg_min=6190.884787472036 avg_max=7772.890380313199 median_min=6000.0 median_max=7000.0 std_dev_min=1715.7885545983888 std_dev_max=2719.2228332075842
2026-09-30 14:52:54,189 - modules.salary_history - INFO - Looking for salary history:, ('sales_customer_service', 'mid')
2026-09-30 14:52:54,190 - modules.salary_history - INFO - Salary lookup: ('sales_customer_service', 'mid'), count_min=396 count_max=396 avg_min=5881.416666666667 avg_max=8385.348484848484 median_min=5677.0 median_max=8000.0 std_dev_min=1083.4858632316275 std_dev_max=1805.6980219863158
2026-09-30 14:52:54,194 - modules.salary_history - INFO - Looking for salary history:, ('logistics_supply_chain', 'junior')
2026-09-30 14:52:54,194 - modules.salary_history - INFO - Salary lookup: ('logistics_supply_chain', 'junior'), count_min=312 count_max=312 avg_min=5309.846153846154 avg_max=6689.733974358975 median_min=5000.0 median_max=6500.0 std_dev_min=671.2836113493227 std_dev_max=1010.0578680691826
2026-09-30 14:52:54,198 - modules.salary_history - INFO - Looking for salary history:, ('sales_customer_service', 'mid')
2026-09-30 14:52:54,198 - modules.salary_history - INFO - Salary lookup: ('sales_customer_service', 'mid'), count_min=396 count_max=396 avg_min=5881.416666666667 avg_max=8385.348484848484 median_min=5677.0 median_max=8000.0 std_dev_min=1083.4858632316275 std_dev_max=1805.6980219863158
2026-09-30 14:52:54,212 - modules.salary_history - INFO - Looking for salary history:, ('logistics_supply_chain', 'junior')
2026-09-30 14:52:54,213 - modules.salary_history - INFO - Salary lookup: ('logistics_supply_chain', 'junior'), count_min=312 count_max=312 avg_min=5309.846153846154 avg_max=6689.733974358975 median_min=5000.0 median_max=6500.0 std_dev_min=671.2836113493227 std_dev_max=1010.0578680691826
2026-09-30 14:52:54,216 - modules.salary_history - INFO - Looking for salary history:, ('logistics_supply_chain', 'mid')
2026-09-30 14:52:54,216 - modules.salary_history - INFO - Salary lookup: ('logistics_supply_chain', 'mid'), count_min=1142 count_max=1142 avg_min=7061.37302977233 avg_max=9427.69877408056 median_min=7000.0 median_max=8500.0 std_dev_min=1502.211187945818 std_dev_max=5502.350087223172
2026-09-30 14:52:54,238 - modules.salary_history - INFO - Looking for salary history:, ('sales_customer_service', 'mid')
2026-09-30 14:52:54,239 - modules.salary_history - INFO - Salary lookup: ('sales_customer_service', 'mid'), count_min=396 count_max=396 avg_min=5881.416666666667 avg_max=8385.348484848484 median_min=5677.0 median_max=8000.0 std_dev_min=1083.4858632316275 std_dev_max=1805.6980219863158
2026-09-30 14:52:54,243 - modules.salary_history - INFO - Looking for salary history:, ('logistics_supply_chain', 'junior')
2026-09-30 14:52:54,243 - modules.salary_history - INFO - Salary lookup: ('logistics_supply_chain', 'junior'), count_min=312 count_max=312 avg_min=5309.846153846154 avg_max=6689.733974358975 median_min=5000.0 median_max=6500.0 std_dev_min=671.2836113493227 std_dev_max=1010.0578680691826
2026-09-30 14:52:54,246 - modules.salary_history - INFO - Looking for salary history:, ('sales_customer_service', 'mid')
2026-09-30 14:52:54,246 - modules.salary_history - INFO - Salary lookup: ('sales_customer_service', 'mid'), count_min=396 count_max=396 avg_min=5881.416666666667 avg_max=8385.348484848484 median_min=5677.0 median_max=8000.0 std_dev_min=1083.4858632316275 std_dev_max=1805.6980219863158
2026-09-30 14:52:54,261 - modules.salary_history - INFO - Looking for salary history:, ('logistics_supply_chain', 'junior')
2026-09-30 14:52:54,261 - modules.salary_history - INFO - Salary lookup: ('logistics_supply_chain', 'junior'), count_min=312 count_max=312 avg_min=5309.846153846154 avg_max=6689.733974358975 median_min=5000.0 median_max=6500.0 std_dev_min=671.2836113493227 std_dev_max=1010.0578680691826
2026-09-30 14:52:54,264 - modules.salary_history - INFO - Looking for salary history:, ('logistics_supply_chain', 'junior')
2026-09-30 14:52:54,264 - modules.salary_history - INFO - Salary lookup: ('logistics_supply_chain', 'junior'), count_min=312 count_max=312 avg_min=5309.846153846154 avg_max=6689.733974358975 median_min=5000.0 median_max=6500.0 std_dev_min=671.2836113493227 std_dev_max=1010.0578680691826
2026-09-30 14:52:54,267 - modules.salary_history - INFO - Looking for salary history:, ('logistics_supply_chain', 'junior')
2026-09-30 14:52:54,267 - modules.salary_history - INFO - Salary lookup: ('logistics_supply_chain', 'junior'), count_min=312 count_max=312 avg_min=5309.846153846154 avg_max=6689.733974358975 median_min=5000.0 median_max=6500.0 std_dev_min=671.2836113493227 std_dev_max=1010.0578680691826
2026-09-30 14:52:54,270 - modules.salary_history - INFO - Looking for salary history:, ('logistics_supply_chain', 'junior')
2026-09-30 14:52:54,270 - modules.salary_history - INFO - Salary lookup: ('logistics_supply_chain', 'junior'), count_min=312 count_max=312 avg_min=5309.846153846154 avg_max=6689.733974358975 median_min=5000.0 median_max=6500.0 std_dev_min=671.2836113493227 std_dev_max=1010.0578680691826
2026-09-30 14:52:54,275 - modules.salary_history - INFO - Looking for salary history:, ('logistics_supply_chain', 'junior')
2026-09-30 14:52:54,275 - modules.salary_history - INFO - Salary lookup: ('logistics_supply_chain', 'junior'), count_min=312 count_max=312 avg_min=5309.846153846154 avg_max=6689.733974358975 median_min=5000.0 median_max=6500.0 std_dev_min=671.2836113493227 std_dev_max=1010.0578680691826
2026-09-30 14:52:54,278 - modules.salary_history - INFO - Looking for salary history:, ('logistics_supply_chain', 'junior')
2026-09-30 14:52:54,278 - modules.salary_history - INFO - Salary lookup: ('logistics_supply_chain', 'junior'), count_min=312 count_max=312 avg_min=5309.846153846154 avg_max=6689.733974358975 median_min=5000.0 median_max=6500.0 std_dev_min=671.2836113493227 std_dev_max=1010.0578680691826
2026-09-30 14:52:54,281 - modules.salary_history - INFO - Looking for salary history:, ('logistics_supply_chain', 'junior')
2026-09-30 14:52:54,281 - modules.salary_history - INFO - Salary lookup: ('logistics_supply_chain', 'junior'), count_min=312 count_max=312 avg_min=5309.846153846154 avg_max=6689.733974358975 median_min=5000.0 median_max=6500.0 std_dev_min=671.2836113493227 std_dev_max=1010.0578680691826
2026-09-30 14:52:54,284 - modules.salary_history - INFO - Looking for salary history:, ('logistics_supply_chain', 'junior')
2026-09-30 14:52:54,284 - modules.salary_history - INFO - Salary lookup: ('logistics_supply_chain', 'junior'), count_min=312 count_max=312 avg_min=5309.846153846154 avg_max=6689.733974358975 median_min=5000.0 median_max=6500.0 std_dev_min=671.2836113493227 std_dev_max=1010.0578680691826
2026-09-30 14:52:54,287 - modules.salary_history - INFO - Looking for salary history:, ('procurement', 'junior')
2026-09-30 14:52:54,288 - modules.salary_history - INFO - Salary lookup: ('procurement', 'junior'), count_min=141 count_max=141 avg_min=6523.404255319149 avg_max=8736.170212765957 median_min=6500.0 median_max=8500.0 std_dev_min=657.4450871009619 std_dev_max=1202.4544301282083
2026-09-30 14:52:54,300 - modules.salary_history - INFO - Looking for salary history:, ('it_support', 'junior')
2026-09-30 14:52:54,301 - modules.salary_history - INFO - Salary lookup: ('it_support', 'junior'), count_min=73 count_max=73 avg_min=5685.890410958904 avg_max=7214.767123287671 median_min=5500.0 median_max=7000.0 std_dev_min=1266.0819216258813 std_dev_max=1863.1818850240809
2026-09-30 14:52:54,304 - modules.salary_history - INFO - Looking for salary history:, ('logistics_supply_chain', 'junior')
2026-09-30 14:52:54,305 - modules.salary_history - INFO - Salary lookup: ('logistics_supply_chain', 'junior'), count_min=312 count_max=312 avg_min=5309.846153846154 avg_max=6689.733974358975 median_min=5000.0 median_max=6500.0 std_dev_min=671.2836113493227 std_dev_max=1010.0578680691826
2026-09-30 14:52:54,308 - modules.salary_history - INFO - Looking for salary history:, ('logistics_supply_chain', 'junior')
2026-09-30 14:52:54,308 - modules.salary_history - INFO - Salary lookup: ('logistics_supply_chain', 'junior'), count_min=312 count_max=312 avg_min=5309.846153846154 avg_max=6689.733974358975 median_min=5000.0 median_max=6500.0 std_dev_min=671.2836113493227 std_dev_max=1010.0578680691826
2026-09-30 14:52:54,311 - modules.salary_history - INFO - Looking for salary history:, ('logistics_supply_chain', 'junior')
2026-09-30 14:52:54,311 - modules.salary_history - INFO - Salary lookup: ('logistics_supply_chain', 'junior'), count_min=312 count_max=312 avg_min=5309.846153846154 avg_max=6689.733974358975 median_min=5000.0 median_max=6500.0 std_dev_min=671.2836113493227 std_dev_max=1010.0578680691826
2026-09-30 14:52:54,314 - modules.salary_history - INFO - Looking for salary history:, ('logistics_supply_chain', 'junior')
2026-09-30 14:52:54,314 - modules.salary_history - INFO - Salary lookup: ('logistics_supply_chain', 'junior'), count_min=312 count_max=312 avg_min=5309.846153846154 avg_max=6689.733974358975 median_min=5000.0 median_max=6500.0 std_dev_min=671.2836113493227 std_dev_max=1010.0578680691826
2026-09-30 14:52:54,316 - modules.salary_history - INFO - Looking for salary history:, ('logistics_supply_chain', 'junior')
2026-09-30 14:52:54,317 - modules.salary_history - INFO - Salary lookup: ('logistics_supply_chain', 'junior'), count_min=312 count_max=312 avg_min=5309.846153846154 avg_max=6689.733974358975 median_min=5000.0 median_max=6500.0 std_dev_min=671.2836113493227 std_dev_max=1010.0578680691826
2026-09-30 14:52:54,319 - modules.salary_history - INFO - Looking for salary history:, ('logistics_supply_chain', 'junior')
2026-09-30 14:52:54,319 - modules.salary_history - INFO - Salary lookup: ('logistics_supply_chain', 'junior'), count_min=312 count_max=312 avg_min=5309.846153846154 avg_max=6689.733974358975 median_min=5000.0 median_max=6500.0 std_dev_min=671.2836113493227 std_dev_max=1010.0578680691826
2026-09-30 14:52:54,323 - modules.salary_history - INFO - Looking for salary history:, ('logistics_supply_chain', 'junior')
2026-09-30 14:52:54,323 - modules.salary_history - INFO - Salary lookup: ('logistics_supply_chain', 'junior'), count_min=312 count_max=312 avg_min=5309.846153846154 avg_max=6689.733974358975 median_min=5000.0 median_max=6500.0 std_dev_min=671.2836113493227 std_dev_max=1010.0578680691826
2026-09-30 14:52:54,330 - modules.salary_history - INFO - Looking for salary history:, ('project_management', 'manager')
2026-09-30 14:52:54,331 - modules.salary_history - INFO - Salary lookup: ('project_management', 'manager'), count_min=35 count_max=35 avg_min=8704.57142857143 avg_max=15853.142857142857 median_min=6000.0 median_max=14000.0 std_dev_min=5560.799954543751 std_dev_max=5877.136042940208
2026-09-30 14:52:54,334 - modules.salary_history - INFO - Looking for salary history:, ('engineering_production', 'manager')
2026-09-30 14:52:54,334 - modules.salary_history - INFO - Salary lookup: ('engineering_production', 'manager'), count_min=10 count_max=10 avg_min=13196.0 avg_max=17596.0 median_min=15000.0 median_max=20000.0 std_dev_min=3833.441157903837 std_dev_max=5264.234037350543
2026-09-30 14:52:54,338 - modules.salary_history - INFO - Looking for salary history:, ('engineering_production', 'manager')
2026-09-30 14:52:54,338 - modules.salary_history - INFO - Salary lookup: ('engineering_production', 'manager'), count_min=10 count_max=10 avg_min=13196.0 avg_max=17596.0 median_min=15000.0 median_max=20000.0 std_dev_min=3833.441157903837 std_dev_max=5264.234037350543
2026-09-30 14:52:54,353 - modules.salary_history - INFO - Looking for salary history:, ('data_analytics', 'senior')
2026-09-30 14:52:54,354 - modules.salary_history - INFO - Salary lookup: ('data_analytics', 'senior'), count_min=147 count_max=147 avg_min=14075.659863945579 avg_max=22422.34693877551 median_min=12833.0 median_max=22400.0 std_dev_min=3546.299007506042 std_dev_max=2954.6965786624764
2026-09-30 14:52:54,365 - modules.salary_history - INFO - Looking for salary history:, ('software_it', 'junior')
2026-09-30 14:52:54,366 - modules.salary_history - INFO - Salary lookup: ('software_it', 'junior'), count_min=318 count_max=318 avg_min=6835.6163522012575 avg_max=9213.905660377359 median_min=6500.0 median_max=8750.0 std_dev_min=1693.5370236452802 std_dev_max=2162.1758648563323
2026-09-30 14:52:54,403 - modules.salary_history - INFO - Looking for salary history:, ('software_it', 'junior')
2026-09-30 14:52:54,410 - modules.salary_history - INFO - Salary lookup: ('software_it', 'junior'), count_min=318 count_max=318 avg_min=6835.6163522012575 avg_max=9213.905660377359 median_min=6500.0 median_max=8750.0 std_dev_min=1693.5370236452802 std_dev_max=2162.1758648563323
2026-09-30 14:52:54,437 - modules.salary_history - INFO - Looking for salary history:, ('customer_operations', 'mid')
2026-09-30 14:52:54,437 - modules.salary_history - INFO - Salary lookup: ('customer_operations', 'mid'), count_min=59 count_max=59 avg_min=8393.49152542373 avg_max=9434.661016949152 median_min=6600.0 median_max=7200.0 std_dev_min=3396.4313999015626 std_dev_max=3111.716299951709
2026-09-30 14:52:54,441 - modules.salary_history - INFO - Looking for salary history:, ('data_analytics', 'senior')
2026-09-30 14:52:54,442 - modules.salary_history - INFO - Salary lookup: ('data_analytics', 'senior'), count_min=147 count_max=147 avg_min=14075.659863945579 avg_max=22422.34693877551 median_min=12833.0 median_max=22400.0 std_dev_min=3546.299007506042 std_dev_max=2954.6965786624764
2026-09-30 14:52:54,445 - modules.salary_history - INFO - Looking for salary history:, ('data_analytics', 'senior')
2026-09-30 14:52:54,445 - modules.salary_history - INFO - Salary lookup: ('data_analytics', 'senior'), count_min=147 count_max=147 avg_min=14075.659863945579 avg_max=22422.34693877551 median_min=12833.0 median_max=22400.0 std_dev_min=3546.299007506042 std_dev_max=2954.6965786624764
2026-09-30 14:52:54,448 - modules.salary_history - INFO - Looking for salary history:, ('sales_customer_service', 'mid')
2026-09-30 14:52:54,449 - modules.salary_history - INFO - Salary lookup: ('sales_customer_service', 'mid'), count_min=396 count_max=396 avg_min=5881.416666666667 avg_max=8385.348484848484 median_min=5677.0 median_max=8000.0 std_dev_min=1083.4858632316275 std_dev_max=1805.6980219863158
2026-09-30 14:52:54,452 - modules.salary_history - INFO - Looking for salary history:, ('sales_customer_service', 'mid')
2026-09-30 14:52:54,452 - modules.salary_history - INFO - Salary lookup: ('sales_customer_service', 'mid'), count_min=396 count_max=396 avg_min=5881.416666666667 avg_max=8385.348484848484 median_min=5677.0 median_max=8000.0 std_dev_min=1083.4858632316275 std_dev_max=1805.6980219863158
2026-09-30 14:52:54,469 - modules.salary_history - INFO - Looking for salary history:, ('finance_accounting', 'mid')
2026-09-30 14:52:54,470 - modules.salary_history - INFO - Salary lookup: ('finance_accounting', 'mid'), count_min=1002 count_max=1002 avg_min=7232.041916167665 avg_max=10088.20359281437 median_min=7000.0 median_max=10000.0 std_dev_min=1511.6394888647312 std_dev_max=1987.2566461052725
2026-09-30 14:52:54,475 - modules.salary_history - INFO - Looking for salary history:, ('software_it', 'mid')
2026-09-30 14:52:54,529 - modules.salary_history - INFO - Salary lookup: ('software_it', 'mid'), count_min=505 count_max=505 avg_min=8676.440264026403 avg_max=12354.390099009901 median_min=7450.0 median_max=11100.0 std_dev_min=3595.8981301534177 std_dev_max=4288.264336088859
2026-09-30 14:52:54,532 - modules.salary_history - INFO - Looking for salary history:, ('procurement', 'mid')
2026-09-30 14:52:54,533 - modules.salary_history - INFO - Salary lookup: ('procurement', 'mid'), count_min=350 count_max=350 avg_min=6694.042857142857 avg_max=9492.102857142858 median_min=6550.0 median_max=9500.0 std_dev_min=1031.9430505003918 std_dev_max=1729.4754693641116
2026-09-30 14:52:54,538 - modules.salary_history - INFO - Looking for salary history:, ('data_analytics', 'junior')
2026-09-30 14:52:54,539 - modules.salary_history - INFO - Salary lookup: ('data_analytics', 'junior'), count_min=831 count_max=831 avg_min=7001.696750902527 avg_max=9231.386281588448 median_min=7000.0 median_max=9100.0 std_dev_min=1524.4586270278216 std_dev_max=1924.9261763355235
2026-09-30 14:52:54,544 - modules.salary_history - INFO - Looking for salary history:, ('data_analytics', 'mid')
2026-09-30 14:52:54,545 - modules.salary_history - INFO - Salary lookup: ('data_analytics', 'mid'), count_min=2127 count_max=2127 avg_min=9315.26531891553 avg_max=15317.084782949381 median_min=9000.0 median_max=16000.0 std_dev_min=2578.855395744559 std_dev_max=3929.014794237795
2026-09-30 14:52:54,561 - modules.salary_history - INFO - Looking for salary history:, ('finance_accounting', 'intern')
2026-09-30 14:52:54,562 - modules.salary_history - INFO - Salary lookup: ('finance_accounting', 'intern'), count_min=86 count_max=86 avg_min=6440.232558139535 avg_max=7224.186046511628 median_min=5120.0 median_max=5600.0 std_dev_min=3774.0120566982782 std_dev_max=3798.8433116089363
2026-09-30 14:52:54,567 - modules.salary_history - INFO - Looking for salary history:, ('hr', 'junior')
2026-09-30 14:52:54,567 - modules.salary_history - INFO - Salary lookup: ('hr', 'junior'), count_min=97 count_max=97 avg_min=5934.639175257732 avg_max=6970.103092783505 median_min=6000.0 median_max=7000.0 std_dev_min=368.3353936282973 std_dev_max=654.0204106864721
2026-09-30 14:52:54,578 - modules.salary_history - INFO - Looking for salary history:, ('logistics_supply_chain', 'mid')
2026-09-30 14:52:54,579 - modules.salary_history - INFO - Salary lookup: ('logistics_supply_chain', 'mid'), count_min=1142 count_max=1142 avg_min=7061.37302977233 avg_max=9427.69877408056 median_min=7000.0 median_max=8500.0 std_dev_min=1502.211187945818 std_dev_max=5502.350087223172
2026-09-30 14:52:54,588 - modules.salary_history - INFO - Looking for salary history:, ('logistics_supply_chain', 'mid')
2026-09-30 14:52:54,588 - modules.salary_history - INFO - Salary lookup: ('logistics_supply_chain', 'mid'), count_min=1142 count_max=1142 avg_min=7061.37302977233 avg_max=9427.69877408056 median_min=7000.0 median_max=8500.0 std_dev_min=1502.211187945818 std_dev_max=5502.350087223172
2026-09-30 14:52:54,614 - modules.salary_history - INFO - Looking for salary history:, ('administration', 'senior')
2026-09-30 14:52:54,614 - modules.salary_history - INFO - Salary lookup: ('administration', 'senior'), count_min=8 count_max=8 avg_min=7250.0 avg_max=9925.0 median_min=7000.0 median_max=9400.0 std_dev_min=1164.964745021435 std_dev_max=2108.3168642308015
2026-09-30 14:52:54,617 - modules.salary_history - INFO - Looking for salary history:, ('procurement', 'mid')
2026-09-30 14:52:54,617 - modules.salary_history - INFO - Salary lookup: ('procurement', 'mid'), count_min=350 count_max=350 avg_min=6694.042857142857 avg_max=9492.102857142858 median_min=6550.0 median_max=9500.0 std_dev_min=1031.9430505003918 std_dev_max=1729.4754693641116
2026-09-30 14:52:54,624 - modules.salary_history - INFO - Looking for salary history:, ('finance_accounting', 'junior')
2026-09-30 14:52:54,624 - modules.salary_history - INFO - Salary lookup: ('finance_accounting', 'junior'), count_min=696 count_max=696 avg_min=5279.14367816092 avg_max=7454.270114942528 median_min=5000.0 median_max=7500.0 std_dev_min=969.1517388912574 std_dev_max=1463.5155610503543
2026-09-30 14:52:54,627 - modules.salary_history - INFO - Looking for salary history:, ('project_management', 'mid')
2026-09-30 14:52:54,627 - modules.salary_history - INFO - Salary lookup: ('project_management', 'mid'), count_min=67 count_max=67 avg_min=7792.835820895522 avg_max=10473.134328358208 median_min=7000.0 median_max=9500.0 std_dev_min=3453.105236691624 std_dev_max=4290.7858321570975
2026-09-30 14:52:54,635 - modules.salary_history - INFO - Looking for salary history:, ('data_analytics', 'mid')
2026-09-30 14:52:54,636 - modules.salary_history - INFO - Salary lookup: ('data_analytics', 'mid'), count_min=2127 count_max=2127 avg_min=9315.26531891553 avg_max=15317.084782949381 median_min=9000.0 median_max=16000.0 std_dev_min=2578.855395744559 std_dev_max=3929.014794237795
2026-09-30 14:52:54,643 - modules.salary_history - INFO - Looking for salary history:, ('data_analytics', 'mid')
2026-09-30 14:52:54,644 - modules.salary_history - INFO - Salary lookup: ('data_analytics', 'mid'), count_min=2127 count_max=2127 avg_min=9315.26531891553 avg_max=15317.084782949381 median_min=9000.0 median_max=16000.0 std_dev_min=2578.855395744559 std_dev_max=3929.014794237795
2026-09-30 14:52:54,658 - modules.salary_history - INFO - Looking for salary history:, ('data_analytics', 'mid')
2026-09-30 14:52:54,658 - modules.salary_history - INFO - Salary lookup: ('data_analytics', 'mid'), count_min=2127 count_max=2127 avg_min=9315.26531891553 avg_max=15317.084782949381 median_min=9000.0 median_max=16000.0 std_dev_min=2578.855395744559 std_dev_max=3929.014794237795
2026-09-30 14:52:54,661 - modules.salary_history - INFO - Looking for salary history:, ('data_analytics', 'mid')
2026-09-30 14:52:54,661 - modules.salary_history - INFO - Salary lookup: ('data_analytics', 'mid'), count_min=2127 count_max=2127 avg_min=9315.26531891553 avg_max=15317.084782949381 median_min=9000.0 median_max=16000.0 std_dev_min=2578.855395744559 std_dev_max=3929.014794237795
2026-09-30 14:52:54,664 - modules.salary_history - INFO - Looking for salary history:, ('data_analytics', 'mid')
2026-09-30 14:52:54,664 - modules.salary_history - INFO - Salary lookup: ('data_analytics', 'mid'), count_min=2127 count_max=2127 avg_min=9315.26531891553 avg_max=15317.084782949381 median_min=9000.0 median_max=16000.0 std_dev_min=2578.855395744559 std_dev_max=3929.014794237795
2026-09-30 14:52:54,670 - modules.salary_history - INFO - Looking for salary history:, ('data_analytics', 'mid')
2026-09-30 14:52:54,670 - modules.salary_history - INFO - Salary lookup: ('data_analytics', 'mid'), count_min=2127 count_max=2127 avg_min=9315.26531891553 avg_max=15317.084782949381 median_min=9000.0 median_max=16000.0 std_dev_min=2578.855395744559 std_dev_max=3929.014794237795
2026-09-30 14:52:54,675 - modules.salary_history - INFO - Looking for salary history:, ('data_analytics', 'mid')
2026-09-30 14:52:54,675 - modules.salary_history - INFO - Salary lookup: ('data_analytics', 'mid'), count_min=2127 count_max=2127 avg_min=9315.26531891553 avg_max=15317.084782949381 median_min=9000.0 median_max=16000.0 std_dev_min=2578.855395744559 std_dev_max=3929.014794237795
2026-09-30 14:52:54,679 - modules.salary_history - INFO - Looking for salary history:, ('data_analytics', 'mid')
2026-09-30 14:52:54,679 - modules.salary_history - INFO - Salary lookup: ('data_analytics', 'mid'), count_min=2127 count_max=2127 avg_min=9315.26531891553 avg_max=15317.084782949381 median_min=9000.0 median_max=16000.0 std_dev_min=2578.855395744559 std_dev_max=3929.014794237795
2026-09-30 14:52:54,688 - modules.salary_history - INFO - Looking for salary history:, ('data_analytics', 'mid')
2026-09-30 14:52:54,689 - modules.salary_history - INFO - Salary lookup: ('data_analytics', 'mid'), count_min=2127 count_max=2127 avg_min=9315.26531891553 avg_max=15317.084782949381 median_min=9000.0 median_max=16000.0 std_dev_min=2578.855395744559 std_dev_max=3929.014794237795
2026-09-30 14:52:54,692 - modules.salary_history - INFO - Looking for salary history:, ('data_analytics', 'mid')
2026-09-30 14:52:54,693 - modules.salary_history - INFO - Salary lookup: ('data_analytics', 'mid'), count_min=2127 count_max=2127 avg_min=9315.26531891553 avg_max=15317.084782949381 median_min=9000.0 median_max=16000.0 std_dev_min=2578.855395744559 std_dev_max=3929.014794237795
2026-09-30 14:52:54,703 - modules.salary_history - INFO - Looking for salary history:, ('sales_customer_service', 'junior')
2026-09-30 14:52:54,704 - modules.salary_history - INFO - Salary lookup: ('sales_customer_service', 'junior'), count_min=164 count_max=164 avg_min=5749.426829268293 avg_max=8203.19512195122 median_min=5500.0 median_max=8000.0 std_dev_min=1608.8244882139884 std_dev_max=1570.0371176029264
2026-09-30 14:52:54,710 - modules.salary_history - INFO - Looking for salary history:, ('data_analytics', 'mid')
2026-09-30 14:52:54,711 - modules.salary_history - INFO - Salary lookup: ('data_analytics', 'mid'), count_min=2127 count_max=2127 avg_min=9315.26531891553 avg_max=15317.084782949381 median_min=9000.0 median_max=16000.0 std_dev_min=2578.855395744559 std_dev_max=3929.014794237795
2026-09-30 14:52:54,717 - modules.salary_history - INFO - Looking for salary history:, ('data_analytics', 'mid')
2026-09-30 14:52:54,717 - modules.salary_history - INFO - Salary lookup: ('data_analytics', 'mid'), count_min=2127 count_max=2127 avg_min=9315.26531891553 avg_max=15317.084782949381 median_min=9000.0 median_max=16000.0 std_dev_min=2578.855395744559 std_dev_max=3929.014794237795
2026-09-30 14:52:54,726 - modules.salary_history - INFO - Looking for salary history:, ('sales_customer_service', 'junior')
2026-09-30 14:52:54,727 - modules.salary_history - INFO - Salary lookup: ('sales_customer_service', 'junior'), count_min=164 count_max=164 avg_min=5749.426829268293 avg_max=8203.19512195122 median_min=5500.0 median_max=8000.0 std_dev_min=1608.8244882139884 std_dev_max=1570.0371176029264
2026-09-30 14:52:54,730 - modules.salary_history - INFO - Looking for salary history:, ('sales_customer_service', 'junior')
2026-09-30 14:52:54,730 - modules.salary_history - INFO - Salary lookup: ('sales_customer_service', 'junior'), count_min=164 count_max=164 avg_min=5749.426829268293 avg_max=8203.19512195122 median_min=5500.0 median_max=8000.0 std_dev_min=1608.8244882139884 std_dev_max=1570.0371176029264
2026-09-30 14:52:54,733 - modules.salary_history - INFO - Looking for salary history:, ('data_analytics', 'mid')
2026-09-30 14:52:54,734 - modules.salary_history - INFO - Salary lookup: ('data_analytics', 'mid'), count_min=2127 count_max=2127 avg_min=9315.26531891553 avg_max=15317.084782949381 median_min=9000.0 median_max=16000.0 std_dev_min=2578.855395744559 std_dev_max=3929.014794237795
2026-09-30 14:52:54,745 - modules.salary_history - INFO - Looking for salary history:, ('data_analytics', 'mid')
2026-09-30 14:52:54,745 - modules.salary_history - INFO - Salary lookup: ('data_analytics', 'mid'), count_min=2127 count_max=2127 avg_min=9315.26531891553 avg_max=15317.084782949381 median_min=9000.0 median_max=16000.0 std_dev_min=2578.855395744559 std_dev_max=3929.014794237795
2026-09-30 14:52:54,750 - modules.salary_history - INFO - Looking for salary history:, ('engineering_production', 'intern')
2026-09-30 14:52:54,750 - modules.salary_history - INFO - Salary lookup: ('engineering_production', 'intern'), None
2026-09-30 14:52:54,755 - modules.salary_history - INFO - Looking for salary history:, ('sales_customer_service', 'manager')
2026-09-30 14:52:54,755 - modules.salary_history - INFO - Salary lookup: ('sales_customer_service', 'manager'), None
2026-09-30 14:52:54,758 - modules.salary_history - INFO - Looking for salary history:, ('sales_customer_service', 'manager')
2026-09-30 14:52:54,759 - modules.salary_history - INFO - Salary lookup: ('sales_customer_service', 'manager'), None
2026-09-30 14:52:54,761 - modules.salary_history - INFO - Looking for salary history:, ('sales_customer_service', 'manager')
2026-09-30 14:52:54,761 - modules.salary_history - INFO - Salary lookup: ('sales_customer_service', 'manager'), None
2026-09-30 14:52:54,765 - modules.salary_history - INFO - Looking for salary history:, ('legal_compliance_risk', 'intern')
2026-09-30 14:52:54,765 - modules.salary_history - INFO - Salary lookup: ('legal_compliance_risk', 'intern'), None
2026-09-30 14:52:54,768 - modules.salary_history - INFO - Looking for salary history:, ('legal_compliance_risk', 'intern')
2026-09-30 14:52:54,768 - modules.salary_history - INFO - Salary lookup: ('legal_compliance_risk', 'intern'), None
2026-09-30 14:52:54,770 - modules.salary_history - INFO - Looking for salary history:, ('legal_compliance_risk', 'intern')
2026-09-30 14:52:54,770 - modules.salary_history - INFO - Salary lookup: ('legal_compliance_risk', 'intern'), None
2026-09-30 14:52:54,774 - modules.salary_history - INFO - Looking for salary history:, ('customer_operations', 'manager')
2026-09-30 14:52:54,775 - modules.salary_history - INFO - Salary lookup: ('customer_operations', 'manager'), None
2026-09-30 14:52:54,777 - modules.salary_history - INFO - Looking for salary history:, ('sales_customer_service', 'manager')
2026-09-30 14:52:54,778 - modules.salary_history - INFO - Salary lookup: ('sales_customer_service', 'manager'), None
2026-09-30 14:52:54,781 - modules.salary_history - INFO - Looking for salary history:, ('sales_customer_service', 'manager')
2026-09-30 14:52:54,782 - modules.salary_history - INFO - Salary lookup: ('sales_customer_service', 'manager'), None
2026-09-30 14:52:54,784 - modules.salary_history - INFO - Looking for salary history:, ('customer_operations', 'manager')
2026-09-30 14:52:54,785 - modules.salary_history - INFO - Salary lookup: ('customer_operations', 'manager'), None
2026-09-30 14:52:54,788 - modules.salary_history - INFO - Looking for salary history:, ('customer_operations', 'manager')
2026-09-30 14:52:54,788 - modules.salary_history - INFO - Salary lookup: ('customer_operations', 'manager'), None
2026-09-30 14:52:54,791 - modules.salary_history - INFO - Looking for salary history:, ('procurement', 'intern')
2026-09-30 14:52:54,791 - modules.salary_history - INFO - Salary lookup: ('procurement', 'intern'), None
2026-09-30 14:52:54,794 - modules.salary_history - INFO - Looking for salary history:, ('customer_operations', 'manager')
2026-09-30 14:52:54,794 - modules.salary_history - INFO - Salary lookup: ('customer_operations', 'manager'), None
2026-09-30 14:52:54,797 - modules.salary_history - INFO - Looking for salary history:, ('customer_operations', 'manager')
2026-09-30 14:52:54,798 - modules.salary_history - INFO - Salary lookup: ('customer_operations', 'manager'), None
2026-09-30 14:52:54,802 - modules.salary_history - INFO - Looking for salary history:, ('engineering_production', 'intern')
2026-09-30 14:52:54,802 - modules.salary_history - INFO - Salary lookup: ('engineering_production', 'intern'), None
2026-09-30 14:52:54,805 - modules.salary_history - INFO - Looking for salary history:, ('engineering_production', 'intern')
2026-09-30 14:52:54,806 - modules.salary_history - INFO - Salary lookup: ('engineering_production', 'intern'), None
2026-09-30 14:52:54,809 - modules.salary_history - INFO - Looking for salary history:, ('project_management', 'intern')
2026-09-30 14:52:54,809 - modules.salary_history - INFO - Salary lookup: ('project_management', 'intern'), None
2026-09-30 14:52:54,812 - modules.salary_history - INFO - Looking for salary history:, ('legal_compliance_risk', 'intern')
2026-09-30 14:52:54,812 - modules.salary_history - INFO - Salary lookup: ('legal_compliance_risk', 'intern'), None
2026-09-30 14:52:54,815 - modules.salary_history - INFO - Looking for salary history:, ('project_management', 'intern')
2026-09-30 14:52:54,815 - modules.salary_history - INFO - Salary lookup: ('project_management', 'intern'), None
2026-09-30 14:52:54,818 - modules.salary_history - INFO - Looking for salary history:, ('legal_compliance_risk', 'intern')
2026-09-30 14:52:54,818 - modules.salary_history - INFO - Salary lookup: ('legal_compliance_risk', 'intern'), None
2026-09-30 14:52:54,823 - modules.salary_history - INFO - Looking for salary history:, ('data_analytics', 'manager')
2026-09-30 14:52:54,823 - modules.salary_history - INFO - Salary lookup: ('data_analytics', 'manager'), count_min=1 count_max=1 avg_min=24000.0 avg_max=27000.0 median_min=24000.0 median_max=27000.0 std_dev_min=None std_dev_max=None
2026-09-30 14:52:54,826 - modules.salary_history - INFO - Looking for salary history:, ('data_analytics', 'manager')
2026-09-30 14:52:54,827 - modules.salary_history - INFO - Salary lookup: ('data_analytics', 'manager'), count_min=1 count_max=1 avg_min=24000.0 avg_max=27000.0 median_min=24000.0 median_max=27000.0 std_dev_min=None std_dev_max=None
2026-09-30 14:52:54,831 - modules.salary_history - INFO - Looking for salary history:, ('software_it', 'manager')
2026-09-30 14:52:54,831 - modules.salary_history - INFO - Salary lookup: ('software_it', 'manager'), None
2026-09-30 14:52:54,834 - modules.salary_history - INFO - Looking for salary history:, ('customer_operations', 'manager')
2026-09-30 14:52:54,834 - modules.salary_history - INFO - Salary lookup: ('customer_operations', 'manager'), None
2026-09-30 14:52:54,837 - modules.salary_history - INFO - Looking for salary history:, ('customer_operations', 'manager')
2026-09-30 14:52:54,838 - modules.salary_history - INFO - Salary lookup: ('customer_operations', 'manager'), None
2026-09-30 14:52:54,842 - modules.salary_history - INFO - Looking for salary history:, ('customer_operations', 'manager')
2026-09-30 14:52:54,842 - modules.salary_history - INFO - Salary lookup: ('customer_operations', 'manager'), None
2026-09-30 14:52:54,847 - modules.salary_history - INFO - Looking for salary history:, ('project_management', 'intern')
2026-09-30 14:52:54,847 - modules.salary_history - INFO - Salary lookup: ('project_management', 'intern'), None
2026-09-30 14:52:54,850 - modules.salary_history - INFO - Looking for salary history:, ('software_it', 'manager')
2026-09-30 14:52:54,850 - modules.salary_history - INFO - Salary lookup: ('software_it', 'manager'), None
2026-09-30 14:52:54,854 - modules.salary_history - INFO - Looking for salary history:, ('software_it', 'manager')
2026-09-30 14:52:54,854 - modules.salary_history - INFO - Salary lookup: ('software_it', 'manager'), None
2026-09-30 14:52:54,858 - modules.salary_history - INFO - Looking for salary history:, ('environment', 'manager')
2026-09-30 14:52:54,858 - modules.salary_history - INFO - Salary lookup: ('environment', 'manager'), None
2026-09-30 14:52:54,861 - modules.salary_history - INFO - Looking for salary history:, ('environment', 'manager')
2026-09-30 14:52:54,861 - modules.salary_history - INFO - Salary lookup: ('environment', 'manager'), None
2026-09-30 14:52:54,865 - modules.salary_history - INFO - Looking for salary history:, ('environment', 'manager')
2026-09-30 14:52:54,865 - modules.salary_history - INFO - Salary lookup: ('environment', 'manager'), None
2026-09-30 14:52:54,868 - modules.salary_history - INFO - Looking for salary history:, ('environment', 'manager')
2026-09-30 14:52:54,868 - modules.salary_history - INFO - Salary lookup: ('environment', 'manager'), None
2026-09-30 14:52:54,874 - modules.salary_history - INFO - Looking for salary history:, ('environment', 'manager')
2026-09-30 14:52:54,874 - modules.salary_history - INFO - Salary lookup: ('environment', 'manager'), None
2026-09-30 14:52:54,877 - modules.salary_history - INFO - Looking for salary history:, ('environment', 'manager')
2026-09-30 14:52:54,877 - modules.salary_history - INFO - Salary lookup: ('environment', 'manager'), None
2026-09-30 14:52:54,880 - modules.salary_history - INFO - Looking for salary history:, ('environment', 'manager')
2026-09-30 14:52:54,881 - modules.salary_history - INFO - Salary lookup: ('environment', 'manager'), None
2026-09-30 14:52:54,884 - modules.salary_history - INFO - Looking for salary history:, ('environment', 'manager')
2026-09-30 14:52:54,884 - modules.salary_history - INFO - Salary lookup: ('environment', 'manager'), None
2026-09-30 14:52:54,887 - modules.salary_history - INFO - Looking for salary history:, ('environment', 'manager')
2026-09-30 14:52:54,888 - modules.salary_history - INFO - Salary lookup: ('environment', 'manager'), None
2026-09-30 14:52:54,891 - modules.salary_history - INFO - Looking for salary history:, ('procurement', 'intern')
2026-09-30 14:52:54,892 - modules.salary_history - INFO - Salary lookup: ('procurement', 'intern'), None
2026-09-30 14:52:54,895 - modules.salary_history - INFO - Looking for salary history:, ('it_support', 'manager')
2026-09-30 14:52:54,895 - modules.salary_history - INFO - Salary lookup: ('it_support', 'manager'), None
2026-09-30 14:52:54,899 - modules.salary_history - INFO - Looking for salary history:, ('marketing', 'manager')
2026-09-30 14:52:54,900 - modules.salary_history - INFO - Salary lookup: ('marketing', 'manager'), None
2026-09-30 14:52:54,903 - modules.salary_history - INFO - Looking for salary history:, ('it_support', 'manager')
2026-09-30 14:52:54,903 - modules.salary_history - INFO - Salary lookup: ('it_support', 'manager'), None
2026-09-30 14:52:54,906 - modules.salary_history - INFO - Looking for salary history:, ('hr', 'senior')
2026-09-30 14:52:54,907 - modules.salary_history - INFO - Salary lookup: ('hr', 'senior'), count_min=6 count_max=6 avg_min=6500.0 avg_max=7500.0 median_min=6500.0 median_max=7500.0 std_dev_min=0.0 std_dev_max=0.0
2026-09-30 14:52:54,909 - modules.salary_history - INFO - Looking for salary history:, ('hr', 'senior')
2026-09-30 14:52:54,910 - modules.salary_history - INFO - Salary lookup: ('hr', 'senior'), count_min=6 count_max=6 avg_min=6500.0 avg_max=7500.0 median_min=6500.0 median_max=7500.0 std_dev_min=0.0 std_dev_max=0.0
2026-09-30 14:52:54,913 - modules.salary_history - INFO - Looking for salary history:, ('software_it', 'mid')
2026-09-30 14:52:54,913 - modules.salary_history - INFO - Salary lookup: ('software_it', 'mid'), count_min=505 count_max=505 avg_min=8676.440264026403 avg_max=12354.390099009901 median_min=7450.0 median_max=11100.0 std_dev_min=3595.8981301534177 std_dev_max=4288.264336088859
2026-09-30 14:52:54,916 - modules.salary_history - INFO - Looking for salary history:, ('software_it', 'mid')
2026-09-30 14:52:54,916 - modules.salary_history - INFO - Salary lookup: ('software_it', 'mid'), count_min=505 count_max=505 avg_min=8676.440264026403 avg_max=12354.390099009901 median_min=7450.0 median_max=11100.0 std_dev_min=3595.8981301534177 std_dev_max=4288.264336088859
2026-09-30 14:52:54,919 - modules.salary_history - INFO - Looking for salary history:, ('administration', 'mid')
2026-09-30 14:52:54,919 - modules.salary_history - INFO - Salary lookup: ('administration', 'mid'), count_min=894 count_max=894 avg_min=6190.884787472036 avg_max=7772.890380313199 median_min=6000.0 median_max=7000.0 std_dev_min=1715.7885545983888 std_dev_max=2719.2228332075842
2026-09-30 14:52:54,929 - modules.salary_history - INFO - Looking for salary history:, ('data_analytics', 'manager')
2026-09-30 14:52:54,930 - modules.salary_history - INFO - Salary lookup: ('data_analytics', 'manager'), count_min=1 count_max=1 avg_min=24000.0 avg_max=27000.0 median_min=24000.0 median_max=27000.0 std_dev_min=None std_dev_max=None
2026-09-30 14:52:54,933 - modules.salary_history - INFO - Looking for salary history:, ('administration', 'mid')
2026-09-30 14:52:54,933 - modules.salary_history - INFO - Salary lookup: ('administration', 'mid'), count_min=894 count_max=894 avg_min=6190.884787472036 avg_max=7772.890380313199 median_min=6000.0 median_max=7000.0 std_dev_min=1715.7885545983888 std_dev_max=2719.2228332075842
2026-09-30 14:52:54,936 - modules.salary_history - INFO - Looking for salary history:, ('software_it', 'manager')
2026-09-30 14:52:54,936 - modules.salary_history - INFO - Salary lookup: ('software_it', 'manager'), None
2026-09-30 14:52:54,940 - modules.salary_history - INFO - Looking for salary history:, ('project_management', 'manager')
2026-09-30 14:52:54,940 - modules.salary_history - INFO - Salary lookup: ('project_management', 'manager'), count_min=35 count_max=35 avg_min=8704.57142857143 avg_max=15853.142857142857 median_min=6000.0 median_max=14000.0 std_dev_min=5560.799954543751 std_dev_max=5877.136042940208
2026-09-30 14:52:54,943 - modules.salary_history - INFO - Looking for salary history:, ('project_management', 'manager')
2026-09-30 14:52:54,943 - modules.salary_history - INFO - Salary lookup: ('project_management', 'manager'), count_min=35 count_max=35 avg_min=8704.57142857143 avg_max=15853.142857142857 median_min=6000.0 median_max=14000.0 std_dev_min=5560.799954543751 std_dev_max=5877.136042940208
2026-09-30 14:52:54,946 - modules.salary_history - INFO - Looking for salary history:, ('administration', 'mid')
2026-09-30 14:52:54,946 - modules.salary_history - INFO - Salary lookup: ('administration', 'mid'), count_min=894 count_max=894 avg_min=6190.884787472036 avg_max=7772.890380313199 median_min=6000.0 median_max=7000.0 std_dev_min=1715.7885545983888 std_dev_max=2719.2228332075842
2026-09-30 14:52:54,949 - modules.salary_history - INFO - Looking for salary history:, ('logistics_supply_chain', 'junior')
2026-09-30 14:52:54,949 - modules.salary_history - INFO - Salary lookup: ('logistics_supply_chain', 'junior'), count_min=312 count_max=312 avg_min=5309.846153846154 avg_max=6689.733974358975 median_min=5000.0 median_max=6500.0 std_dev_min=671.2836113493227 std_dev_max=1010.0578680691826
2026-09-30 14:52:54,953 - modules.salary_history - INFO - Looking for salary history:, ('sales_customer_service', 'junior')
2026-09-30 14:52:54,953 - modules.salary_history - INFO - Salary lookup: ('sales_customer_service', 'junior'), count_min=164 count_max=164 avg_min=5749.426829268293 avg_max=8203.19512195122 median_min=5500.0 median_max=8000.0 std_dev_min=1608.8244882139884 std_dev_max=1570.0371176029264
2026-09-30 14:52:54,961 - modules.salary_history - INFO - Looking for salary history:, ('finance_accounting', 'junior')
2026-09-30 14:52:54,962 - modules.salary_history - INFO - Salary lookup: ('finance_accounting', 'junior'), count_min=696 count_max=696 avg_min=5279.14367816092 avg_max=7454.270114942528 median_min=5000.0 median_max=7500.0 std_dev_min=969.1517388912574 std_dev_max=1463.5155610503543
2026-09-30 14:52:54,965 - modules.salary_history - INFO - Looking for salary history:, ('sales_customer_service', 'mid')
2026-09-30 14:52:54,965 - modules.salary_history - INFO - Salary lookup: ('sales_customer_service', 'mid'), count_min=396 count_max=396 avg_min=5881.416666666667 avg_max=8385.348484848484 median_min=5677.0 median_max=8000.0 std_dev_min=1083.4858632316275 std_dev_max=1805.6980219863158
2026-09-30 14:52:54,968 - modules.salary_history - INFO - Looking for salary history:, ('finance_accounting', 'mid')
2026-09-30 14:52:54,968 - modules.salary_history - INFO - Salary lookup: ('finance_accounting', 'mid'), count_min=1002 count_max=1002 avg_min=7232.041916167665 avg_max=10088.20359281437 median_min=7000.0 median_max=10000.0 std_dev_min=1511.6394888647312 std_dev_max=1987.2566461052725
2026-09-30 14:52:54,973 - modules.salary_history - INFO - Looking for salary history:, ('sales_customer_service', 'mid')
2026-09-30 14:52:54,973 - modules.salary_history - INFO - Salary lookup: ('sales_customer_service', 'mid'), count_min=396 count_max=396 avg_min=5881.416666666667 avg_max=8385.348484848484 median_min=5677.0 median_max=8000.0 std_dev_min=1083.4858632316275 std_dev_max=1805.6980219863158
2026-09-30 14:52:54,976 - modules.salary_history - INFO - Looking for salary history:, ('finance_accounting', 'mid')
2026-09-30 14:52:54,977 - modules.salary_history - INFO - Salary lookup: ('finance_accounting', 'mid'), count_min=1002 count_max=1002 avg_min=7232.041916167665 avg_max=10088.20359281437 median_min=7000.0 median_max=10000.0 std_dev_min=1511.6394888647312 std_dev_max=1987.2566461052725
2026-09-30 14:52:55,001 - modules.salary_history - INFO - Looking for salary history:, ('administration', 'mid')
2026-09-30 14:52:55,002 - modules.salary_history - INFO - Salary lookup: ('administration', 'mid'), count_min=894 count_max=894 avg_min=6190.884787472036 avg_max=7772.890380313199 median_min=6000.0 median_max=7000.0 std_dev_min=1715.7885545983888 std_dev_max=2719.2228332075842
2026-09-30 14:52:55,018 - modules.salary_history - INFO - Looking for salary history:, ('administration', 'mid')
2026-09-30 14:52:55,018 - modules.salary_history - INFO - Salary lookup: ('administration', 'mid'), count_min=894 count_max=894 avg_min=6190.884787472036 avg_max=7772.890380313199 median_min=6000.0 median_max=7000.0 std_dev_min=1715.7885545983888 std_dev_max=2719.2228332075842
2026-09-30 14:52:55,022 - modules.salary_history - INFO - Looking for salary history:, ('administration', 'senior')
2026-09-30 14:52:55,023 - modules.salary_history - INFO - Salary lookup: ('administration', 'senior'), count_min=8 count_max=8 avg_min=7250.0 avg_max=9925.0 median_min=7000.0 median_max=9400.0 std_dev_min=1164.964745021435 std_dev_max=2108.3168642308015
2026-09-30 14:52:55,063 - modules.salary_history - INFO - Looking for salary history:, ('engineering_production', 'mid')
2026-09-30 14:52:55,063 - modules.salary_history - INFO - Salary lookup: ('engineering_production', 'mid'), count_min=162 count_max=162 avg_min=6460.123456790124 avg_max=9375.061728395061 median_min=6000.0 median_max=9000.0 std_dev_min=1832.4710898736598 std_dev_max=2557.960233305465
2026-09-30 14:52:55,070 - modules.salary_history - INFO - Looking for salary history:, ('software_it', 'mid')
2026-09-30 14:52:55,071 - modules.salary_history - INFO - Salary lookup: ('software_it', 'mid'), count_min=505 count_max=505 avg_min=8676.440264026403 avg_max=12354.390099009901 median_min=7450.0 median_max=11100.0 std_dev_min=3595.8981301534177 std_dev_max=4288.264336088859
2026-09-30 14:52:55,083 - modules.salary_history - INFO - Looking for salary history:, ('sales_customer_service', 'mid')
2026-09-30 14:52:55,083 - modules.salary_history - INFO - Salary lookup: ('sales_customer_service', 'mid'), count_min=396 count_max=396 avg_min=5881.416666666667 avg_max=8385.348484848484 median_min=5677.0 median_max=8000.0 std_dev_min=1083.4858632316275 std_dev_max=1805.6980219863158
2026-09-30 14:52:55,106 - modules.salary_history - INFO - Looking for salary history:, ('software_it', 'mid')
2026-09-30 14:52:55,107 - modules.salary_history - INFO - Salary lookup: ('software_it', 'mid'), count_min=505 count_max=505 avg_min=8676.440264026403 avg_max=12354.390099009901 median_min=7450.0 median_max=11100.0 std_dev_min=3595.8981301534177 std_dev_max=4288.264336088859
2026-09-30 14:52:55,160 - modules.salary_history - INFO - Looking for salary history:, ('data_analytics', 'junior')
2026-09-30 14:52:55,160 - modules.salary_history - INFO - Salary lookup: ('data_analytics', 'junior'), count_min=831 count_max=831 avg_min=7001.696750902527 avg_max=9231.386281588448 median_min=7000.0 median_max=9100.0 std_dev_min=1524.4586270278216 std_dev_max=1924.9261763355235
2026-09-30 14:52:55,162 - modules.salary_history - INFO - Looking for salary history:, ('data_analytics', 'junior')
2026-09-30 14:52:55,162 - modules.salary_history - INFO - Salary lookup: ('data_analytics', 'junior'), count_min=831 count_max=831 avg_min=7001.696750902527 avg_max=9231.386281588448 median_min=7000.0 median_max=9100.0 std_dev_min=1524.4586270278216 std_dev_max=1924.9261763355235
2026-09-30 14:52:55,165 - modules.salary_history - INFO - Looking for salary history:, ('engineering_production', 'mid')
2026-09-30 14:52:55,165 - modules.salary_history - INFO - Salary lookup: ('engineering_production', 'mid'), count_min=162 count_max=162 avg_min=6460.123456790124 avg_max=9375.061728395061 median_min=6000.0 median_max=9000.0 std_dev_min=1832.4710898736598 std_dev_max=2557.960233305465
2026-09-30 14:52:55,169 - modules.salary_history - INFO - Looking for salary history:, ('it_support', 'junior')
2026-09-30 14:52:55,170 - modules.salary_history - INFO - Salary lookup: ('it_support', 'junior'), count_min=73 count_max=73 avg_min=5685.890410958904 avg_max=7214.767123287671 median_min=5500.0 median_max=7000.0 std_dev_min=1266.0819216258813 std_dev_max=1863.1818850240809
2026-09-30 14:52:55,175 - modules.salary_history - INFO - Looking for salary history:, ('finance_accounting', 'junior')
2026-09-30 14:52:55,175 - modules.salary_history - INFO - Salary lookup: ('finance_accounting', 'junior'), count_min=696 count_max=696 avg_min=5279.14367816092 avg_max=7454.270114942528 median_min=5000.0 median_max=7500.0 std_dev_min=969.1517388912574 std_dev_max=1463.5155610503543
2026-09-30 14:52:55,178 - modules.salary_history - INFO - Looking for salary history:, ('marketing', 'mid')
2026-09-30 14:52:55,178 - modules.salary_history - INFO - Salary lookup: ('marketing', 'mid'), count_min=107 count_max=107 avg_min=7885.046728971963 avg_max=10598.130841121496 median_min=8000.0 median_max=10500.0 std_dev_min=1607.3418662979864 std_dev_max=2336.3809018582892
2026-09-30 14:52:55,186 - modules.salary_history - INFO - Looking for salary history:, ('hr', 'manager')
2026-09-30 14:52:55,186 - modules.salary_history - INFO - Salary lookup: ('hr', 'manager'), count_min=1 count_max=1 avg_min=15000.0 avg_max=31700.0 median_min=15000.0 median_max=31700.0 std_dev_min=None std_dev_max=None
2026-09-30 14:52:55,195 - modules.salary_history - INFO - Looking for salary history:, ('hr', 'manager')
2026-09-30 14:52:55,195 - modules.salary_history - INFO - Salary lookup: ('hr', 'manager'), count_min=1 count_max=1 avg_min=15000.0 avg_max=31700.0 median_min=15000.0 median_max=31700.0 std_dev_min=None std_dev_max=None
2026-09-30 14:52:55,206 - modules.salary_history - INFO - Looking for salary history:, ('data_analytics', 'junior')
2026-09-30 14:52:55,206 - modules.salary_history - INFO - Salary lookup: ('data_analytics', 'junior'), count_min=831 count_max=831 avg_min=7001.696750902527 avg_max=9231.386281588448 median_min=7000.0 median_max=9100.0 std_dev_min=1524.4586270278216 std_dev_max=1924.9261763355235
2026-09-30 14:52:55,209 - modules.salary_history - INFO - Looking for salary history:, ('software_it', 'junior')
2026-09-30 14:52:55,209 - modules.salary_history - INFO - Salary lookup: ('software_it', 'junior'), count_min=318 count_max=318 avg_min=6835.6163522012575 avg_max=9213.905660377359 median_min=6500.0 median_max=8750.0 std_dev_min=1693.5370236452802 std_dev_max=2162.1758648563323
2026-09-30 14:52:55,213 - modules.salary_history - INFO - Looking for salary history:, ('data_analytics', 'junior')
2026-09-30 14:52:55,213 - modules.salary_history - INFO - Salary lookup: ('data_analytics', 'junior'), count_min=831 count_max=831 avg_min=7001.696750902527 avg_max=9231.386281588448 median_min=7000.0 median_max=9100.0 std_dev_min=1524.4586270278216 std_dev_max=1924.9261763355235
2026-09-30 14:52:55,223 - modules.salary_history - INFO - Looking for salary history:, ('data_analytics', 'mid')
2026-09-30 14:52:55,223 - modules.salary_history - INFO - Salary lookup: ('data_analytics', 'mid'), count_min=2127 count_max=2127 avg_min=9315.26531891553 avg_max=15317.084782949381 median_min=9000.0 median_max=16000.0 std_dev_min=2578.855395744559 std_dev_max=3929.014794237795
2026-09-30 14:52:55,226 - modules.salary_history - INFO - Looking for salary history:, ('data_analytics', 'mid')
2026-09-30 14:52:55,226 - modules.salary_history - INFO - Salary lookup: ('data_analytics', 'mid'), count_min=2127 count_max=2127 avg_min=9315.26531891553 avg_max=15317.084782949381 median_min=9000.0 median_max=16000.0 std_dev_min=2578.855395744559 std_dev_max=3929.014794237795
2026-09-30 14:52:55,229 - modules.salary_history - INFO - Looking for salary history:, ('data_analytics', 'mid')
2026-09-30 14:52:55,229 - modules.salary_history - INFO - Salary lookup: ('data_analytics', 'mid'), count_min=2127 count_max=2127 avg_min=9315.26531891553 avg_max=15317.084782949381 median_min=9000.0 median_max=16000.0 std_dev_min=2578.855395744559 std_dev_max=3929.014794237795
2026-09-30 14:52:55,232 - modules.salary_history - INFO - Looking for salary history:, ('it_support', 'mid')
2026-09-30 14:52:55,233 - modules.salary_history - INFO - Salary lookup: ('it_support', 'mid'), count_min=130 count_max=130 avg_min=6961.4384615384615 avg_max=9987.030769230769 median_min=7000.0 median_max=10000.0 std_dev_min=1171.6752996507046 std_dev_max=2041.5886994325194
2026-09-30 14:52:55,236 - modules.salary_history - INFO - Looking for salary history:, ('it_support', 'mid')
2026-09-30 14:52:55,236 - modules.salary_history - INFO - Salary lookup: ('it_support', 'mid'), count_min=130 count_max=130 avg_min=6961.4384615384615 avg_max=9987.030769230769 median_min=7000.0 median_max=10000.0 std_dev_min=1171.6752996507046 std_dev_max=2041.5886994325194
2026-09-30 14:52:55,240 - modules.salary_history - INFO - Looking for salary history:, ('data_analytics', 'mid')
2026-09-30 14:52:55,240 - modules.salary_history - INFO - Salary lookup: ('data_analytics', 'mid'), count_min=2127 count_max=2127 avg_min=9315.26531891553 avg_max=15317.084782949381 median_min=9000.0 median_max=16000.0 std_dev_min=2578.855395744559 std_dev_max=3929.014794237795
2026-09-30 14:52:55,243 - modules.salary_history - INFO - Looking for salary history:, ('data_analytics', 'junior')
2026-09-30 14:52:55,243 - modules.salary_history - INFO - Salary lookup: ('data_analytics', 'junior'), count_min=831 count_max=831 avg_min=7001.696750902527 avg_max=9231.386281588448 median_min=7000.0 median_max=9100.0 std_dev_min=1524.4586270278216 std_dev_max=1924.9261763355235
2026-09-30 14:52:55,246 - modules.salary_history - INFO - Looking for salary history:, ('software_it', 'mid')
2026-09-30 14:52:55,246 - modules.salary_history - INFO - Salary lookup: ('software_it', 'mid'), count_min=505 count_max=505 avg_min=8676.440264026403 avg_max=12354.390099009901 median_min=7450.0 median_max=11100.0 std_dev_min=3595.8981301534177 std_dev_max=4288.264336088859
2026-09-30 14:52:55,249 - modules.salary_history - INFO - Looking for salary history:, ('data_analytics', 'senior')
2026-09-30 14:52:55,249 - modules.salary_history - INFO - Salary lookup: ('data_analytics', 'senior'), count_min=147 count_max=147 avg_min=14075.659863945579 avg_max=22422.34693877551 median_min=12833.0 median_max=22400.0 std_dev_min=3546.299007506042 std_dev_max=2954.6965786624764
2026-09-30 14:52:55,261 - modules.salary_history - INFO - Looking for salary history:, ('software_it', 'junior')
2026-09-30 14:52:55,261 - modules.salary_history - INFO - Salary lookup: ('software_it', 'junior'), count_min=318 count_max=318 avg_min=6835.6163522012575 avg_max=9213.905660377359 median_min=6500.0 median_max=8750.0 std_dev_min=1693.5370236452802 std_dev_max=2162.1758648563323
2026-09-30 14:52:55,265 - modules.salary_history - INFO - Looking for salary history:, ('engineering_production', 'mid')
2026-09-30 14:52:55,265 - modules.salary_history - INFO - Salary lookup: ('engineering_production', 'mid'), count_min=162 count_max=162 avg_min=6460.123456790124 avg_max=9375.061728395061 median_min=6000.0 median_max=9000.0 std_dev_min=1832.4710898736598 std_dev_max=2557.960233305465
2026-09-30 14:52:55,276 - modules.salary_history - INFO - Looking for salary history:, ('data_analytics', 'mid')
2026-09-30 14:52:55,276 - modules.salary_history - INFO - Salary lookup: ('data_analytics', 'mid'), count_min=2127 count_max=2127 avg_min=9315.26531891553 avg_max=15317.084782949381 median_min=9000.0 median_max=16000.0 std_dev_min=2578.855395744559 std_dev_max=3929.014794237795
2026-09-30 14:52:55,279 - modules.salary_history - INFO - Looking for salary history:, ('data_analytics', 'mid')
2026-09-30 14:52:55,279 - modules.salary_history - INFO - Salary lookup: ('data_analytics', 'mid'), count_min=2127 count_max=2127 avg_min=9315.26531891553 avg_max=15317.084782949381 median_min=9000.0 median_max=16000.0 std_dev_min=2578.855395744559 std_dev_max=3929.014794237795
2026-09-30 14:52:55,282 - modules.salary_history - INFO - Looking for salary history:, ('data_analytics', 'mid')
2026-09-30 14:52:55,282 - modules.salary_history - INFO - Salary lookup: ('data_analytics', 'mid'), count_min=2127 count_max=2127 avg_min=9315.26531891553 avg_max=15317.084782949381 median_min=9000.0 median_max=16000.0 std_dev_min=2578.855395744559 std_dev_max=3929.014794237795
2026-09-30 14:52:55,285 - modules.salary_history - INFO - Looking for salary history:, ('it_support', 'mid')
2026-09-30 14:52:55,285 - modules.salary_history - INFO - Salary lookup: ('it_support', 'mid'), count_min=130 count_max=130 avg_min=6961.4384615384615 avg_max=9987.030769230769 median_min=7000.0 median_max=10000.0 std_dev_min=1171.6752996507046 std_dev_max=2041.5886994325194
2026-09-30 14:52:55,288 - modules.salary_history - INFO - Looking for salary history:, ('data_analytics', 'mid')
2026-09-30 14:52:55,289 - modules.salary_history - INFO - Salary lookup: ('data_analytics', 'mid'), count_min=2127 count_max=2127 avg_min=9315.26531891553 avg_max=15317.084782949381 median_min=9000.0 median_max=16000.0 std_dev_min=2578.855395744559 std_dev_max=3929.014794237795
2026-09-30 14:52:55,292 - modules.salary_history - INFO - Looking for salary history:, ('data_analytics', 'junior')
2026-09-30 14:52:55,293 - modules.salary_history - INFO - Salary lookup: ('data_analytics', 'junior'), count_min=831 count_max=831 avg_min=7001.696750902527 avg_max=9231.386281588448 median_min=7000.0 median_max=9100.0 std_dev_min=1524.4586270278216 std_dev_max=1924.9261763355235
2026-09-30 14:52:55,296 - modules.salary_history - INFO - Looking for salary history:, ('data_analytics', 'mid')
2026-09-30 14:52:55,296 - modules.salary_history - INFO - Salary lookup: ('data_analytics', 'mid'), count_min=2127 count_max=2127 avg_min=9315.26531891553 avg_max=15317.084782949381 median_min=9000.0 median_max=16000.0 std_dev_min=2578.855395744559 std_dev_max=3929.014794237795
2026-09-30 14:52:55,312 - modules.salary_history - INFO - Looking for salary history:, ('it_support', 'mid')
2026-09-30 14:52:55,312 - modules.salary_history - INFO - Salary lookup: ('it_support', 'mid'), count_min=130 count_max=130 avg_min=6961.4384615384615 avg_max=9987.030769230769 median_min=7000.0 median_max=10000.0 std_dev_min=1171.6752996507046 std_dev_max=2041.5886994325194
2026-09-30 14:52:55,326 - modules.salary_history - INFO - Looking for salary history:, ('finance_accounting', 'mid')
2026-09-30 14:52:55,327 - modules.salary_history - INFO - Salary lookup: ('finance_accounting', 'mid'), count_min=1002 count_max=1002 avg_min=7232.041916167665 avg_max=10088.20359281437 median_min=7000.0 median_max=10000.0 std_dev_min=1511.6394888647312 std_dev_max=1987.2566461052725
2026-09-30 14:52:55,333 - modules.salary_history - INFO - Looking for salary history:, ('sales_customer_service', 'junior')
2026-09-30 14:52:55,333 - modules.salary_history - INFO - Salary lookup: ('sales_customer_service', 'junior'), count_min=164 count_max=164 avg_min=5749.426829268293 avg_max=8203.19512195122 median_min=5500.0 median_max=8000.0 std_dev_min=1608.8244882139884 std_dev_max=1570.0371176029264
2026-09-30 14:52:55,343 - modules.salary_history - INFO - Looking for salary history:, ('software_it', 'mid')
2026-09-30 14:52:55,343 - modules.salary_history - INFO - Salary lookup: ('software_it', 'mid'), count_min=505 count_max=505 avg_min=8676.440264026403 avg_max=12354.390099009901 median_min=7450.0 median_max=11100.0 std_dev_min=3595.8981301534177 std_dev_max=4288.264336088859
2026-09-30 14:52:55,349 - modules.salary_history - INFO - Looking for salary history:, ('software_it', 'senior')
2026-09-30 14:52:55,349 - modules.salary_history - INFO - Salary lookup: ('software_it', 'senior'), count_min=48 count_max=48 avg_min=12662.916666666666 avg_max=18005.694444444445 median_min=7000.0 median_max=14000.0 std_dev_min=9390.36422340619 std_dev_max=9364.09416626977
2026-09-30 14:52:55,352 - modules.salary_history - INFO - Looking for salary history:, ('finance_accounting', 'mid')
2026-09-30 14:52:55,352 - modules.salary_history - INFO - Salary lookup: ('finance_accounting', 'mid'), count_min=1002 count_max=1002 avg_min=7232.041916167665 avg_max=10088.20359281437 median_min=7000.0 median_max=10000.0 std_dev_min=1511.6394888647312 std_dev_max=1987.2566461052725
2026-09-30 14:52:55,378 - modules.salary_history - INFO - Looking for salary history:, ('administration', 'senior')
2026-09-30 14:52:55,379 - modules.salary_history - INFO - Salary lookup: ('administration', 'senior'), count_min=8 count_max=8 avg_min=7250.0 avg_max=9925.0 median_min=7000.0 median_max=9400.0 std_dev_min=1164.964745021435 std_dev_max=2108.3168642308015
2026-09-30 14:52:55,387 - modules.salary_history - INFO - Looking for salary history:, ('administration', 'mid')
2026-09-30 14:52:55,387 - modules.salary_history - INFO - Salary lookup: ('administration', 'mid'), count_min=894 count_max=894 avg_min=6190.884787472036 avg_max=7772.890380313199 median_min=6000.0 median_max=7000.0 std_dev_min=1715.7885545983888 std_dev_max=2719.2228332075842
2026-09-30 14:52:55,414 - modules.salary_history - INFO - Looking for salary history:, ('administration', 'mid')
2026-09-30 14:52:55,414 - modules.salary_history - INFO - Salary lookup: ('administration', 'mid'), count_min=894 count_max=894 avg_min=6190.884787472036 avg_max=7772.890380313199 median_min=6000.0 median_max=7000.0 std_dev_min=1715.7885545983888 std_dev_max=2719.2228332075842
2026-09-30 14:52:55,419 - modules.salary_history - INFO - Looking for salary history:, ('procurement', 'junior')
2026-09-30 14:52:55,419 - modules.salary_history - INFO - Salary lookup: ('procurement', 'junior'), count_min=141 count_max=141 avg_min=6523.404255319149 avg_max=8736.170212765957 median_min=6500.0 median_max=8500.0 std_dev_min=657.4450871009619 std_dev_max=1202.4544301282083
2026-09-30 14:52:55,427 - modules.salary_history - INFO - Looking for salary history:, ('finance_accounting', 'mid')
2026-09-30 14:52:55,427 - modules.salary_history - INFO - Salary lookup: ('finance_accounting', 'mid'), count_min=1002 count_max=1002 avg_min=7232.041916167665 avg_max=10088.20359281437 median_min=7000.0 median_max=10000.0 std_dev_min=1511.6394888647312 std_dev_max=1987.2566461052725
2026-09-30 14:52:55,432 - modules.salary_history - INFO - Looking for salary history:, ('hr', 'mid')
2026-09-30 14:52:55,432 - modules.salary_history - INFO - Salary lookup: ('hr', 'mid'), count_min=191 count_max=191 avg_min=6673.507853403142 avg_max=9544.397905759162 median_min=6600.0 median_max=9500.0 std_dev_min=682.5522911844611 std_dev_max=1038.3456116624893
2026-09-30 14:52:55,435 - modules.salary_history - INFO - Looking for salary history:, ('legal_compliance_risk', 'mid')
2026-09-30 14:52:55,436 - modules.salary_history - INFO - Salary lookup: ('legal_compliance_risk', 'mid'), count_min=112 count_max=112 avg_min=6901.410714285715 avg_max=9742.57142857143 median_min=6750.0 median_max=9750.0 std_dev_min=2148.6118315710387 std_dev_max=2218.8355915297966
2026-09-30 14:52:55,439 - modules.salary_history - INFO - Looking for salary history:, ('legal_compliance_risk', 'mid')
2026-09-30 14:52:55,439 - modules.salary_history - INFO - Salary lookup: ('legal_compliance_risk', 'mid'), count_min=112 count_max=112 avg_min=6901.410714285715 avg_max=9742.57142857143 median_min=6750.0 median_max=9750.0 std_dev_min=2148.6118315710387 std_dev_max=2218.8355915297966
2026-09-30 14:52:55,450 - modules.salary_history - INFO - Looking for salary history:, ('project_management', 'junior')
2026-09-30 14:52:55,450 - modules.salary_history - INFO - Salary lookup: ('project_management', 'junior'), count_min=61 count_max=61 avg_min=5889.836065573771 avg_max=7457.377049180328 median_min=5500.0 median_max=7000.0 std_dev_min=1751.7139148115089 std_dev_max=1975.2180484184055
2026-09-30 14:52:55,460 - modules.salary_history - INFO - Looking for salary history:, ('finance_accounting', 'mid')
2026-09-30 14:52:55,460 - modules.salary_history - INFO - Salary lookup: ('finance_accounting', 'mid'), count_min=1002 count_max=1002 avg_min=7232.041916167665 avg_max=10088.20359281437 median_min=7000.0 median_max=10000.0 std_dev_min=1511.6394888647312 std_dev_max=1987.2566461052725
2026-09-30 14:52:55,494 - modules.salary_history - INFO - Looking for salary history:, ('hr', 'mid')
2026-09-30 14:52:55,495 - modules.salary_history - INFO - Salary lookup: ('hr', 'mid'), count_min=191 count_max=191 avg_min=6673.507853403142 avg_max=9544.397905759162 median_min=6600.0 median_max=9500.0 std_dev_min=682.5522911844611 std_dev_max=1038.3456116624893
2026-09-30 14:52:55,500 - modules.salary_history - INFO - Looking for salary history:, ('legal_compliance_risk', 'mid')
2026-09-30 14:52:55,504 - modules.salary_history - INFO - Salary lookup: ('legal_compliance_risk', 'mid'), count_min=112 count_max=112 avg_min=6901.410714285715 avg_max=9742.57142857143 median_min=6750.0 median_max=9750.0 std_dev_min=2148.6118315710387 std_dev_max=2218.8355915297966
2026-09-30 14:52:55,511 - modules.salary_history - INFO - Looking for salary history:, ('legal_compliance_risk', 'mid')
2026-09-30 14:52:55,529 - modules.salary_history - INFO - Salary lookup: ('legal_compliance_risk', 'mid'), count_min=112 count_max=112 avg_min=6901.410714285715 avg_max=9742.57142857143 median_min=6750.0 median_max=9750.0 std_dev_min=2148.6118315710387 std_dev_max=2218.8355915297966
2026-09-30 14:52:55,541 - modules.salary_history - INFO - Looking for salary history:, ('finance_accounting', 'junior')
2026-09-30 14:52:55,542 - modules.salary_history - INFO - Salary lookup: ('finance_accounting', 'junior'), count_min=696 count_max=696 avg_min=5279.14367816092 avg_max=7454.270114942528 median_min=5000.0 median_max=7500.0 std_dev_min=969.1517388912574 std_dev_max=1463.5155610503543
2026-09-30 14:52:55,552 - modules.salary_history - INFO - Looking for salary history:, ('software_it', 'mid')
2026-09-30 14:52:55,552 - modules.salary_history - INFO - Salary lookup: ('software_it', 'mid'), count_min=505 count_max=505 avg_min=8676.440264026403 avg_max=12354.390099009901 median_min=7450.0 median_max=11100.0 std_dev_min=3595.8981301534177 std_dev_max=4288.264336088859
2026-09-30 14:52:55,596 - modules.salary_history - INFO - Looking for salary history:, ('finance_accounting', 'junior')
2026-09-30 14:52:55,597 - modules.salary_history - INFO - Salary lookup: ('finance_accounting', 'junior'), count_min=696 count_max=696 avg_min=5279.14367816092 avg_max=7454.270114942528 median_min=5000.0 median_max=7500.0 std_dev_min=969.1517388912574 std_dev_max=1463.5155610503543
2026-09-30 14:52:55,640 - modules.salary_history - INFO - Looking for salary history:, ('software_it', 'mid')
2026-09-30 14:52:55,640 - modules.salary_history - INFO - Salary lookup: ('software_it', 'mid'), count_min=505 count_max=505 avg_min=8676.440264026403 avg_max=12354.390099009901 median_min=7450.0 median_max=11100.0 std_dev_min=3595.8981301534177 std_dev_max=4288.264336088859
2026-09-30 14:52:55,685 - modules.salary_history - INFO - Looking for salary history:, ('logistics_supply_chain', 'intern')
2026-09-30 14:52:55,685 - modules.salary_history - INFO - Salary lookup: ('logistics_supply_chain', 'intern'), count_min=37 count_max=37 avg_min=6161.405405405405 avg_max=7028.4324324324325 median_min=5720.0 median_max=6470.0 std_dev_min=904.9406198892419 std_dev_max=1222.3432992171804
2026-09-30 14:52:55,691 - modules.salary_history - INFO - Looking for salary history:, ('project_management', 'junior')
2026-09-30 14:52:55,692 - modules.salary_history - INFO - Salary lookup: ('project_management', 'junior'), count_min=61 count_max=61 avg_min=5889.836065573771 avg_max=7457.377049180328 median_min=5500.0 median_max=7000.0 std_dev_min=1751.7139148115089 std_dev_max=1975.2180484184055
2026-09-30 14:52:55,706 - modules.salary_history - INFO - Looking for salary history:, ('software_it', 'junior')
2026-09-30 14:52:55,706 - modules.salary_history - INFO - Salary lookup: ('software_it', 'junior'), count_min=318 count_max=318 avg_min=6835.6163522012575 avg_max=9213.905660377359 median_min=6500.0 median_max=8750.0 std_dev_min=1693.5370236452802 std_dev_max=2162.1758648563323
2026-09-30 14:52:55,712 - modules.salary_history - INFO - Looking for salary history:, ('finance_accounting', 'mid')
2026-09-30 14:52:55,713 - modules.salary_history - INFO - Salary lookup: ('finance_accounting', 'mid'), count_min=1002 count_max=1002 avg_min=7232.041916167665 avg_max=10088.20359281437 median_min=7000.0 median_max=10000.0 std_dev_min=1511.6394888647312 std_dev_max=1987.2566461052725
2026-09-30 14:52:55,718 - modules.salary_history - INFO - Looking for salary history:, ('sales_customer_service', 'mid')
2026-09-30 14:52:55,718 - modules.salary_history - INFO - Salary lookup: ('sales_customer_service', 'mid'), count_min=396 count_max=396 avg_min=5881.416666666667 avg_max=8385.348484848484 median_min=5677.0 median_max=8000.0 std_dev_min=1083.4858632316275 std_dev_max=1805.6980219863158
2026-09-30 14:52:55,740 - modules.salary_history - INFO - Looking for salary history:, ('administration', 'senior')
2026-09-30 14:52:55,740 - modules.salary_history - INFO - Salary lookup: ('administration', 'senior'), count_min=8 count_max=8 avg_min=7250.0 avg_max=9925.0 median_min=7000.0 median_max=9400.0 std_dev_min=1164.964745021435 std_dev_max=2108.3168642308015
2026-09-30 14:52:55,746 - modules.salary_history - INFO - Looking for salary history:, ('finance_accounting', 'intern')
2026-09-30 14:52:55,747 - modules.salary_history - INFO - Salary lookup: ('finance_accounting', 'intern'), count_min=86 count_max=86 avg_min=6440.232558139535 avg_max=7224.186046511628 median_min=5120.0 median_max=5600.0 std_dev_min=3774.0120566982782 std_dev_max=3798.8433116089363
2026-09-30 14:52:55,756 - modules.salary_history - INFO - Looking for salary history:, ('project_management', 'junior')
2026-09-30 14:52:55,756 - modules.salary_history - INFO - Salary lookup: ('project_management', 'junior'), count_min=61 count_max=61 avg_min=5889.836065573771 avg_max=7457.377049180328 median_min=5500.0 median_max=7000.0 std_dev_min=1751.7139148115089 std_dev_max=1975.2180484184055
2026-09-30 14:52:55,759 - modules.salary_history - INFO - Looking for salary history:, ('finance_accounting', 'mid')
2026-09-30 14:52:55,759 - modules.salary_history - INFO - Salary lookup: ('finance_accounting', 'mid'), count_min=1002 count_max=1002 avg_min=7232.041916167665 avg_max=10088.20359281437 median_min=7000.0 median_max=10000.0 std_dev_min=1511.6394888647312 std_dev_max=1987.2566461052725
2026-09-30 14:52:55,803 - modules.salary_history - INFO - Looking for salary history:, ('data_analytics', 'senior')
2026-09-30 14:52:55,803 - modules.salary_history - INFO - Salary lookup: ('data_analytics', 'senior'), count_min=147 count_max=147 avg_min=14075.659863945579 avg_max=22422.34693877551 median_min=12833.0 median_max=22400.0 std_dev_min=3546.299007506042 std_dev_max=2954.6965786624764
2026-09-30 14:52:55,807 - modules.salary_history - INFO - Looking for salary history:, ('data_analytics', 'junior')
2026-09-30 14:52:55,807 - modules.salary_history - INFO - Salary lookup: ('data_analytics', 'junior'), count_min=831 count_max=831 avg_min=7001.696750902527 avg_max=9231.386281588448 median_min=7000.0 median_max=9100.0 std_dev_min=1524.4586270278216 std_dev_max=1924.9261763355235
2026-09-30 14:52:55,814 - modules.salary_history - INFO - Looking for salary history:, ('data_analytics', 'senior')
2026-09-30 14:52:55,814 - modules.salary_history - INFO - Salary lookup: ('data_analytics', 'senior'), count_min=147 count_max=147 avg_min=14075.659863945579 avg_max=22422.34693877551 median_min=12833.0 median_max=22400.0 std_dev_min=3546.299007506042 std_dev_max=2954.6965786624764
2026-09-30 14:52:55,817 - modules.salary_history - INFO - Looking for salary history:, ('data_analytics', 'mid')
2026-09-30 14:52:55,818 - modules.salary_history - INFO - Salary lookup: ('data_analytics', 'mid'), count_min=2127 count_max=2127 avg_min=9315.26531891553 avg_max=15317.084782949381 median_min=9000.0 median_max=16000.0 std_dev_min=2578.855395744559 std_dev_max=3929.014794237795
2026-09-30 14:52:55,827 - modules.salary_history - INFO - Looking for salary history:, ('data_analytics', 'junior')
2026-09-30 14:52:55,827 - modules.salary_history - INFO - Salary lookup: ('data_analytics', 'junior'), count_min=831 count_max=831 avg_min=7001.696750902527 avg_max=9231.386281588448 median_min=7000.0 median_max=9100.0 std_dev_min=1524.4586270278216 std_dev_max=1924.9261763355235
2026-09-30 14:52:55,830 - modules.salary_history - INFO - Looking for salary history:, ('data_analytics', 'senior')
2026-09-30 14:52:55,830 - modules.salary_history - INFO - Salary lookup: ('data_analytics', 'senior'), count_min=147 count_max=147 avg_min=14075.659863945579 avg_max=22422.34693877551 median_min=12833.0 median_max=22400.0 std_dev_min=3546.299007506042 std_dev_max=2954.6965786624764
2026-09-30 14:52:55,834 - modules.salary_history - INFO - Looking for salary history:, ('data_analytics', 'mid')
2026-09-30 14:52:55,834 - modules.salary_history - INFO - Salary lookup: ('data_analytics', 'mid'), count_min=2127 count_max=2127 avg_min=9315.26531891553 avg_max=15317.084782949381 median_min=9000.0 median_max=16000.0 std_dev_min=2578.855395744559 std_dev_max=3929.014794237795
2026-09-30 14:52:55,837 - modules.salary_history - INFO - Looking for salary history:, ('data_analytics', 'senior')
2026-09-30 14:52:55,837 - modules.salary_history - INFO - Salary lookup: ('data_analytics', 'senior'), count_min=147 count_max=147 avg_min=14075.659863945579 avg_max=22422.34693877551 median_min=12833.0 median_max=22400.0 std_dev_min=3546.299007506042 std_dev_max=2954.6965786624764
2026-09-30 14:52:55,841 - modules.salary_history - INFO - Looking for salary history:, ('data_analytics', 'senior')
2026-09-30 14:52:55,841 - modules.salary_history - INFO - Salary lookup: ('data_analytics', 'senior'), count_min=147 count_max=147 avg_min=14075.659863945579 avg_max=22422.34693877551 median_min=12833.0 median_max=22400.0 std_dev_min=3546.299007506042 std_dev_max=2954.6965786624764
2026-09-30 14:52:55,844 - modules.salary_history - INFO - Looking for salary history:, ('data_analytics', 'senior')
2026-09-30 14:52:55,844 - modules.salary_history - INFO - Salary lookup: ('data_analytics', 'senior'), count_min=147 count_max=147 avg_min=14075.659863945579 avg_max=22422.34693877551 median_min=12833.0 median_max=22400.0 std_dev_min=3546.299007506042 std_dev_max=2954.6965786624764
2026-09-30 14:52:55,847 - modules.salary_history - INFO - Looking for salary history:, ('finance_accounting', 'mid')
2026-09-30 14:52:55,848 - modules.salary_history - INFO - Salary lookup: ('finance_accounting', 'mid'), count_min=1002 count_max=1002 avg_min=7232.041916167665 avg_max=10088.20359281437 median_min=7000.0 median_max=10000.0 std_dev_min=1511.6394888647312 std_dev_max=1987.2566461052725
2026-09-30 14:52:55,851 - modules.salary_history - INFO - Looking for salary history:, ('finance_accounting', 'mid')
2026-09-30 14:52:55,851 - modules.salary_history - INFO - Salary lookup: ('finance_accounting', 'mid'), count_min=1002 count_max=1002 avg_min=7232.041916167665 avg_max=10088.20359281437 median_min=7000.0 median_max=10000.0 std_dev_min=1511.6394888647312 std_dev_max=1987.2566461052725
2026-09-30 14:52:55,859 - modules.salary_history - INFO - Looking for salary history:, ('data_analytics', 'senior')
2026-09-30 14:52:55,859 - modules.salary_history - INFO - Salary lookup: ('data_analytics', 'senior'), count_min=147 count_max=147 avg_min=14075.659863945579 avg_max=22422.34693877551 median_min=12833.0 median_max=22400.0 std_dev_min=3546.299007506042 std_dev_max=2954.6965786624764
2026-09-30 14:52:55,866 - modules.salary_history - INFO - Looking for salary history:, ('finance_accounting', 'mid')
2026-09-30 14:52:55,867 - modules.salary_history - INFO - Salary lookup: ('finance_accounting', 'mid'), count_min=1002 count_max=1002 avg_min=7232.041916167665 avg_max=10088.20359281437 median_min=7000.0 median_max=10000.0 std_dev_min=1511.6394888647312 std_dev_max=1987.2566461052725
2026-09-30 14:52:55,874 - modules.salary_history - INFO - Looking for salary history:, ('data_analytics', 'junior')
2026-09-30 14:52:55,874 - modules.salary_history - INFO - Salary lookup: ('data_analytics', 'junior'), count_min=831 count_max=831 avg_min=7001.696750902527 avg_max=9231.386281588448 median_min=7000.0 median_max=9100.0 std_dev_min=1524.4586270278216 std_dev_max=1924.9261763355235
2026-09-30 14:52:55,878 - modules.salary_history - INFO - Looking for salary history:, ('data_analytics', 'mid')
2026-09-30 14:52:55,878 - modules.salary_history - INFO - Salary lookup: ('data_analytics', 'mid'), count_min=2127 count_max=2127 avg_min=9315.26531891553 avg_max=15317.084782949381 median_min=9000.0 median_max=16000.0 std_dev_min=2578.855395744559 std_dev_max=3929.014794237795
2026-09-30 14:52:55,881 - modules.salary_history - INFO - Looking for salary history:, ('legal_compliance_risk', 'mid')
2026-09-30 14:52:55,881 - modules.salary_history - INFO - Salary lookup: ('legal_compliance_risk', 'mid'), count_min=112 count_max=112 avg_min=6901.410714285715 avg_max=9742.57142857143 median_min=6750.0 median_max=9750.0 std_dev_min=2148.6118315710387 std_dev_max=2218.8355915297966
2026-09-30 14:52:55,884 - modules.salary_history - INFO - Looking for salary history:, ('software_it', 'senior')
2026-09-30 14:52:55,884 - modules.salary_history - INFO - Salary lookup: ('software_it', 'senior'), count_min=48 count_max=48 avg_min=12662.916666666666 avg_max=18005.694444444445 median_min=7000.0 median_max=14000.0 std_dev_min=9390.36422340619 std_dev_max=9364.09416626977
2026-09-30 14:52:55,896 - modules.salary_history - INFO - Looking for salary history:, ('finance_accounting', 'mid')
2026-09-30 14:52:55,897 - modules.salary_history - INFO - Salary lookup: ('finance_accounting', 'mid'), count_min=1002 count_max=1002 avg_min=7232.041916167665 avg_max=10088.20359281437 median_min=7000.0 median_max=10000.0 std_dev_min=1511.6394888647312 std_dev_max=1987.2566461052725
2026-09-30 14:52:55,900 - modules.salary_history - INFO - Looking for salary history:, ('data_analytics', 'junior')
2026-09-30 14:52:55,900 - modules.salary_history - INFO - Salary lookup: ('data_analytics', 'junior'), count_min=831 count_max=831 avg_min=7001.696750902527 avg_max=9231.386281588448 median_min=7000.0 median_max=9100.0 std_dev_min=1524.4586270278216 std_dev_max=1924.9261763355235
2026-09-30 14:52:55,903 - modules.salary_history - INFO - Looking for salary history:, ('data_analytics', 'mid')
2026-09-30 14:52:55,903 - modules.salary_history - INFO - Salary lookup: ('data_analytics', 'mid'), count_min=2127 count_max=2127 avg_min=9315.26531891553 avg_max=15317.084782949381 median_min=9000.0 median_max=16000.0 std_dev_min=2578.855395744559 std_dev_max=3929.014794237795
2026-09-30 14:52:55,908 - modules.salary_history - INFO - Looking for salary history:, ('legal_compliance_risk', 'mid')
2026-09-30 14:52:55,908 - modules.salary_history - INFO - Salary lookup: ('legal_compliance_risk', 'mid'), count_min=112 count_max=112 avg_min=6901.410714285715 avg_max=9742.57142857143 median_min=6750.0 median_max=9750.0 std_dev_min=2148.6118315710387 std_dev_max=2218.8355915297966
2026-09-30 14:52:55,911 - modules.salary_history - INFO - Looking for salary history:, ('data_analytics', 'mid')
2026-09-30 14:52:55,912 - modules.salary_history - INFO - Salary lookup: ('data_analytics', 'mid'), count_min=2127 count_max=2127 avg_min=9315.26531891553 avg_max=15317.084782949381 median_min=9000.0 median_max=16000.0 std_dev_min=2578.855395744559 std_dev_max=3929.014794237795
2026-09-30 14:52:55,915 - modules.salary_history - INFO - Looking for salary history:, ('data_analytics', 'mid')
2026-09-30 14:52:55,915 - modules.salary_history - INFO - Salary lookup: ('data_analytics', 'mid'), count_min=2127 count_max=2127 avg_min=9315.26531891553 avg_max=15317.084782949381 median_min=9000.0 median_max=16000.0 std_dev_min=2578.855395744559 std_dev_max=3929.014794237795
2026-09-30 14:52:55,918 - modules.salary_history - INFO - Looking for salary history:, ('data_analytics', 'mid')
2026-09-30 14:52:55,918 - modules.salary_history - INFO - Salary lookup: ('data_analytics', 'mid'), count_min=2127 count_max=2127 avg_min=9315.26531891553 avg_max=15317.084782949381 median_min=9000.0 median_max=16000.0 std_dev_min=2578.855395744559 std_dev_max=3929.014794237795
2026-09-30 14:52:55,921 - modules.salary_history - INFO - Looking for salary history:, ('data_analytics', 'mid')
2026-09-30 14:52:55,922 - modules.salary_history - INFO - Salary lookup: ('data_analytics', 'mid'), count_min=2127 count_max=2127 avg_min=9315.26531891553 avg_max=15317.084782949381 median_min=9000.0 median_max=16000.0 std_dev_min=2578.855395744559 std_dev_max=3929.014794237795
2026-09-30 14:52:55,925 - modules.salary_history - INFO - Looking for salary history:, ('data_analytics', 'senior')
2026-09-30 14:52:55,925 - modules.salary_history - INFO - Salary lookup: ('data_analytics', 'senior'), count_min=147 count_max=147 avg_min=14075.659863945579 avg_max=22422.34693877551 median_min=12833.0 median_max=22400.0 std_dev_min=3546.299007506042 std_dev_max=2954.6965786624764
2026-09-30 14:52:55,928 - modules.salary_history - INFO - Looking for salary history:, ('legal_compliance_risk', 'mid')
2026-09-30 14:52:55,928 - modules.salary_history - INFO - Salary lookup: ('legal_compliance_risk', 'mid'), count_min=112 count_max=112 avg_min=6901.410714285715 avg_max=9742.57142857143 median_min=6750.0 median_max=9750.0 std_dev_min=2148.6118315710387 std_dev_max=2218.8355915297966
2026-09-30 14:52:55,932 - modules.salary_history - INFO - Looking for salary history:, ('data_analytics', 'mid')
2026-09-30 14:52:55,932 - modules.salary_history - INFO - Salary lookup: ('data_analytics', 'mid'), count_min=2127 count_max=2127 avg_min=9315.26531891553 avg_max=15317.084782949381 median_min=9000.0 median_max=16000.0 std_dev_min=2578.855395744559 std_dev_max=3929.014794237795
2026-09-30 14:52:55,935 - modules.salary_history - INFO - Looking for salary history:, ('data_analytics', 'mid')
2026-09-30 14:52:55,936 - modules.salary_history - INFO - Salary lookup: ('data_analytics', 'mid'), count_min=2127 count_max=2127 avg_min=9315.26531891553 avg_max=15317.084782949381 median_min=9000.0 median_max=16000.0 std_dev_min=2578.855395744559 std_dev_max=3929.014794237795
2026-09-30 14:52:55,939 - modules.salary_history - INFO - Looking for salary history:, ('data_analytics', 'senior')
2026-09-30 14:52:55,939 - modules.salary_history - INFO - Salary lookup: ('data_analytics', 'senior'), count_min=147 count_max=147 avg_min=14075.659863945579 avg_max=22422.34693877551 median_min=12833.0 median_max=22400.0 std_dev_min=3546.299007506042 std_dev_max=2954.6965786624764
2026-09-30 14:52:55,942 - modules.salary_history - INFO - Looking for salary history:, ('data_analytics', 'mid')
2026-09-30 14:52:55,942 - modules.salary_history - INFO - Salary lookup: ('data_analytics', 'mid'), count_min=2127 count_max=2127 avg_min=9315.26531891553 avg_max=15317.084782949381 median_min=9000.0 median_max=16000.0 std_dev_min=2578.855395744559 std_dev_max=3929.014794237795
2026-09-30 14:52:55,945 - modules.salary_history - INFO - Looking for salary history:, ('data_analytics', 'mid')
2026-09-30 14:52:55,946 - modules.salary_history - INFO - Salary lookup: ('data_analytics', 'mid'), count_min=2127 count_max=2127 avg_min=9315.26531891553 avg_max=15317.084782949381 median_min=9000.0 median_max=16000.0 std_dev_min=2578.855395744559 std_dev_max=3929.014794237795
2026-09-30 14:52:55,949 - modules.salary_history - INFO - Looking for salary history:, ('legal_compliance_risk', 'mid')
2026-09-30 14:52:55,949 - modules.salary_history - INFO - Salary lookup: ('legal_compliance_risk', 'mid'), count_min=112 count_max=112 avg_min=6901.410714285715 avg_max=9742.57142857143 median_min=6750.0 median_max=9750.0 std_dev_min=2148.6118315710387 std_dev_max=2218.8355915297966
2026-09-30 14:52:55,960 - modules.salary_history - INFO - Looking for salary history:, ('data_analytics', 'intern')
2026-09-30 14:52:55,960 - modules.salary_history - INFO - Salary lookup: ('data_analytics', 'intern'), count_min=60 count_max=60 avg_min=10345.76 avg_max=10370.76 median_min=11000.0 median_max=11000.0 std_dev_min=1816.906807419538 std_dev_max=1756.687418361761
2026-09-30 14:52:55,969 - modules.salary_history - INFO - Looking for salary history:, ('software_it', 'intern')
2026-09-30 14:52:55,969 - modules.salary_history - INFO - Salary lookup: ('software_it', 'intern'), count_min=57 count_max=57 avg_min=5422.0 avg_max=5957.368421052632 median_min=5120.0 median_max=5120.0 std_dev_min=1092.1955607203056 std_dev_max=1954.6305152452264
2026-09-30 14:52:55,976 - modules.salary_history - INFO - Looking for salary history:, ('data_analytics', 'intern')
2026-09-30 14:52:55,976 - modules.salary_history - INFO - Salary lookup: ('data_analytics', 'intern'), count_min=60 count_max=60 avg_min=10345.76 avg_max=10370.76 median_min=11000.0 median_max=11000.0 std_dev_min=1816.906807419538 std_dev_max=1756.687418361761
2026-09-30 14:52:55,979 - modules.salary_history - INFO - Looking for salary history:, ('data_analytics', 'intern')
2026-09-30 14:52:55,979 - modules.salary_history - INFO - Salary lookup: ('data_analytics', 'intern'), count_min=60 count_max=60 avg_min=10345.76 avg_max=10370.76 median_min=11000.0 median_max=11000.0 std_dev_min=1816.906807419538 std_dev_max=1756.687418361761
2026-09-30 14:52:55,982 - modules.salary_history - INFO - Looking for salary history:, ('software_it', 'intern')
2026-09-30 14:52:55,983 - modules.salary_history - INFO - Salary lookup: ('software_it', 'intern'), count_min=57 count_max=57 avg_min=5422.0 avg_max=5957.368421052632 median_min=5120.0 median_max=5120.0 std_dev_min=1092.1955607203056 std_dev_max=1954.6305152452264
2026-09-30 14:52:55,988 - modules.salary_history - INFO - Looking for salary history:, ('project_management', 'intern')
2026-09-30 14:52:55,989 - modules.salary_history - INFO - Salary lookup: ('project_management', 'intern'), None
2026-09-30 14:52:55,993 - modules.salary_history - INFO - Looking for salary history:, ('customer_operations', 'manager')
2026-09-30 14:52:55,993 - modules.salary_history - INFO - Salary lookup: ('customer_operations', 'manager'), None
2026-09-30 14:52:55,997 - modules.salary_history - INFO - Looking for salary history:, ('medical', 'mid')
2026-09-30 14:52:55,997 - modules.salary_history - INFO - Salary lookup: ('medical', 'mid'), count_min=3 count_max=3 avg_min=8000.0 avg_max=10000.0 median_min=8000.0 median_max=10000.0 std_dev_min=0.0 std_dev_max=0.0
2026-09-30 14:52:56,010 - modules.salary_history - INFO - Looking for salary history:, ('sales_customer_service', 'mid')
2026-09-30 14:52:56,011 - modules.salary_history - INFO - Salary lookup: ('sales_customer_service', 'mid'), count_min=396 count_max=396 avg_min=5881.416666666667 avg_max=8385.348484848484 median_min=5677.0 median_max=8000.0 std_dev_min=1083.4858632316275 std_dev_max=1805.6980219863158
2026-09-30 14:52:56,014 - modules.salary_history - INFO - Looking for salary history:, ('sales_customer_service', 'mid')
2026-09-30 14:52:56,014 - modules.salary_history - INFO - Salary lookup: ('sales_customer_service', 'mid'), count_min=396 count_max=396 avg_min=5881.416666666667 avg_max=8385.348484848484 median_min=5677.0 median_max=8000.0 std_dev_min=1083.4858632316275 std_dev_max=1805.6980219863158
2026-09-30 14:52:56,018 - modules.salary_history - INFO - Looking for salary history:, ('engineering_production', 'manager')
2026-09-30 14:52:56,018 - modules.salary_history - INFO - Salary lookup: ('engineering_production', 'manager'), count_min=10 count_max=10 avg_min=13196.0 avg_max=17596.0 median_min=15000.0 median_max=20000.0 std_dev_min=3833.441157903837 std_dev_max=5264.234037350543
2026-09-30 14:52:56,022 - modules.salary_history - INFO - Looking for salary history:, ('procurement', 'mid')
2026-09-30 14:52:56,022 - modules.salary_history - INFO - Salary lookup: ('procurement', 'mid'), count_min=350 count_max=350 avg_min=6694.042857142857 avg_max=9492.102857142858 median_min=6550.0 median_max=9500.0 std_dev_min=1031.9430505003918 std_dev_max=1729.4754693641116
2026-09-30 14:52:56,026 - modules.salary_history - INFO - Looking for salary history:, ('procurement', 'mid')
2026-09-30 14:52:56,026 - modules.salary_history - INFO - Salary lookup: ('procurement', 'mid'), count_min=350 count_max=350 avg_min=6694.042857142857 avg_max=9492.102857142858 median_min=6550.0 median_max=9500.0 std_dev_min=1031.9430505003918 std_dev_max=1729.4754693641116
2026-09-30 14:52:56,029 - modules.salary_history - INFO - Looking for salary history:, ('logistics_supply_chain', 'junior')
2026-09-30 14:52:56,029 - modules.salary_history - INFO - Salary lookup: ('logistics_supply_chain', 'junior'), count_min=312 count_max=312 avg_min=5309.846153846154 avg_max=6689.733974358975 median_min=5000.0 median_max=6500.0 std_dev_min=671.2836113493227 std_dev_max=1010.0578680691826
2026-09-30 14:52:56,032 - modules.salary_history - INFO - Looking for salary history:, ('logistics_supply_chain', 'mid')
2026-09-30 14:52:56,032 - modules.salary_history - INFO - Salary lookup: ('logistics_supply_chain', 'mid'), count_min=1142 count_max=1142 avg_min=7061.37302977233 avg_max=9427.69877408056 median_min=7000.0 median_max=8500.0 std_dev_min=1502.211187945818 std_dev_max=5502.350087223172
2026-09-30 14:52:56,035 - modules.salary_history - INFO - Looking for salary history:, ('finance_accounting', 'junior')
2026-09-30 14:52:56,036 - modules.salary_history - INFO - Salary lookup: ('finance_accounting', 'junior'), count_min=696 count_max=696 avg_min=5279.14367816092 avg_max=7454.270114942528 median_min=5000.0 median_max=7500.0 std_dev_min=969.1517388912574 std_dev_max=1463.5155610503543
2026-09-30 14:52:56,039 - modules.salary_history - INFO - Looking for salary history:, ('software_it', 'mid')
2026-09-30 14:52:56,039 - modules.salary_history - INFO - Salary lookup: ('software_it', 'mid'), count_min=505 count_max=505 avg_min=8676.440264026403 avg_max=12354.390099009901 median_min=7450.0 median_max=11100.0 std_dev_min=3595.8981301534177 std_dev_max=4288.264336088859
2026-09-30 14:52:56,045 - modules.salary_history - INFO - Looking for salary history:, ('software_it', 'senior')
2026-09-30 14:52:56,045 - modules.salary_history - INFO - Salary lookup: ('software_it', 'senior'), count_min=48 count_max=48 avg_min=12662.916666666666 avg_max=18005.694444444445 median_min=7000.0 median_max=14000.0 std_dev_min=9390.36422340619 std_dev_max=9364.09416626977
2026-09-30 14:52:56,056 - modules.salary_history - INFO - Looking for salary history:, ('sales_customer_service', 'manager')
2026-09-30 14:52:56,056 - modules.salary_history - INFO - Salary lookup: ('sales_customer_service', 'manager'), None
2026-09-30 14:52:56,059 - modules.salary_history - INFO - Looking for salary history:, ('engineering_production', 'mid')
2026-09-30 14:52:56,060 - modules.salary_history - INFO - Salary lookup: ('engineering_production', 'mid'), count_min=162 count_max=162 avg_min=6460.123456790124 avg_max=9375.061728395061 median_min=6000.0 median_max=9000.0 std_dev_min=1832.4710898736598 std_dev_max=2557.960233305465
2026-09-30 14:52:56,068 - modules.salary_history - INFO - Looking for salary history:, ('software_it', 'mid')
2026-09-30 14:52:56,069 - modules.salary_history - INFO - Salary lookup: ('software_it', 'mid'), count_min=505 count_max=505 avg_min=8676.440264026403 avg_max=12354.390099009901 median_min=7450.0 median_max=11100.0 std_dev_min=3595.8981301534177 std_dev_max=4288.264336088859
2026-09-30 14:52:56,080 - modules.salary_history - INFO - Looking for salary history:, ('finance_accounting', 'junior')
2026-09-30 14:52:56,080 - modules.salary_history - INFO - Salary lookup: ('finance_accounting', 'junior'), count_min=696 count_max=696 avg_min=5279.14367816092 avg_max=7454.270114942528 median_min=5000.0 median_max=7500.0 std_dev_min=969.1517388912574 std_dev_max=1463.5155610503543
2026-09-30 14:52:56,083 - modules.salary_history - INFO - Looking for salary history:, ('software_it', 'mid')
2026-09-30 14:52:56,084 - modules.salary_history - INFO - Salary lookup: ('software_it', 'mid'), count_min=505 count_max=505 avg_min=8676.440264026403 avg_max=12354.390099009901 median_min=7450.0 median_max=11100.0 std_dev_min=3595.8981301534177 std_dev_max=4288.264336088859
2026-09-30 14:52:56,087 - modules.salary_history - INFO - Looking for salary history:, ('software_it', 'senior')
2026-09-30 14:52:56,087 - modules.salary_history - INFO - Salary lookup: ('software_it', 'senior'), count_min=48 count_max=48 avg_min=12662.916666666666 avg_max=18005.694444444445 median_min=7000.0 median_max=14000.0 std_dev_min=9390.36422340619 std_dev_max=9364.09416626977
2026-09-30 14:52:56,100 - modules.salary_history - INFO - Looking for salary history:, ('software_it', 'mid')
2026-09-30 14:52:56,100 - modules.salary_history - INFO - Salary lookup: ('software_it', 'mid'), count_min=505 count_max=505 avg_min=8676.440264026403 avg_max=12354.390099009901 median_min=7450.0 median_max=11100.0 std_dev_min=3595.8981301534177 std_dev_max=4288.264336088859
2026-09-30 14:52:56,104 - modules.salary_history - INFO - Looking for salary history:, ('data_analytics', 'junior')
2026-09-30 14:52:56,105 - modules.salary_history - INFO - Salary lookup: ('data_analytics', 'junior'), count_min=831 count_max=831 avg_min=7001.696750902527 avg_max=9231.386281588448 median_min=7000.0 median_max=9100.0 std_dev_min=1524.4586270278216 std_dev_max=1924.9261763355235
2026-09-30 14:52:56,109 - modules.salary_history - INFO - Looking for salary history:, ('finance_accounting', 'junior')
2026-09-30 14:52:56,109 - modules.salary_history - INFO - Salary lookup: ('finance_accounting', 'junior'), count_min=696 count_max=696 avg_min=5279.14367816092 avg_max=7454.270114942528 median_min=5000.0 median_max=7500.0 std_dev_min=969.1517388912574 std_dev_max=1463.5155610503543
2026-09-30 14:52:56,113 - modules.salary_history - INFO - Looking for salary history:, ('finance_accounting', 'junior')
2026-09-30 14:52:56,113 - modules.salary_history - INFO - Salary lookup: ('finance_accounting', 'junior'), count_min=696 count_max=696 avg_min=5279.14367816092 avg_max=7454.270114942528 median_min=5000.0 median_max=7500.0 std_dev_min=969.1517388912574 std_dev_max=1463.5155610503543
2026-09-30 14:52:56,116 - modules.salary_history - INFO - Looking for salary history:, ('data_analytics', 'junior')
2026-09-30 14:52:56,116 - modules.salary_history - INFO - Salary lookup: ('data_analytics', 'junior'), count_min=831 count_max=831 avg_min=7001.696750902527 avg_max=9231.386281588448 median_min=7000.0 median_max=9100.0 std_dev_min=1524.4586270278216 std_dev_max=1924.9261763355235
2026-09-30 14:52:56,121 - modules.salary_history - INFO - Looking for salary history:, ('data_analytics', 'mid')
2026-09-30 14:52:56,122 - modules.salary_history - INFO - Salary lookup: ('data_analytics', 'mid'), count_min=2127 count_max=2127 avg_min=9315.26531891553 avg_max=15317.084782949381 median_min=9000.0 median_max=16000.0 std_dev_min=2578.855395744559 std_dev_max=3929.014794237795
2026-09-30 14:52:56,142 - modules.salary_history - INFO - Looking for salary history:, ('data_analytics', 'mid')
2026-09-30 14:52:56,143 - modules.salary_history - INFO - Salary lookup: ('data_analytics', 'mid'), count_min=2127 count_max=2127 avg_min=9315.26531891553 avg_max=15317.084782949381 median_min=9000.0 median_max=16000.0 std_dev_min=2578.855395744559 std_dev_max=3929.014794237795
2026-09-30 14:52:56,153 - modules.salary_history - INFO - Looking for salary history:, ('project_management', 'manager')
2026-09-30 14:52:56,154 - modules.salary_history - INFO - Salary lookup: ('project_management', 'manager'), count_min=35 count_max=35 avg_min=8704.57142857143 avg_max=15853.142857142857 median_min=6000.0 median_max=14000.0 std_dev_min=5560.799954543751 std_dev_max=5877.136042940208
2026-09-30 14:52:56,157 - modules.salary_history - INFO - Looking for salary history:, ('software_it', 'manager')
2026-09-30 14:52:56,157 - modules.salary_history - INFO - Salary lookup: ('software_it', 'manager'), None
2026-09-30 14:52:56,160 - modules.salary_history - INFO - Looking for salary history:, ('hr', 'manager')
2026-09-30 14:52:56,160 - modules.salary_history - INFO - Salary lookup: ('hr', 'manager'), count_min=1 count_max=1 avg_min=15000.0 avg_max=31700.0 median_min=15000.0 median_max=31700.0 std_dev_min=None std_dev_max=None
2026-09-30 14:52:56,163 - modules.salary_history - INFO - Looking for salary history:, ('finance_accounting', 'manager')
2026-09-30 14:52:56,163 - modules.salary_history - INFO - Salary lookup: ('finance_accounting', 'manager'), count_min=26 count_max=26 avg_min=10000.0 avg_max=14000.0 median_min=10000.0 median_max=14000.0 std_dev_min=0.0 std_dev_max=0.0
2026-09-30 14:52:56,171 - modules.salary_history - INFO - Looking for salary history:, ('data_analytics', 'junior')
2026-09-30 14:52:56,172 - modules.salary_history - INFO - Salary lookup: ('data_analytics', 'junior'), count_min=831 count_max=831 avg_min=7001.696750902527 avg_max=9231.386281588448 median_min=7000.0 median_max=9100.0 std_dev_min=1524.4586270278216 std_dev_max=1924.9261763355235
2026-09-30 14:52:56,175 - modules.salary_history - INFO - Looking for salary history:, ('data_analytics', 'junior')
2026-09-30 14:52:56,175 - modules.salary_history - INFO - Salary lookup: ('data_analytics', 'junior'), count_min=831 count_max=831 avg_min=7001.696750902527 avg_max=9231.386281588448 median_min=7000.0 median_max=9100.0 std_dev_min=1524.4586270278216 std_dev_max=1924.9261763355235
2026-09-30 14:52:56,178 - modules.salary_history - INFO - Looking for salary history:, ('data_analytics', 'mid')
2026-09-30 14:52:56,178 - modules.salary_history - INFO - Salary lookup: ('data_analytics', 'mid'), count_min=2127 count_max=2127 avg_min=9315.26531891553 avg_max=15317.084782949381 median_min=9000.0 median_max=16000.0 std_dev_min=2578.855395744559 std_dev_max=3929.014794237795
2026-09-30 14:52:56,194 - modules.salary_history - INFO - Looking for salary history:, ('data_analytics', 'mid')
2026-09-30 14:52:56,195 - modules.salary_history - INFO - Salary lookup: ('data_analytics', 'mid'), count_min=2127 count_max=2127 avg_min=9315.26531891553 avg_max=15317.084782949381 median_min=9000.0 median_max=16000.0 std_dev_min=2578.855395744559 std_dev_max=3929.014794237795
2026-09-30 14:52:56,198 - modules.salary_history - INFO - Looking for salary history:, ('data_analytics', 'senior')
2026-09-30 14:52:56,198 - modules.salary_history - INFO - Salary lookup: ('data_analytics', 'senior'), count_min=147 count_max=147 avg_min=14075.659863945579 avg_max=22422.34693877551 median_min=12833.0 median_max=22400.0 std_dev_min=3546.299007506042 std_dev_max=2954.6965786624764
2026-09-30 14:52:56,201 - modules.salary_history - INFO - Looking for salary history:, ('data_analytics', 'mid')
2026-09-30 14:52:56,202 - modules.salary_history - INFO - Salary lookup: ('data_analytics', 'mid'), count_min=2127 count_max=2127 avg_min=9315.26531891553 avg_max=15317.084782949381 median_min=9000.0 median_max=16000.0 std_dev_min=2578.855395744559 std_dev_max=3929.014794237795
2026-09-30 14:52:56,205 - modules.salary_history - INFO - Looking for salary history:, ('software_it', 'mid')
2026-09-30 14:52:56,205 - modules.salary_history - INFO - Salary lookup: ('software_it', 'mid'), count_min=505 count_max=505 avg_min=8676.440264026403 avg_max=12354.390099009901 median_min=7450.0 median_max=11100.0 std_dev_min=3595.8981301534177 std_dev_max=4288.264336088859
2026-09-30 14:52:56,213 - modules.salary_history - INFO - Looking for salary history:, ('data_analytics', 'junior')
2026-09-30 14:52:56,213 - modules.salary_history - INFO - Salary lookup: ('data_analytics', 'junior'), count_min=831 count_max=831 avg_min=7001.696750902527 avg_max=9231.386281588448 median_min=7000.0 median_max=9100.0 std_dev_min=1524.4586270278216 std_dev_max=1924.9261763355235
2026-09-30 14:52:56,216 - modules.salary_history - INFO - Looking for salary history:, ('data_analytics', 'mid')
2026-09-30 14:52:56,216 - modules.salary_history - INFO - Salary lookup: ('data_analytics', 'mid'), count_min=2127 count_max=2127 avg_min=9315.26531891553 avg_max=15317.084782949381 median_min=9000.0 median_max=16000.0 std_dev_min=2578.855395744559 std_dev_max=3929.014794237795
2026-09-30 14:52:56,235 - modules.salary_history - INFO - Looking for salary history:, ('data_analytics', 'mid')
2026-09-30 14:52:56,236 - modules.salary_history - INFO - Salary lookup: ('data_analytics', 'mid'), count_min=2127 count_max=2127 avg_min=9315.26531891553 avg_max=15317.084782949381 median_min=9000.0 median_max=16000.0 std_dev_min=2578.855395744559 std_dev_max=3929.014794237795
2026-09-30 14:52:56,240 - modules.salary_history - INFO - Looking for salary history:, ('data_analytics', 'mid')
2026-09-30 14:52:56,240 - modules.salary_history - INFO - Salary lookup: ('data_analytics', 'mid'), count_min=2127 count_max=2127 avg_min=9315.26531891553 avg_max=15317.084782949381 median_min=9000.0 median_max=16000.0 std_dev_min=2578.855395744559 std_dev_max=3929.014794237795
2026-09-30 14:52:56,244 - modules.salary_history - INFO - Looking for salary history:, ('software_it', 'mid')
2026-09-30 14:52:56,244 - modules.salary_history - INFO - Salary lookup: ('software_it', 'mid'), count_min=505 count_max=505 avg_min=8676.440264026403 avg_max=12354.390099009901 median_min=7450.0 median_max=11100.0 std_dev_min=3595.8981301534177 std_dev_max=4288.264336088859
2026-09-30 14:52:56,247 - modules.salary_history - INFO - Looking for salary history:, ('data_analytics', 'mid')
2026-09-30 14:52:56,247 - modules.salary_history - INFO - Salary lookup: ('data_analytics', 'mid'), count_min=2127 count_max=2127 avg_min=9315.26531891553 avg_max=15317.084782949381 median_min=9000.0 median_max=16000.0 std_dev_min=2578.855395744559 std_dev_max=3929.014794237795
2026-09-30 14:52:56,259 - modules.salary_history - INFO - Looking for salary history:, ('software_it', 'mid')
2026-09-30 14:52:56,260 - modules.salary_history - INFO - Salary lookup: ('software_it', 'mid'), count_min=505 count_max=505 avg_min=8676.440264026403 avg_max=12354.390099009901 median_min=7450.0 median_max=11100.0 std_dev_min=3595.8981301534177 std_dev_max=4288.264336088859
2026-09-30 14:52:56,263 - modules.salary_history - INFO - Looking for salary history:, ('administration', 'intern')
2026-09-30 14:52:56,263 - modules.salary_history - INFO - Salary lookup: ('administration', 'intern'), count_min=22 count_max=22 avg_min=6490.363636363636 avg_max=7774.454545454545 median_min=6443.0 median_max=7368.0 std_dev_min=122.36461730050712 std_dev_max=919.1888622596363
2026-09-30 14:52:56,268 - modules.salary_history - INFO - Looking for salary history:, ('hr', 'intern')
2026-09-30 14:52:56,268 - modules.salary_history - INFO - Salary lookup: ('hr', 'intern'), count_min=1 count_max=1 avg_min=9000.0 avg_max=14000.0 median_min=9000.0 median_max=14000.0 std_dev_min=None std_dev_max=None
2026-09-30 14:52:56,271 - modules.salary_history - INFO - Looking for salary history:, ('it_support', 'junior')
2026-09-30 14:52:56,272 - modules.salary_history - INFO - Salary lookup: ('it_support', 'junior'), count_min=73 count_max=73 avg_min=5685.890410958904 avg_max=7214.767123287671 median_min=5500.0 median_max=7000.0 std_dev_min=1266.0819216258813 std_dev_max=1863.1818850240809
2026-09-30 14:52:56,277 - modules.salary_history - INFO - Looking for salary history:, ('logistics_supply_chain', 'mid')
2026-09-30 14:52:56,277 - modules.salary_history - INFO - Salary lookup: ('logistics_supply_chain', 'mid'), count_min=1142 count_max=1142 avg_min=7061.37302977233 avg_max=9427.69877408056 median_min=7000.0 median_max=8500.0 std_dev_min=1502.211187945818 std_dev_max=5502.350087223172
2026-09-30 14:52:56,295 - modules.salary_history - INFO - Looking for salary history:, ('software_it', 'junior')
2026-09-30 14:52:56,298 - modules.salary_history - INFO - Salary lookup: ('software_it', 'junior'), count_min=318 count_max=318 avg_min=6835.6163522012575 avg_max=9213.905660377359 median_min=6500.0 median_max=8750.0 std_dev_min=1693.5370236452802 std_dev_max=2162.1758648563323
2026-09-30 14:52:56,313 - modules.salary_history - INFO - Looking for salary history:, ('administration', 'mid')
2026-09-30 14:52:56,317 - modules.salary_history - INFO - Salary lookup: ('administration', 'mid'), count_min=894 count_max=894 avg_min=6190.884787472036 avg_max=7772.890380313199 median_min=6000.0 median_max=7000.0 std_dev_min=1715.7885545983888 std_dev_max=2719.2228332075842
2026-09-30 14:52:56,326 - modules.salary_history - INFO - Looking for salary history:, ('administration', 'mid')
2026-09-30 14:52:56,327 - modules.salary_history - INFO - Salary lookup: ('administration', 'mid'), count_min=894 count_max=894 avg_min=6190.884787472036 avg_max=7772.890380313199 median_min=6000.0 median_max=7000.0 std_dev_min=1715.7885545983888 std_dev_max=2719.2228332075842
2026-09-30 14:52:56,332 - modules.salary_history - INFO - Looking for salary history:, ('sales_customer_service', 'mid')
2026-09-30 14:52:56,332 - modules.salary_history - INFO - Salary lookup: ('sales_customer_service', 'mid'), count_min=396 count_max=396 avg_min=5881.416666666667 avg_max=8385.348484848484 median_min=5677.0 median_max=8000.0 std_dev_min=1083.4858632316275 std_dev_max=1805.6980219863158
2026-09-30 14:52:56,341 - modules.salary_history - INFO - Looking for salary history:, ('hr', 'junior')
2026-09-30 14:52:56,341 - modules.salary_history - INFO - Salary lookup: ('hr', 'junior'), count_min=97 count_max=97 avg_min=5934.639175257732 avg_max=6970.103092783505 median_min=6000.0 median_max=7000.0 std_dev_min=368.3353936282973 std_dev_max=654.0204106864721
2026-09-30 14:52:56,346 - modules.salary_history - INFO - Looking for salary history:, ('finance_accounting', 'junior')
2026-09-30 14:52:56,346 - modules.salary_history - INFO - Salary lookup: ('finance_accounting', 'junior'), count_min=696 count_max=696 avg_min=5279.14367816092 avg_max=7454.270114942528 median_min=5000.0 median_max=7500.0 std_dev_min=969.1517388912574 std_dev_max=1463.5155610503543
2026-09-30 14:52:56,350 - modules.salary_history - INFO - Looking for salary history:, ('legal_compliance_risk', 'mid')
2026-09-30 14:52:56,351 - modules.salary_history - INFO - Salary lookup: ('legal_compliance_risk', 'mid'), count_min=112 count_max=112 avg_min=6901.410714285715 avg_max=9742.57142857143 median_min=6750.0 median_max=9750.0 std_dev_min=2148.6118315710387 std_dev_max=2218.8355915297966
2026-09-30 14:52:56,360 - modules.salary_history - INFO - Looking for salary history:, ('sales_customer_service', 'mid')
2026-09-30 14:52:56,360 - modules.salary_history - INFO - Salary lookup: ('sales_customer_service', 'mid'), count_min=396 count_max=396 avg_min=5881.416666666667 avg_max=8385.348484848484 median_min=5677.0 median_max=8000.0 std_dev_min=1083.4858632316275 std_dev_max=1805.6980219863158
2026-09-30 14:52:56,367 - modules.salary_history - INFO - Looking for salary history:, ('logistics_supply_chain', 'junior')
2026-09-30 14:52:56,367 - modules.salary_history - INFO - Salary lookup: ('logistics_supply_chain', 'junior'), count_min=312 count_max=312 avg_min=5309.846153846154 avg_max=6689.733974358975 median_min=5000.0 median_max=6500.0 std_dev_min=671.2836113493227 std_dev_max=1010.0578680691826
2026-09-30 14:52:56,386 - modules.salary_history - INFO - Looking for salary history:, ('project_management', 'junior')
2026-09-30 14:52:56,386 - modules.salary_history - INFO - Salary lookup: ('project_management', 'junior'), count_min=61 count_max=61 avg_min=5889.836065573771 avg_max=7457.377049180328 median_min=5500.0 median_max=7000.0 std_dev_min=1751.7139148115089 std_dev_max=1975.2180484184055
2026-09-30 14:52:56,392 - modules.salary_history - INFO - Looking for salary history:, ('logistics_supply_chain', 'mid')
2026-09-30 14:52:56,392 - modules.salary_history - INFO - Salary lookup: ('logistics_supply_chain', 'mid'), count_min=1142 count_max=1142 avg_min=7061.37302977233 avg_max=9427.69877408056 median_min=7000.0 median_max=8500.0 std_dev_min=1502.211187945818 std_dev_max=5502.350087223172
2026-09-30 14:52:56,395 - modules.salary_history - INFO - Looking for salary history:, ('administration', 'senior')
2026-09-30 14:52:56,395 - modules.salary_history - INFO - Salary lookup: ('administration', 'senior'), count_min=8 count_max=8 avg_min=7250.0 avg_max=9925.0 median_min=7000.0 median_max=9400.0 std_dev_min=1164.964745021435 std_dev_max=2108.3168642308015
2026-09-30 14:52:56,400 - modules.salary_history - INFO - Looking for salary history:, ('software_it', 'mid')
2026-09-30 14:52:56,401 - modules.salary_history - INFO - Salary lookup: ('software_it', 'mid'), count_min=505 count_max=505 avg_min=8676.440264026403 avg_max=12354.390099009901 median_min=7450.0 median_max=11100.0 std_dev_min=3595.8981301534177 std_dev_max=4288.264336088859
2026-09-30 14:52:56,415 - modules.salary_history - INFO - Looking for salary history:, ('administration', 'senior')
2026-09-30 14:52:56,415 - modules.salary_history - INFO - Salary lookup: ('administration', 'senior'), count_min=8 count_max=8 avg_min=7250.0 avg_max=9925.0 median_min=7000.0 median_max=9400.0 std_dev_min=1164.964745021435 std_dev_max=2108.3168642308015
2026-09-30 14:52:56,425 - modules.salary_history - INFO - Looking for salary history:, ('procurement', 'junior')
2026-09-30 14:52:56,425 - modules.salary_history - INFO - Salary lookup: ('procurement', 'junior'), count_min=141 count_max=141 avg_min=6523.404255319149 avg_max=8736.170212765957 median_min=6500.0 median_max=8500.0 std_dev_min=657.4450871009619 std_dev_max=1202.4544301282083
2026-09-30 14:52:56,436 - modules.salary_history - INFO - Looking for salary history:, ('sales_customer_service', 'intern')
2026-09-30 14:52:56,437 - modules.salary_history - INFO - Salary lookup: ('sales_customer_service', 'intern'), count_min=7 count_max=7 avg_min=5134.857142857143 avg_max=5571.428571428572 median_min=5024.0 median_max=5024.0 std_dev_min=204.08774956819315 std_dev_max=1117.405157368752
2026-09-30 14:52:56,440 - modules.salary_history - INFO - Looking for salary history:, ('logistics_supply_chain', 'mid')
2026-09-30 14:52:56,440 - modules.salary_history - INFO - Salary lookup: ('logistics_supply_chain', 'mid'), count_min=1142 count_max=1142 avg_min=7061.37302977233 avg_max=9427.69877408056 median_min=7000.0 median_max=8500.0 std_dev_min=1502.211187945818 std_dev_max=5502.350087223172
2026-09-30 14:52:56,450 - modules.salary_history - INFO - Looking for salary history:, ('software_it', 'junior')
2026-09-30 14:52:56,450 - modules.salary_history - INFO - Salary lookup: ('software_it', 'junior'), count_min=318 count_max=318 avg_min=6835.6163522012575 avg_max=9213.905660377359 median_min=6500.0 median_max=8750.0 std_dev_min=1693.5370236452802 std_dev_max=2162.1758648563323
2026-09-30 14:52:56,453 - modules.salary_history - INFO - Looking for salary history:, ('data_analytics', 'junior')
2026-09-30 14:52:56,453 - modules.salary_history - INFO - Salary lookup: ('data_analytics', 'junior'), count_min=831 count_max=831 avg_min=7001.696750902527 avg_max=9231.386281588448 median_min=7000.0 median_max=9100.0 std_dev_min=1524.4586270278216 std_dev_max=1924.9261763355235
2026-09-30 14:52:56,456 - modules.salary_history - INFO - Looking for salary history:, ('software_it', 'junior')
2026-09-30 14:52:56,457 - modules.salary_history - INFO - Salary lookup: ('software_it', 'junior'), count_min=318 count_max=318 avg_min=6835.6163522012575 avg_max=9213.905660377359 median_min=6500.0 median_max=8750.0 std_dev_min=1693.5370236452802 std_dev_max=2162.1758648563323
2026-09-30 14:52:56,460 - modules.salary_history - INFO - Looking for salary history:, ('legal_compliance_risk', 'junior')
2026-09-30 14:52:56,460 - modules.salary_history - INFO - Salary lookup: ('legal_compliance_risk', 'junior'), count_min=36 count_max=36 avg_min=6231.444444444444 avg_max=8353.666666666666 median_min=6000.0 median_max=7900.0 std_dev_min=1103.5878745371376 std_dev_max=1860.9078276091868
2026-09-30 14:52:56,471 - modules.salary_history - INFO - Looking for salary history:, ('data_analytics', 'junior')
2026-09-30 14:52:56,471 - modules.salary_history - INFO - Salary lookup: ('data_analytics', 'junior'), count_min=831 count_max=831 avg_min=7001.696750902527 avg_max=9231.386281588448 median_min=7000.0 median_max=9100.0 std_dev_min=1524.4586270278216 std_dev_max=1924.9261763355235
2026-09-30 14:52:56,490 - modules.salary_history - INFO - Looking for salary history:, ('administration', 'senior')
2026-09-30 14:52:56,490 - modules.salary_history - INFO - Salary lookup: ('administration', 'senior'), count_min=8 count_max=8 avg_min=7250.0 avg_max=9925.0 median_min=7000.0 median_max=9400.0 std_dev_min=1164.964745021435 std_dev_max=2108.3168642308015
2026-09-30 14:52:56,493 - modules.salary_history - INFO - Looking for salary history:, ('software_it', 'mid')
2026-09-30 14:52:56,493 - modules.salary_history - INFO - Salary lookup: ('software_it', 'mid'), count_min=505 count_max=505 avg_min=8676.440264026403 avg_max=12354.390099009901 median_min=7450.0 median_max=11100.0 std_dev_min=3595.8981301534177 std_dev_max=4288.264336088859
2026-09-30 14:52:56,496 - modules.salary_history - INFO - Looking for salary history:, ('marketing', 'manager')
2026-09-30 14:52:56,496 - modules.salary_history - INFO - Salary lookup: ('marketing', 'manager'), None
2026-09-30 14:52:56,499 - modules.salary_history - INFO - Looking for salary history:, ('customer_operations', 'senior')
2026-09-30 14:52:56,499 - modules.salary_history - INFO - Salary lookup: ('customer_operations', 'senior'), count_min=2 count_max=2 avg_min=8500.0 avg_max=10500.0 median_min=8500.0 median_max=10500.0 std_dev_min=0.0 std_dev_max=0.0
2026-09-30 14:52:56,502 - modules.salary_history - INFO - Looking for salary history:, ('customer_operations', 'mid')
2026-09-30 14:52:56,502 - modules.salary_history - INFO - Salary lookup: ('customer_operations', 'mid'), count_min=59 count_max=59 avg_min=8393.49152542373 avg_max=9434.661016949152 median_min=6600.0 median_max=7200.0 std_dev_min=3396.4313999015626 std_dev_max=3111.716299951709
2026-09-30 14:52:56,505 - modules.salary_history - INFO - Looking for salary history:, ('it_support', 'mid')
2026-09-30 14:52:56,505 - modules.salary_history - INFO - Salary lookup: ('it_support', 'mid'), count_min=130 count_max=130 avg_min=6961.4384615384615 avg_max=9987.030769230769 median_min=7000.0 median_max=10000.0 std_dev_min=1171.6752996507046 std_dev_max=2041.5886994325194
2026-09-30 14:52:56,509 - modules.salary_history - INFO - Looking for salary history:, ('it_support', 'mid')
2026-09-30 14:52:56,509 - modules.salary_history - INFO - Salary lookup: ('it_support', 'mid'), count_min=130 count_max=130 avg_min=6961.4384615384615 avg_max=9987.030769230769 median_min=7000.0 median_max=10000.0 std_dev_min=1171.6752996507046 std_dev_max=2041.5886994325194
2026-09-30 14:52:56,512 - modules.salary_history - INFO - Looking for salary history:, ('it_support', 'mid')
2026-09-30 14:52:56,512 - modules.salary_history - INFO - Salary lookup: ('it_support', 'mid'), count_min=130 count_max=130 avg_min=6961.4384615384615 avg_max=9987.030769230769 median_min=7000.0 median_max=10000.0 std_dev_min=1171.6752996507046 std_dev_max=2041.5886994325194
2026-09-30 14:52:56,522 - modules.salary_history - INFO - Looking for salary history:, ('software_it', 'junior')
2026-09-30 14:52:56,522 - modules.salary_history - INFO - Salary lookup: ('software_it', 'junior'), count_min=318 count_max=318 avg_min=6835.6163522012575 avg_max=9213.905660377359 median_min=6500.0 median_max=8750.0 std_dev_min=1693.5370236452802 std_dev_max=2162.1758648563323
2026-09-30 14:52:56,532 - modules.salary_history - INFO - Looking for salary history:, ('software_it', 'mid')
2026-09-30 14:52:56,533 - modules.salary_history - INFO - Salary lookup: ('software_it', 'mid'), count_min=505 count_max=505 avg_min=8676.440264026403 avg_max=12354.390099009901 median_min=7450.0 median_max=11100.0 std_dev_min=3595.8981301534177 std_dev_max=4288.264336088859
2026-09-30 14:52:56,536 - modules.salary_history - INFO - Looking for salary history:, ('marketing', 'manager')
2026-09-30 14:52:56,536 - modules.salary_history - INFO - Salary lookup: ('marketing', 'manager'), None
2026-09-30 14:52:56,539 - modules.salary_history - INFO - Looking for salary history:, ('customer_operations', 'mid')
2026-09-30 14:52:56,540 - modules.salary_history - INFO - Salary lookup: ('customer_operations', 'mid'), count_min=59 count_max=59 avg_min=8393.49152542373 avg_max=9434.661016949152 median_min=6600.0 median_max=7200.0 std_dev_min=3396.4313999015626 std_dev_max=3111.716299951709
2026-09-30 14:52:56,543 - modules.salary_history - INFO - Looking for salary history:, ('it_support', 'mid')
2026-09-30 14:52:56,543 - modules.salary_history - INFO - Salary lookup: ('it_support', 'mid'), count_min=130 count_max=130 avg_min=6961.4384615384615 avg_max=9987.030769230769 median_min=7000.0 median_max=10000.0 std_dev_min=1171.6752996507046 std_dev_max=2041.5886994325194
2026-09-30 14:52:56,546 - modules.salary_history - INFO - Looking for salary history:, ('it_support', 'mid')
2026-09-30 14:52:56,546 - modules.salary_history - INFO - Salary lookup: ('it_support', 'mid'), count_min=130 count_max=130 avg_min=6961.4384615384615 avg_max=9987.030769230769 median_min=7000.0 median_max=10000.0 std_dev_min=1171.6752996507046 std_dev_max=2041.5886994325194
2026-09-30 14:52:56,550 - modules.salary_history - INFO - Looking for salary history:, ('it_support', 'mid')
2026-09-30 14:52:56,550 - modules.salary_history - INFO - Salary lookup: ('it_support', 'mid'), count_min=130 count_max=130 avg_min=6961.4384615384615 avg_max=9987.030769230769 median_min=7000.0 median_max=10000.0 std_dev_min=1171.6752996507046 std_dev_max=2041.5886994325194
2026-09-30 14:52:56,553 - modules.salary_history - INFO - Looking for salary history:, ('it_support', 'mid')
2026-09-30 14:52:56,553 - modules.salary_history - INFO - Salary lookup: ('it_support', 'mid'), count_min=130 count_max=130 avg_min=6961.4384615384615 avg_max=9987.030769230769 median_min=7000.0 median_max=10000.0 std_dev_min=1171.6752996507046 std_dev_max=2041.5886994325194
2026-09-30 14:52:56,557 - modules.salary_history - INFO - Looking for salary history:, ('it_support', 'mid')
2026-09-30 14:52:56,557 - modules.salary_history - INFO - Salary lookup: ('it_support', 'mid'), count_min=130 count_max=130 avg_min=6961.4384615384615 avg_max=9987.030769230769 median_min=7000.0 median_max=10000.0 std_dev_min=1171.6752996507046 std_dev_max=2041.5886994325194
2026-09-30 14:52:56,560 - modules.salary_history - INFO - Looking for salary history:, ('it_support', 'mid')
2026-09-30 14:52:56,560 - modules.salary_history - INFO - Salary lookup: ('it_support', 'mid'), count_min=130 count_max=130 avg_min=6961.4384615384615 avg_max=9987.030769230769 median_min=7000.0 median_max=10000.0 std_dev_min=1171.6752996507046 std_dev_max=2041.5886994325194
2026-09-30 14:52:56,563 - modules.salary_history - INFO - Looking for salary history:, ('it_support', 'mid')
2026-09-30 14:52:56,563 - modules.salary_history - INFO - Salary lookup: ('it_support', 'mid'), count_min=130 count_max=130 avg_min=6961.4384615384615 avg_max=9987.030769230769 median_min=7000.0 median_max=10000.0 std_dev_min=1171.6752996507046 std_dev_max=2041.5886994325194
2026-09-30 14:52:56,576 - modules.salary_history - INFO - Looking for salary history:, ('data_analytics', 'mid')
2026-09-30 14:52:56,576 - modules.salary_history - INFO - Salary lookup: ('data_analytics', 'mid'), count_min=2127 count_max=2127 avg_min=9315.26531891553 avg_max=15317.084782949381 median_min=9000.0 median_max=16000.0 std_dev_min=2578.855395744559 std_dev_max=3929.014794237795
2026-09-30 14:52:56,582 - modules.salary_history - INFO - Looking for salary history:, ('finance_accounting', 'intern')
2026-09-30 14:52:56,582 - modules.salary_history - INFO - Salary lookup: ('finance_accounting', 'intern'), count_min=86 count_max=86 avg_min=6440.232558139535 avg_max=7224.186046511628 median_min=5120.0 median_max=5600.0 std_dev_min=3774.0120566982782 std_dev_max=3798.8433116089363
2026-09-30 14:52:56,586 - modules.salary_history - INFO - Looking for salary history:, ('project_management', 'junior')
2026-09-30 14:52:56,586 - modules.salary_history - INFO - Salary lookup: ('project_management', 'junior'), count_min=61 count_max=61 avg_min=5889.836065573771 avg_max=7457.377049180328 median_min=5500.0 median_max=7000.0 std_dev_min=1751.7139148115089 std_dev_max=1975.2180484184055
2026-09-30 14:52:56,591 - modules.salary_history - INFO - Looking for salary history:, ('finance_accounting', 'junior')
2026-09-30 14:52:56,591 - modules.salary_history - INFO - Salary lookup: ('finance_accounting', 'junior'), count_min=696 count_max=696 avg_min=5279.14367816092 avg_max=7454.270114942528 median_min=5000.0 median_max=7500.0 std_dev_min=969.1517388912574 std_dev_max=1463.5155610503543
2026-09-30 14:52:56,594 - modules.salary_history - INFO - Looking for salary history:, ('logistics_supply_chain', 'mid')
2026-09-30 14:52:56,594 - modules.salary_history - INFO - Salary lookup: ('logistics_supply_chain', 'mid'), count_min=1142 count_max=1142 avg_min=7061.37302977233 avg_max=9427.69877408056 median_min=7000.0 median_max=8500.0 std_dev_min=1502.211187945818 std_dev_max=5502.350087223172
2026-09-30 14:52:56,597 - modules.salary_history - INFO - Looking for salary history:, ('software_it', 'junior')
2026-09-30 14:52:56,597 - modules.salary_history - INFO - Salary lookup: ('software_it', 'junior'), count_min=318 count_max=318 avg_min=6835.6163522012575 avg_max=9213.905660377359 median_min=6500.0 median_max=8750.0 std_dev_min=1693.5370236452802 std_dev_max=2162.1758648563323
2026-09-30 14:52:56,600 - modules.salary_history - INFO - Looking for salary history:, ('finance_accounting', 'mid')
2026-09-30 14:52:56,601 - modules.salary_history - INFO - Salary lookup: ('finance_accounting', 'mid'), count_min=1002 count_max=1002 avg_min=7232.041916167665 avg_max=10088.20359281437 median_min=7000.0 median_max=10000.0 std_dev_min=1511.6394888647312 std_dev_max=1987.2566461052725
2026-09-30 14:52:56,607 - modules.salary_history - INFO - Looking for salary history:, ('finance_accounting', 'mid')
2026-09-30 14:52:56,607 - modules.salary_history - INFO - Salary lookup: ('finance_accounting', 'mid'), count_min=1002 count_max=1002 avg_min=7232.041916167665 avg_max=10088.20359281437 median_min=7000.0 median_max=10000.0 std_dev_min=1511.6394888647312 std_dev_max=1987.2566461052725
2026-09-30 14:52:56,614 - modules.salary_history - INFO - Looking for salary history:, ('logistics_supply_chain', 'mid')
2026-09-30 14:52:56,614 - modules.salary_history - INFO - Salary lookup: ('logistics_supply_chain', 'mid'), count_min=1142 count_max=1142 avg_min=7061.37302977233 avg_max=9427.69877408056 median_min=7000.0 median_max=8500.0 std_dev_min=1502.211187945818 std_dev_max=5502.350087223172
2026-09-30 14:52:56,617 - modules.salary_history - INFO - Looking for salary history:, ('administration', 'intern')
2026-09-30 14:52:56,618 - modules.salary_history - INFO - Salary lookup: ('administration', 'intern'), count_min=22 count_max=22 avg_min=6490.363636363636 avg_max=7774.454545454545 median_min=6443.0 median_max=7368.0 std_dev_min=122.36461730050712 std_dev_max=919.1888622596363
2026-09-30 14:52:56,633 - modules.salary_history - INFO - Looking for salary history:, ('procurement', 'junior')
2026-09-30 14:52:56,633 - modules.salary_history - INFO - Salary lookup: ('procurement', 'junior'), count_min=141 count_max=141 avg_min=6523.404255319149 avg_max=8736.170212765957 median_min=6500.0 median_max=8500.0 std_dev_min=657.4450871009619 std_dev_max=1202.4544301282083
2026-09-30 14:52:56,644 - modules.salary_history - INFO - Looking for salary history:, ('administration', 'mid')
2026-09-30 14:52:56,645 - modules.salary_history - INFO - Salary lookup: ('administration', 'mid'), count_min=894 count_max=894 avg_min=6190.884787472036 avg_max=7772.890380313199 median_min=6000.0 median_max=7000.0 std_dev_min=1715.7885545983888 std_dev_max=2719.2228332075842
2026-09-30 14:52:56,648 - modules.salary_history - INFO - Looking for salary history:, ('logistics_supply_chain', 'mid')
2026-09-30 14:52:56,648 - modules.salary_history - INFO - Salary lookup: ('logistics_supply_chain', 'mid'), count_min=1142 count_max=1142 avg_min=7061.37302977233 avg_max=9427.69877408056 median_min=7000.0 median_max=8500.0 std_dev_min=1502.211187945818 std_dev_max=5502.350087223172
2026-09-30 14:52:56,673 - modules.salary_history - INFO - Looking for salary history:, ('administration', 'senior')
2026-09-30 14:52:56,673 - modules.salary_history - INFO - Salary lookup: ('administration', 'senior'), count_min=8 count_max=8 avg_min=7250.0 avg_max=9925.0 median_min=7000.0 median_max=9400.0 std_dev_min=1164.964745021435 std_dev_max=2108.3168642308015
2026-09-30 14:52:56,676 - modules.salary_history - INFO - Looking for salary history:, ('finance_accounting', 'junior')
2026-09-30 14:52:56,677 - modules.salary_history - INFO - Salary lookup: ('finance_accounting', 'junior'), count_min=696 count_max=696 avg_min=5279.14367816092 avg_max=7454.270114942528 median_min=5000.0 median_max=7500.0 std_dev_min=969.1517388912574 std_dev_max=1463.5155610503543
2026-09-30 14:52:56,679 - modules.salary_history - INFO - Looking for salary history:, ('logistics_supply_chain', 'mid')
2026-09-30 14:52:56,680 - modules.salary_history - INFO - Salary lookup: ('logistics_supply_chain', 'mid'), count_min=1142 count_max=1142 avg_min=7061.37302977233 avg_max=9427.69877408056 median_min=7000.0 median_max=8500.0 std_dev_min=1502.211187945818 std_dev_max=5502.350087223172
2026-09-30 14:52:56,686 - modules.salary_history - INFO - Looking for salary history:, ('software_it', 'mid')
2026-09-30 14:52:56,686 - modules.salary_history - INFO - Salary lookup: ('software_it', 'mid'), count_min=505 count_max=505 avg_min=8676.440264026403 avg_max=12354.390099009901 median_min=7450.0 median_max=11100.0 std_dev_min=3595.8981301534177 std_dev_max=4288.264336088859
2026-09-30 14:52:56,690 - modules.salary_history - INFO - Looking for salary history:, ('administration', 'mid')
2026-09-30 14:52:56,690 - modules.salary_history - INFO - Salary lookup: ('administration', 'mid'), count_min=894 count_max=894 avg_min=6190.884787472036 avg_max=7772.890380313199 median_min=6000.0 median_max=7000.0 std_dev_min=1715.7885545983888 std_dev_max=2719.2228332075842
2026-09-30 14:52:56,693 - modules.salary_history - INFO - Looking for salary history:, ('administration', 'junior')
2026-09-30 14:52:56,693 - modules.salary_history - INFO - Salary lookup: ('administration', 'junior'), count_min=520 count_max=520 avg_min=5589.9365384615385 avg_max=7111.6442307692305 median_min=5500.0 median_max=7000.0 std_dev_min=782.7420417127731 std_dev_max=1493.4086349778422
2026-09-30 14:52:56,696 - modules.salary_history - INFO - Looking for salary history:, ('data_analytics', 'senior')
2026-09-30 14:52:56,696 - modules.salary_history - INFO - Salary lookup: ('data_analytics', 'senior'), count_min=147 count_max=147 avg_min=14075.659863945579 avg_max=22422.34693877551 median_min=12833.0 median_max=22400.0 std_dev_min=3546.299007506042 std_dev_max=2954.6965786624764
2026-09-30 14:52:56,701 - modules.salary_history - INFO - Looking for salary history:, ('data_analytics', 'mid')
2026-09-30 14:52:56,701 - modules.salary_history - INFO - Salary lookup: ('data_analytics', 'mid'), count_min=2127 count_max=2127 avg_min=9315.26531891553 avg_max=15317.084782949381 median_min=9000.0 median_max=16000.0 std_dev_min=2578.855395744559 std_dev_max=3929.014794237795
2026-09-30 14:52:56,705 - modules.salary_history - INFO - Looking for salary history:, ('data_analytics', 'mid')
2026-09-30 14:52:56,705 - modules.salary_history - INFO - Salary lookup: ('data_analytics', 'mid'), count_min=2127 count_max=2127 avg_min=9315.26531891553 avg_max=15317.084782949381 median_min=9000.0 median_max=16000.0 std_dev_min=2578.855395744559 std_dev_max=3929.014794237795
2026-09-30 14:52:56,708 - modules.salary_history - INFO - Looking for salary history:, ('data_analytics', 'mid')
2026-09-30 14:52:56,708 - modules.salary_history - INFO - Salary lookup: ('data_analytics', 'mid'), count_min=2127 count_max=2127 avg_min=9315.26531891553 avg_max=15317.084782949381 median_min=9000.0 median_max=16000.0 std_dev_min=2578.855395744559 std_dev_max=3929.014794237795
2026-09-30 14:52:56,711 - modules.salary_history - INFO - Looking for salary history:, ('data_analytics', 'mid')
2026-09-30 14:52:56,712 - modules.salary_history - INFO - Salary lookup: ('data_analytics', 'mid'), count_min=2127 count_max=2127 avg_min=9315.26531891553 avg_max=15317.084782949381 median_min=9000.0 median_max=16000.0 std_dev_min=2578.855395744559 std_dev_max=3929.014794237795
2026-09-30 14:52:56,714 - modules.salary_history - INFO - Looking for salary history:, ('data_analytics', 'senior')
2026-09-30 14:52:56,715 - modules.salary_history - INFO - Salary lookup: ('data_analytics', 'senior'), count_min=147 count_max=147 avg_min=14075.659863945579 avg_max=22422.34693877551 median_min=12833.0 median_max=22400.0 std_dev_min=3546.299007506042 std_dev_max=2954.6965786624764
2026-09-30 14:52:56,722 - modules.salary_history - INFO - Looking for salary history:, ('data_analytics', 'mid')
2026-09-30 14:52:56,723 - modules.salary_history - INFO - Salary lookup: ('data_analytics', 'mid'), count_min=2127 count_max=2127 avg_min=9315.26531891553 avg_max=15317.084782949381 median_min=9000.0 median_max=16000.0 std_dev_min=2578.855395744559 std_dev_max=3929.014794237795
2026-09-30 14:52:56,726 - modules.salary_history - INFO - Looking for salary history:, ('data_analytics', 'mid')
2026-09-30 14:52:56,727 - modules.salary_history - INFO - Salary lookup: ('data_analytics', 'mid'), count_min=2127 count_max=2127 avg_min=9315.26531891553 avg_max=15317.084782949381 median_min=9000.0 median_max=16000.0 std_dev_min=2578.855395744559 std_dev_max=3929.014794237795
2026-09-30 14:52:56,730 - modules.salary_history - INFO - Looking for salary history:, ('data_analytics', 'mid')
2026-09-30 14:52:56,730 - modules.salary_history - INFO - Salary lookup: ('data_analytics', 'mid'), count_min=2127 count_max=2127 avg_min=9315.26531891553 avg_max=15317.084782949381 median_min=9000.0 median_max=16000.0 std_dev_min=2578.855395744559 std_dev_max=3929.014794237795
2026-09-30 14:52:56,733 - modules.salary_history - INFO - Looking for salary history:, ('data_analytics', 'mid')
2026-09-30 14:52:56,733 - modules.salary_history - INFO - Salary lookup: ('data_analytics', 'mid'), count_min=2127 count_max=2127 avg_min=9315.26531891553 avg_max=15317.084782949381 median_min=9000.0 median_max=16000.0 std_dev_min=2578.855395744559 std_dev_max=3929.014794237795
2026-09-30 14:52:56,740 - modules.salary_history - INFO - Looking for salary history:, ('legal_compliance_risk', 'mid')
2026-09-30 14:52:56,741 - modules.salary_history - INFO - Salary lookup: ('legal_compliance_risk', 'mid'), count_min=112 count_max=112 avg_min=6901.410714285715 avg_max=9742.57142857143 median_min=6750.0 median_max=9750.0 std_dev_min=2148.6118315710387 std_dev_max=2218.8355915297966
2026-09-30 14:52:56,745 - modules.salary_history - INFO - Looking for salary history:, ('software_it', 'mid')
2026-09-30 14:52:56,746 - modules.salary_history - INFO - Salary lookup: ('software_it', 'mid'), count_min=505 count_max=505 avg_min=8676.440264026403 avg_max=12354.390099009901 median_min=7450.0 median_max=11100.0 std_dev_min=3595.8981301534177 std_dev_max=4288.264336088859
2026-09-30 14:52:56,756 - modules.salary_history - INFO - Looking for salary history:, ('data_analytics', 'junior')
2026-09-30 14:52:56,757 - modules.salary_history - INFO - Salary lookup: ('data_analytics', 'junior'), count_min=831 count_max=831 avg_min=7001.696750902527 avg_max=9231.386281588448 median_min=7000.0 median_max=9100.0 std_dev_min=1524.4586270278216 std_dev_max=1924.9261763355235
2026-09-30 14:52:56,760 - modules.salary_history - INFO - Looking for salary history:, ('data_analytics', 'mid')
2026-09-30 14:52:56,760 - modules.salary_history - INFO - Salary lookup: ('data_analytics', 'mid'), count_min=2127 count_max=2127 avg_min=9315.26531891553 avg_max=15317.084782949381 median_min=9000.0 median_max=16000.0 std_dev_min=2578.855395744559 std_dev_max=3929.014794237795
2026-09-30 14:52:56,763 - modules.salary_history - INFO - Looking for salary history:, ('data_analytics', 'junior')
2026-09-30 14:52:56,764 - modules.salary_history - INFO - Salary lookup: ('data_analytics', 'junior'), count_min=831 count_max=831 avg_min=7001.696750902527 avg_max=9231.386281588448 median_min=7000.0 median_max=9100.0 std_dev_min=1524.4586270278216 std_dev_max=1924.9261763355235
2026-09-30 14:52:56,767 - modules.salary_history - INFO - Looking for salary history:, ('data_analytics', 'mid')
2026-09-30 14:52:56,767 - modules.salary_history - INFO - Salary lookup: ('data_analytics', 'mid'), count_min=2127 count_max=2127 avg_min=9315.26531891553 avg_max=15317.084782949381 median_min=9000.0 median_max=16000.0 std_dev_min=2578.855395744559 std_dev_max=3929.014794237795
2026-09-30 14:52:56,770 - modules.salary_history - INFO - Looking for salary history:, ('legal_compliance_risk', 'mid')
2026-09-30 14:52:56,770 - modules.salary_history - INFO - Salary lookup: ('legal_compliance_risk', 'mid'), count_min=112 count_max=112 avg_min=6901.410714285715 avg_max=9742.57142857143 median_min=6750.0 median_max=9750.0 std_dev_min=2148.6118315710387 std_dev_max=2218.8355915297966
2026-09-30 14:52:56,776 - modules.salary_history - INFO - Looking for salary history:, ('data_analytics', 'mid')
2026-09-30 14:52:56,777 - modules.salary_history - INFO - Salary lookup: ('data_analytics', 'mid'), count_min=2127 count_max=2127 avg_min=9315.26531891553 avg_max=15317.084782949381 median_min=9000.0 median_max=16000.0 std_dev_min=2578.855395744559 std_dev_max=3929.014794237795
2026-09-30 14:52:56,780 - modules.salary_history - INFO - Looking for salary history:, ('data_analytics', 'junior')
2026-09-30 14:52:56,780 - modules.salary_history - INFO - Salary lookup: ('data_analytics', 'junior'), count_min=831 count_max=831 avg_min=7001.696750902527 avg_max=9231.386281588448 median_min=7000.0 median_max=9100.0 std_dev_min=1524.4586270278216 std_dev_max=1924.9261763355235
2026-09-30 14:52:56,784 - modules.salary_history - INFO - Looking for salary history:, ('data_analytics', 'junior')
2026-09-30 14:52:56,785 - modules.salary_history - INFO - Salary lookup: ('data_analytics', 'junior'), count_min=831 count_max=831 avg_min=7001.696750902527 avg_max=9231.386281588448 median_min=7000.0 median_max=9100.0 std_dev_min=1524.4586270278216 std_dev_max=1924.9261763355235
2026-09-30 14:52:56,788 - modules.salary_history - INFO - Looking for salary history:, ('data_analytics', 'mid')
2026-09-30 14:52:56,788 - modules.salary_history - INFO - Salary lookup: ('data_analytics', 'mid'), count_min=2127 count_max=2127 avg_min=9315.26531891553 avg_max=15317.084782949381 median_min=9000.0 median_max=16000.0 std_dev_min=2578.855395744559 std_dev_max=3929.014794237795
2026-09-30 14:52:56,791 - modules.salary_history - INFO - Looking for salary history:, ('data_analytics', 'mid')
2026-09-30 14:52:56,792 - modules.salary_history - INFO - Salary lookup: ('data_analytics', 'mid'), count_min=2127 count_max=2127 avg_min=9315.26531891553 avg_max=15317.084782949381 median_min=9000.0 median_max=16000.0 std_dev_min=2578.855395744559 std_dev_max=3929.014794237795
2026-09-30 14:52:56,795 - modules.salary_history - INFO - Looking for salary history:, ('legal_compliance_risk', 'mid')
2026-09-30 14:52:56,796 - modules.salary_history - INFO - Salary lookup: ('legal_compliance_risk', 'mid'), count_min=112 count_max=112 avg_min=6901.410714285715 avg_max=9742.57142857143 median_min=6750.0 median_max=9750.0 std_dev_min=2148.6118315710387 std_dev_max=2218.8355915297966
2026-09-30 14:52:56,800 - modules.salary_history - INFO - Looking for salary history:, ('finance_accounting', 'mid')
2026-09-30 14:52:56,801 - modules.salary_history - INFO - Salary lookup: ('finance_accounting', 'mid'), count_min=1002 count_max=1002 avg_min=7232.041916167665 avg_max=10088.20359281437 median_min=7000.0 median_max=10000.0 std_dev_min=1511.6394888647312 std_dev_max=1987.2566461052725
2026-09-30 14:52:56,806 - modules.salary_history - INFO - Looking for salary history:, ('data_analytics', 'mid')
2026-09-30 14:52:56,807 - modules.salary_history - INFO - Salary lookup: ('data_analytics', 'mid'), count_min=2127 count_max=2127 avg_min=9315.26531891553 avg_max=15317.084782949381 median_min=9000.0 median_max=16000.0 std_dev_min=2578.855395744559 std_dev_max=3929.014794237795
2026-09-30 14:52:56,810 - modules.salary_history - INFO - Looking for salary history:, ('logistics_supply_chain', 'mid')
2026-09-30 14:52:56,810 - modules.salary_history - INFO - Salary lookup: ('logistics_supply_chain', 'mid'), count_min=1142 count_max=1142 avg_min=7061.37302977233 avg_max=9427.69877408056 median_min=7000.0 median_max=8500.0 std_dev_min=1502.211187945818 std_dev_max=5502.350087223172
2026-09-30 14:52:56,825 - modules.salary_history - INFO - Looking for salary history:, ('data_analytics', 'mid')
2026-09-30 14:52:56,825 - modules.salary_history - INFO - Salary lookup: ('data_analytics', 'mid'), count_min=2127 count_max=2127 avg_min=9315.26531891553 avg_max=15317.084782949381 median_min=9000.0 median_max=16000.0 std_dev_min=2578.855395744559 std_dev_max=3929.014794237795
2026-09-30 14:52:56,828 - modules.salary_history - INFO - Looking for salary history:, ('software_it', 'mid')
2026-09-30 14:52:56,828 - modules.salary_history - INFO - Salary lookup: ('software_it', 'mid'), count_min=505 count_max=505 avg_min=8676.440264026403 avg_max=12354.390099009901 median_min=7450.0 median_max=11100.0 std_dev_min=3595.8981301534177 std_dev_max=4288.264336088859
2026-09-30 14:52:56,838 - modules.salary_history - INFO - Looking for salary history:, ('finance_accounting', 'mid')
2026-09-30 14:52:56,838 - modules.salary_history - INFO - Salary lookup: ('finance_accounting', 'mid'), count_min=1002 count_max=1002 avg_min=7232.041916167665 avg_max=10088.20359281437 median_min=7000.0 median_max=10000.0 std_dev_min=1511.6394888647312 std_dev_max=1987.2566461052725
2026-09-30 14:52:56,841 - modules.salary_history - INFO - Looking for salary history:, ('data_analytics', 'mid')
2026-09-30 14:52:56,842 - modules.salary_history - INFO - Salary lookup: ('data_analytics', 'mid'), count_min=2127 count_max=2127 avg_min=9315.26531891553 avg_max=15317.084782949381 median_min=9000.0 median_max=16000.0 std_dev_min=2578.855395744559 std_dev_max=3929.014794237795
2026-09-30 14:52:56,845 - modules.salary_history - INFO - Looking for salary history:, ('logistics_supply_chain', 'mid')
2026-09-30 14:52:56,845 - modules.salary_history - INFO - Salary lookup: ('logistics_supply_chain', 'mid'), count_min=1142 count_max=1142 avg_min=7061.37302977233 avg_max=9427.69877408056 median_min=7000.0 median_max=8500.0 std_dev_min=1502.211187945818 std_dev_max=5502.350087223172
2026-09-30 14:52:56,854 - modules.salary_history - INFO - Looking for salary history:, ('data_analytics', 'mid')
2026-09-30 14:52:56,855 - modules.salary_history - INFO - Salary lookup: ('data_analytics', 'mid'), count_min=2127 count_max=2127 avg_min=9315.26531891553 avg_max=15317.084782949381 median_min=9000.0 median_max=16000.0 std_dev_min=2578.855395744559 std_dev_max=3929.014794237795
2026-09-30 14:52:56,858 - modules.salary_history - INFO - Looking for salary history:, ('software_it', 'junior')
2026-09-30 14:52:56,859 - modules.salary_history - INFO - Salary lookup: ('software_it', 'junior'), count_min=318 count_max=318 avg_min=6835.6163522012575 avg_max=9213.905660377359 median_min=6500.0 median_max=8750.0 std_dev_min=1693.5370236452802 std_dev_max=2162.1758648563323
2026-09-30 14:52:56,868 - modules.salary_history - INFO - Looking for salary history:, ('it_support', 'manager')
2026-09-30 14:52:56,868 - modules.salary_history - INFO - Salary lookup: ('it_support', 'manager'), None
2026-09-30 14:52:56,873 - modules.salary_history - INFO - Looking for salary history:, ('project_management', 'manager')
2026-09-30 14:52:56,873 - modules.salary_history - INFO - Salary lookup: ('project_management', 'manager'), count_min=35 count_max=35 avg_min=8704.57142857143 avg_max=15853.142857142857 median_min=6000.0 median_max=14000.0 std_dev_min=5560.799954543751 std_dev_max=5877.136042940208
2026-09-30 14:52:56,882 - modules.salary_history - INFO - Looking for salary history:, ('data_analytics', 'mid')
2026-09-30 14:52:56,882 - modules.salary_history - INFO - Salary lookup: ('data_analytics', 'mid'), count_min=2127 count_max=2127 avg_min=9315.26531891553 avg_max=15317.084782949381 median_min=9000.0 median_max=16000.0 std_dev_min=2578.855395744559 std_dev_max=3929.014794237795
2026-09-30 14:52:56,885 - modules.salary_history - INFO - Looking for salary history:, ('data_analytics', 'senior')
2026-09-30 14:52:56,885 - modules.salary_history - INFO - Salary lookup: ('data_analytics', 'senior'), count_min=147 count_max=147 avg_min=14075.659863945579 avg_max=22422.34693877551 median_min=12833.0 median_max=22400.0 std_dev_min=3546.299007506042 std_dev_max=2954.6965786624764
2026-09-30 14:52:56,889 - modules.salary_history - INFO - Looking for salary history:, ('data_analytics', 'mid')
2026-09-30 14:52:56,889 - modules.salary_history - INFO - Salary lookup: ('data_analytics', 'mid'), count_min=2127 count_max=2127 avg_min=9315.26531891553 avg_max=15317.084782949381 median_min=9000.0 median_max=16000.0 std_dev_min=2578.855395744559 std_dev_max=3929.014794237795
2026-09-30 14:52:56,892 - modules.salary_history - INFO - Looking for salary history:, ('software_it', 'senior')
2026-09-30 14:52:56,893 - modules.salary_history - INFO - Salary lookup: ('software_it', 'senior'), count_min=48 count_max=48 avg_min=12662.916666666666 avg_max=18005.694444444445 median_min=7000.0 median_max=14000.0 std_dev_min=9390.36422340619 std_dev_max=9364.09416626977
2026-09-30 14:52:56,896 - modules.salary_history - INFO - Looking for salary history:, ('software_it', 'senior')
2026-09-30 14:52:56,896 - modules.salary_history - INFO - Salary lookup: ('software_it', 'senior'), count_min=48 count_max=48 avg_min=12662.916666666666 avg_max=18005.694444444445 median_min=7000.0 median_max=14000.0 std_dev_min=9390.36422340619 std_dev_max=9364.09416626977
2026-09-30 14:52:56,899 - modules.salary_history - INFO - Looking for salary history:, ('software_it', 'senior')
2026-09-30 14:52:56,899 - modules.salary_history - INFO - Salary lookup: ('software_it', 'senior'), count_min=48 count_max=48 avg_min=12662.916666666666 avg_max=18005.694444444445 median_min=7000.0 median_max=14000.0 std_dev_min=9390.36422340619 std_dev_max=9364.09416626977
2026-09-30 14:52:56,902 - modules.salary_history - INFO - Looking for salary history:, ('software_it', 'senior')
2026-09-30 14:52:56,902 - modules.salary_history - INFO - Salary lookup: ('software_it', 'senior'), count_min=48 count_max=48 avg_min=12662.916666666666 avg_max=18005.694444444445 median_min=7000.0 median_max=14000.0 std_dev_min=9390.36422340619 std_dev_max=9364.09416626977
2026-09-30 14:52:56,911 - modules.salary_history - INFO - Looking for salary history:, ('software_it', 'junior')
2026-09-30 14:52:56,911 - modules.salary_history - INFO - Salary lookup: ('software_it', 'junior'), count_min=318 count_max=318 avg_min=6835.6163522012575 avg_max=9213.905660377359 median_min=6500.0 median_max=8750.0 std_dev_min=1693.5370236452802 std_dev_max=2162.1758648563323
2026-09-30 14:52:56,918 - modules.salary_history - INFO - Looking for salary history:, ('data_analytics', 'mid')
2026-09-30 14:52:56,918 - modules.salary_history - INFO - Salary lookup: ('data_analytics', 'mid'), count_min=2127 count_max=2127 avg_min=9315.26531891553 avg_max=15317.084782949381 median_min=9000.0 median_max=16000.0 std_dev_min=2578.855395744559 std_dev_max=3929.014794237795
2026-09-30 14:52:56,921 - modules.salary_history - INFO - Looking for salary history:, ('data_analytics', 'mid')
2026-09-30 14:52:56,922 - modules.salary_history - INFO - Salary lookup: ('data_analytics', 'mid'), count_min=2127 count_max=2127 avg_min=9315.26531891553 avg_max=15317.084782949381 median_min=9000.0 median_max=16000.0 std_dev_min=2578.855395744559 std_dev_max=3929.014794237795
2026-09-30 14:52:56,925 - modules.salary_history - INFO - Looking for salary history:, ('software_it', 'mid')
2026-09-30 14:52:56,925 - modules.salary_history - INFO - Salary lookup: ('software_it', 'mid'), count_min=505 count_max=505 avg_min=8676.440264026403 avg_max=12354.390099009901 median_min=7450.0 median_max=11100.0 std_dev_min=3595.8981301534177 std_dev_max=4288.264336088859
2026-09-30 14:52:56,928 - modules.salary_history - INFO - Looking for salary history:, ('data_analytics', 'senior')
2026-09-30 14:52:56,928 - modules.salary_history - INFO - Salary lookup: ('data_analytics', 'senior'), count_min=147 count_max=147 avg_min=14075.659863945579 avg_max=22422.34693877551 median_min=12833.0 median_max=22400.0 std_dev_min=3546.299007506042 std_dev_max=2954.6965786624764
2026-09-30 14:52:56,932 - modules.salary_history - INFO - Looking for salary history:, ('data_analytics', 'senior')
2026-09-30 14:52:56,932 - modules.salary_history - INFO - Salary lookup: ('data_analytics', 'senior'), count_min=147 count_max=147 avg_min=14075.659863945579 avg_max=22422.34693877551 median_min=12833.0 median_max=22400.0 std_dev_min=3546.299007506042 std_dev_max=2954.6965786624764
2026-09-30 14:52:56,949 - modules.salary_history - INFO - Looking for salary history:, ('administration', 'mid')
2026-09-30 14:52:56,949 - modules.salary_history - INFO - Salary lookup: ('administration', 'mid'), count_min=894 count_max=894 avg_min=6190.884787472036 avg_max=7772.890380313199 median_min=6000.0 median_max=7000.0 std_dev_min=1715.7885545983888 std_dev_max=2719.2228332075842
2026-09-30 14:52:56,953 - modules.salary_history - INFO - Looking for salary history:, ('finance_accounting', 'mid')
2026-09-30 14:52:56,953 - modules.salary_history - INFO - Salary lookup: ('finance_accounting', 'mid'), count_min=1002 count_max=1002 avg_min=7232.041916167665 avg_max=10088.20359281437 median_min=7000.0 median_max=10000.0 std_dev_min=1511.6394888647312 std_dev_max=1987.2566461052725
2026-09-30 14:52:56,957 - modules.salary_history - INFO - Looking for salary history:, ('finance_accounting', 'mid')
2026-09-30 14:52:56,957 - modules.salary_history - INFO - Salary lookup: ('finance_accounting', 'mid'), count_min=1002 count_max=1002 avg_min=7232.041916167665 avg_max=10088.20359281437 median_min=7000.0 median_max=10000.0 std_dev_min=1511.6394888647312 std_dev_max=1987.2566461052725
2026-09-30 14:52:56,960 - modules.salary_history - INFO - Looking for salary history:, ('sales_customer_service', 'junior')
2026-09-30 14:52:56,960 - modules.salary_history - INFO - Salary lookup: ('sales_customer_service', 'junior'), count_min=164 count_max=164 avg_min=5749.426829268293 avg_max=8203.19512195122 median_min=5500.0 median_max=8000.0 std_dev_min=1608.8244882139884 std_dev_max=1570.0371176029264
2026-09-30 14:52:56,963 - modules.salary_history - INFO - Looking for salary history:, ('procurement', 'junior')
2026-09-30 14:52:56,963 - modules.salary_history - INFO - Salary lookup: ('procurement', 'junior'), count_min=141 count_max=141 avg_min=6523.404255319149 avg_max=8736.170212765957 median_min=6500.0 median_max=8500.0 std_dev_min=657.4450871009619 std_dev_max=1202.4544301282083
2026-09-30 14:52:56,977 - modules.salary_history - INFO - Looking for salary history:, ('finance_accounting', 'junior')
2026-09-30 14:52:56,977 - modules.salary_history - INFO - Salary lookup: ('finance_accounting', 'junior'), count_min=696 count_max=696 avg_min=5279.14367816092 avg_max=7454.270114942528 median_min=5000.0 median_max=7500.0 std_dev_min=969.1517388912574 std_dev_max=1463.5155610503543
2026-09-30 14:52:56,982 - modules.salary_history - INFO - Looking for salary history:, ('administration', 'mid')
2026-09-30 14:52:56,983 - modules.salary_history - INFO - Salary lookup: ('administration', 'mid'), count_min=894 count_max=894 avg_min=6190.884787472036 avg_max=7772.890380313199 median_min=6000.0 median_max=7000.0 std_dev_min=1715.7885545983888 std_dev_max=2719.2228332075842
2026-09-30 14:52:56,985 - modules.salary_history - INFO - Looking for salary history:, ('data_analytics', 'mid')
2026-09-30 14:52:56,985 - modules.salary_history - INFO - Salary lookup: ('data_analytics', 'mid'), count_min=2127 count_max=2127 avg_min=9315.26531891553 avg_max=15317.084782949381 median_min=9000.0 median_max=16000.0 std_dev_min=2578.855395744559 std_dev_max=3929.014794237795
2026-09-30 14:52:56,989 - modules.salary_history - INFO - Looking for salary history:, ('software_it', 'mid')
2026-09-30 14:52:56,989 - modules.salary_history - INFO - Salary lookup: ('software_it', 'mid'), count_min=505 count_max=505 avg_min=8676.440264026403 avg_max=12354.390099009901 median_min=7450.0 median_max=11100.0 std_dev_min=3595.8981301534177 std_dev_max=4288.264336088859
2026-09-30 14:52:56,992 - modules.salary_history - INFO - Looking for salary history:, ('data_analytics', 'mid')
2026-09-30 14:52:56,992 - modules.salary_history - INFO - Salary lookup: ('data_analytics', 'mid'), count_min=2127 count_max=2127 avg_min=9315.26531891553 avg_max=15317.084782949381 median_min=9000.0 median_max=16000.0 std_dev_min=2578.855395744559 std_dev_max=3929.014794237795
2026-09-30 14:52:56,995 - modules.salary_history - INFO - Looking for salary history:, ('procurement', 'mid')
2026-09-30 14:52:56,996 - modules.salary_history - INFO - Salary lookup: ('procurement', 'mid'), count_min=350 count_max=350 avg_min=6694.042857142857 avg_max=9492.102857142858 median_min=6550.0 median_max=9500.0 std_dev_min=1031.9430505003918 std_dev_max=1729.4754693641116
2026-09-30 14:52:56,999 - modules.salary_history - INFO - Looking for salary history:, ('administration', 'mid')
2026-09-30 14:52:56,999 - modules.salary_history - INFO - Salary lookup: ('administration', 'mid'), count_min=894 count_max=894 avg_min=6190.884787472036 avg_max=7772.890380313199 median_min=6000.0 median_max=7000.0 std_dev_min=1715.7885545983888 std_dev_max=2719.2228332075842
2026-09-30 14:52:57,007 - modules.salary_history - INFO - Looking for salary history:, ('procurement', 'intern')
2026-09-30 14:52:57,007 - modules.salary_history - INFO - Salary lookup: ('procurement', 'intern'), None
2026-09-30 14:52:57,010 - modules.salary_history - INFO - Looking for salary history:, ('administration', 'mid')
2026-09-30 14:52:57,010 - modules.salary_history - INFO - Salary lookup: ('administration', 'mid'), count_min=894 count_max=894 avg_min=6190.884787472036 avg_max=7772.890380313199 median_min=6000.0 median_max=7000.0 std_dev_min=1715.7885545983888 std_dev_max=2719.2228332075842
2026-09-30 14:52:57,016 - modules.salary_history - INFO - Looking for salary history:, ('finance_accounting', 'junior')
2026-09-30 14:52:57,016 - modules.salary_history - INFO - Salary lookup: ('finance_accounting', 'junior'), count_min=696 count_max=696 avg_min=5279.14367816092 avg_max=7454.270114942528 median_min=5000.0 median_max=7500.0 std_dev_min=969.1517388912574 std_dev_max=1463.5155610503543
2026-09-30 14:52:57,020 - modules.salary_history - INFO - Looking for salary history:, ('engineering_production', 'mid')
2026-09-30 14:52:57,020 - modules.salary_history - INFO - Salary lookup: ('engineering_production', 'mid'), count_min=162 count_max=162 avg_min=6460.123456790124 avg_max=9375.061728395061 median_min=6000.0 median_max=9000.0 std_dev_min=1832.4710898736598 std_dev_max=2557.960233305465
2026-09-30 14:52:57,024 - modules.salary_history - INFO - Looking for salary history:, ('legal_compliance_risk', 'mid')
2026-09-30 14:52:57,024 - modules.salary_history - INFO - Salary lookup: ('legal_compliance_risk', 'mid'), count_min=112 count_max=112 avg_min=6901.410714285715 avg_max=9742.57142857143 median_min=6750.0 median_max=9750.0 std_dev_min=2148.6118315710387 std_dev_max=2218.8355915297966
2026-09-30 14:52:57,030 - modules.salary_history - INFO - Looking for salary history:, ('sales_customer_service', 'junior')
2026-09-30 14:52:57,030 - modules.salary_history - INFO - Salary lookup: ('sales_customer_service', 'junior'), count_min=164 count_max=164 avg_min=5749.426829268293 avg_max=8203.19512195122 median_min=5500.0 median_max=8000.0 std_dev_min=1608.8244882139884 std_dev_max=1570.0371176029264
2026-09-30 14:52:57,034 - modules.salary_history - INFO - Looking for salary history:, ('logistics_supply_chain', 'mid')
2026-09-30 14:52:57,034 - modules.salary_history - INFO - Salary lookup: ('logistics_supply_chain', 'mid'), count_min=1142 count_max=1142 avg_min=7061.37302977233 avg_max=9427.69877408056 median_min=7000.0 median_max=8500.0 std_dev_min=1502.211187945818 std_dev_max=5502.350087223172
2026-09-30 14:52:57,038 - modules.salary_history - INFO - Looking for salary history:, ('legal_compliance_risk', 'mid')
2026-09-30 14:52:57,039 - modules.salary_history - INFO - Salary lookup: ('legal_compliance_risk', 'mid'), count_min=112 count_max=112 avg_min=6901.410714285715 avg_max=9742.57142857143 median_min=6750.0 median_max=9750.0 std_dev_min=2148.6118315710387 std_dev_max=2218.8355915297966
2026-09-30 14:52:57,044 - modules.salary_history - INFO - Looking for salary history:, ('logistics_supply_chain', 'mid')
2026-09-30 14:52:57,045 - modules.salary_history - INFO - Salary lookup: ('logistics_supply_chain', 'mid'), count_min=1142 count_max=1142 avg_min=7061.37302977233 avg_max=9427.69877408056 median_min=7000.0 median_max=8500.0 std_dev_min=1502.211187945818 std_dev_max=5502.350087223172
2026-09-30 14:52:57,048 - modules.salary_history - INFO - Looking for salary history:, ('data_analytics', 'mid')
2026-09-30 14:52:57,048 - modules.salary_history - INFO - Salary lookup: ('data_analytics', 'mid'), count_min=2127 count_max=2127 avg_min=9315.26531891553 avg_max=15317.084782949381 median_min=9000.0 median_max=16000.0 std_dev_min=2578.855395744559 std_dev_max=3929.014794237795
2026-09-30 14:52:57,055 - modules.salary_history - INFO - Looking for salary history:, ('administration', 'mid')
2026-09-30 14:52:57,055 - modules.salary_history - INFO - Salary lookup: ('administration', 'mid'), count_min=894 count_max=894 avg_min=6190.884787472036 avg_max=7772.890380313199 median_min=6000.0 median_max=7000.0 std_dev_min=1715.7885545983888 std_dev_max=2719.2228332075842
2026-09-30 14:52:57,059 - modules.salary_history - INFO - Looking for salary history:, ('administration', 'mid')
2026-09-30 14:52:57,059 - modules.salary_history - INFO - Salary lookup: ('administration', 'mid'), count_min=894 count_max=894 avg_min=6190.884787472036 avg_max=7772.890380313199 median_min=6000.0 median_max=7000.0 std_dev_min=1715.7885545983888 std_dev_max=2719.2228332075842
2026-09-30 14:52:57,062 - modules.salary_history - INFO - Looking for salary history:, ('administration', 'mid')
2026-09-30 14:52:57,062 - modules.salary_history - INFO - Salary lookup: ('administration', 'mid'), count_min=894 count_max=894 avg_min=6190.884787472036 avg_max=7772.890380313199 median_min=6000.0 median_max=7000.0 std_dev_min=1715.7885545983888 std_dev_max=2719.2228332075842
2026-09-30 14:52:57,065 - modules.salary_history - INFO - Looking for salary history:, ('administration', 'senior')
2026-09-30 14:52:57,065 - modules.salary_history - INFO - Salary lookup: ('administration', 'senior'), count_min=8 count_max=8 avg_min=7250.0 avg_max=9925.0 median_min=7000.0 median_max=9400.0 std_dev_min=1164.964745021435 std_dev_max=2108.3168642308015
2026-09-30 14:52:57,071 - modules.salary_history - INFO - Looking for salary history:, ('administration', 'junior')
2026-09-30 14:52:57,071 - modules.salary_history - INFO - Salary lookup: ('administration', 'junior'), count_min=520 count_max=520 avg_min=5589.9365384615385 avg_max=7111.6442307692305 median_min=5500.0 median_max=7000.0 std_dev_min=782.7420417127731 std_dev_max=1493.4086349778422
2026-09-30 14:52:57,075 - modules.salary_history - INFO - Looking for salary history:, ('hr', 'junior')
2026-09-30 14:52:57,076 - modules.salary_history - INFO - Salary lookup: ('hr', 'junior'), count_min=97 count_max=97 avg_min=5934.639175257732 avg_max=6970.103092783505 median_min=6000.0 median_max=7000.0 std_dev_min=368.3353936282973 std_dev_max=654.0204106864721
2026-09-30 14:52:57,097 - modules.salary_history - INFO - Looking for salary history:, ('logistics_supply_chain', 'intern')
2026-09-30 14:52:57,097 - modules.salary_history - INFO - Salary lookup: ('logistics_supply_chain', 'intern'), count_min=37 count_max=37 avg_min=6161.405405405405 avg_max=7028.4324324324325 median_min=5720.0 median_max=6470.0 std_dev_min=904.9406198892419 std_dev_max=1222.3432992171804
2026-09-30 14:52:57,100 - modules.salary_history - INFO - Looking for salary history:, ('logistics_supply_chain', 'mid')
2026-09-30 14:52:57,100 - modules.salary_history - INFO - Salary lookup: ('logistics_supply_chain', 'mid'), count_min=1142 count_max=1142 avg_min=7061.37302977233 avg_max=9427.69877408056 median_min=7000.0 median_max=8500.0 std_dev_min=1502.211187945818 std_dev_max=5502.350087223172
2026-09-30 14:52:57,103 - modules.salary_history - INFO - Looking for salary history:, ('finance_accounting', 'mid')
2026-09-30 14:52:57,103 - modules.salary_history - INFO - Salary lookup: ('finance_accounting', 'mid'), count_min=1002 count_max=1002 avg_min=7232.041916167665 avg_max=10088.20359281437 median_min=7000.0 median_max=10000.0 std_dev_min=1511.6394888647312 std_dev_max=1987.2566461052725
2026-09-30 14:52:57,106 - modules.salary_history - INFO - Looking for salary history:, ('project_management', 'junior')
2026-09-30 14:52:57,107 - modules.salary_history - INFO - Salary lookup: ('project_management', 'junior'), count_min=61 count_max=61 avg_min=5889.836065573771 avg_max=7457.377049180328 median_min=5500.0 median_max=7000.0 std_dev_min=1751.7139148115089 std_dev_max=1975.2180484184055
2026-09-30 14:52:57,109 - modules.salary_history - INFO - Looking for salary history:, ('software_it', 'mid')
2026-09-30 14:52:57,110 - modules.salary_history - INFO - Salary lookup: ('software_it', 'mid'), count_min=505 count_max=505 avg_min=8676.440264026403 avg_max=12354.390099009901 median_min=7450.0 median_max=11100.0 std_dev_min=3595.8981301534177 std_dev_max=4288.264336088859
2026-09-30 14:52:57,112 - modules.salary_history - INFO - Looking for salary history:, ('administration', 'mid')
2026-09-30 14:52:57,113 - modules.salary_history - INFO - Salary lookup: ('administration', 'mid'), count_min=894 count_max=894 avg_min=6190.884787472036 avg_max=7772.890380313199 median_min=6000.0 median_max=7000.0 std_dev_min=1715.7885545983888 std_dev_max=2719.2228332075842
2026-09-30 14:52:57,126 - modules.salary_history - INFO - Looking for salary history:, ('finance_accounting', 'intern')
2026-09-30 14:52:57,127 - modules.salary_history - INFO - Salary lookup: ('finance_accounting', 'intern'), count_min=86 count_max=86 avg_min=6440.232558139535 avg_max=7224.186046511628 median_min=5120.0 median_max=5600.0 std_dev_min=3774.0120566982782 std_dev_max=3798.8433116089363
2026-09-30 14:52:57,139 - modules.salary_history - INFO - Looking for salary history:, ('administration', 'senior')
2026-09-30 14:52:57,140 - modules.salary_history - INFO - Salary lookup: ('administration', 'senior'), count_min=8 count_max=8 avg_min=7250.0 avg_max=9925.0 median_min=7000.0 median_max=9400.0 std_dev_min=1164.964745021435 std_dev_max=2108.3168642308015
2026-09-30 14:52:57,146 - modules.salary_history - INFO - Looking for salary history:, ('customer_operations', 'mid')
2026-09-30 14:52:57,147 - modules.salary_history - INFO - Salary lookup: ('customer_operations', 'mid'), count_min=59 count_max=59 avg_min=8393.49152542373 avg_max=9434.661016949152 median_min=6600.0 median_max=7200.0 std_dev_min=3396.4313999015626 std_dev_max=3111.716299951709
2026-09-30 14:52:57,150 - modules.salary_history - INFO - Looking for salary history:, ('software_it', 'mid')
2026-09-30 14:52:57,150 - modules.salary_history - INFO - Salary lookup: ('software_it', 'mid'), count_min=505 count_max=505 avg_min=8676.440264026403 avg_max=12354.390099009901 median_min=7450.0 median_max=11100.0 std_dev_min=3595.8981301534177 std_dev_max=4288.264336088859
2026-09-30 14:52:57,159 - modules.salary_history - INFO - Looking for salary history:, ('procurement', 'junior')
2026-09-30 14:52:57,160 - modules.salary_history - INFO - Salary lookup: ('procurement', 'junior'), count_min=141 count_max=141 avg_min=6523.404255319149 avg_max=8736.170212765957 median_min=6500.0 median_max=8500.0 std_dev_min=657.4450871009619 std_dev_max=1202.4544301282083
2026-09-30 14:52:57,162 - modules.salary_history - INFO - Looking for salary history:, ('engineering_production', 'mid')
2026-09-30 14:52:57,162 - modules.salary_history - INFO - Salary lookup: ('engineering_production', 'mid'), count_min=162 count_max=162 avg_min=6460.123456790124 avg_max=9375.061728395061 median_min=6000.0 median_max=9000.0 std_dev_min=1832.4710898736598 std_dev_max=2557.960233305465
2026-09-30 14:52:57,165 - modules.salary_history - INFO - Looking for salary history:, ('marketing', 'mid')
2026-09-30 14:52:57,165 - modules.salary_history - INFO - Salary lookup: ('marketing', 'mid'), count_min=107 count_max=107 avg_min=7885.046728971963 avg_max=10598.130841121496 median_min=8000.0 median_max=10500.0 std_dev_min=1607.3418662979864 std_dev_max=2336.3809018582892
2026-09-30 14:52:57,169 - modules.salary_history - INFO - Looking for salary history:, ('software_it', 'mid')
2026-09-30 14:52:57,169 - modules.salary_history - INFO - Salary lookup: ('software_it', 'mid'), count_min=505 count_max=505 avg_min=8676.440264026403 avg_max=12354.390099009901 median_min=7450.0 median_max=11100.0 std_dev_min=3595.8981301534177 std_dev_max=4288.264336088859
2026-09-30 14:52:57,190 - modules.salary_history - INFO - Looking for salary history:, ('customer_operations', 'mid')
2026-09-30 14:52:57,190 - modules.salary_history - INFO - Salary lookup: ('customer_operations', 'mid'), count_min=59 count_max=59 avg_min=8393.49152542373 avg_max=9434.661016949152 median_min=6600.0 median_max=7200.0 std_dev_min=3396.4313999015626 std_dev_max=3111.716299951709
2026-09-30 14:52:57,199 - modules.salary_history - INFO - Looking for salary history:, ('software_it', 'mid')
2026-09-30 14:52:57,199 - modules.salary_history - INFO - Salary lookup: ('software_it', 'mid'), count_min=505 count_max=505 avg_min=8676.440264026403 avg_max=12354.390099009901 median_min=7450.0 median_max=11100.0 std_dev_min=3595.8981301534177 std_dev_max=4288.264336088859
2026-09-30 14:52:57,204 - modules.salary_history - INFO - Looking for salary history:, ('data_analytics', 'mid')
2026-09-30 14:52:57,204 - modules.salary_history - INFO - Salary lookup: ('data_analytics', 'mid'), count_min=2127 count_max=2127 avg_min=9315.26531891553 avg_max=15317.084782949381 median_min=9000.0 median_max=16000.0 std_dev_min=2578.855395744559 std_dev_max=3929.014794237795
2026-09-30 14:52:57,207 - modules.salary_history - INFO - Looking for salary history:, ('data_analytics', 'mid')
2026-09-30 14:52:57,208 - modules.salary_history - INFO - Salary lookup: ('data_analytics', 'mid'), count_min=2127 count_max=2127 avg_min=9315.26531891553 avg_max=15317.084782949381 median_min=9000.0 median_max=16000.0 std_dev_min=2578.855395744559 std_dev_max=3929.014794237795
2026-09-30 14:52:57,211 - modules.salary_history - INFO - Looking for salary history:, ('administration', 'junior')
2026-09-30 14:52:57,211 - modules.salary_history - INFO - Salary lookup: ('administration', 'junior'), count_min=520 count_max=520 avg_min=5589.9365384615385 avg_max=7111.6442307692305 median_min=5500.0 median_max=7000.0 std_dev_min=782.7420417127731 std_dev_max=1493.4086349778422
2026-09-30 14:52:57,213 - modules.salary_history - INFO - Looking for salary history:, ('it_support', 'mid')
2026-09-30 14:52:57,213 - modules.salary_history - INFO - Salary lookup: ('it_support', 'mid'), count_min=130 count_max=130 avg_min=6961.4384615384615 avg_max=9987.030769230769 median_min=7000.0 median_max=10000.0 std_dev_min=1171.6752996507046 std_dev_max=2041.5886994325194
2026-09-30 14:52:57,223 - modules.salary_history - INFO - Looking for salary history:, ('data_analytics', 'mid')
2026-09-30 14:52:57,224 - modules.salary_history - INFO - Salary lookup: ('data_analytics', 'mid'), count_min=2127 count_max=2127 avg_min=9315.26531891553 avg_max=15317.084782949381 median_min=9000.0 median_max=16000.0 std_dev_min=2578.855395744559 std_dev_max=3929.014794237795
2026-09-30 14:52:57,228 - modules.salary_history - INFO - Looking for salary history:, ('data_analytics', 'mid')
2026-09-30 14:52:57,228 - modules.salary_history - INFO - Salary lookup: ('data_analytics', 'mid'), count_min=2127 count_max=2127 avg_min=9315.26531891553 avg_max=15317.084782949381 median_min=9000.0 median_max=16000.0 std_dev_min=2578.855395744559 std_dev_max=3929.014794237795
2026-09-30 14:52:57,241 - modules.salary_history - INFO - Looking for salary history:, ('logistics_supply_chain', 'manager')
2026-09-30 14:52:57,242 - modules.salary_history - INFO - Salary lookup: ('logistics_supply_chain', 'manager'), count_min=123 count_max=123 avg_min=7410.032520325203 avg_max=12176.991869918698 median_min=7000.0 median_max=11000.0 std_dev_min=2029.6244986428246 std_dev_max=4109.349383100976
2026-09-30 14:52:57,246 - modules.salary_history - INFO - Looking for salary history:, ('project_management', 'manager')
2026-09-30 14:52:57,247 - modules.salary_history - INFO - Salary lookup: ('project_management', 'manager'), count_min=35 count_max=35 avg_min=8704.57142857143 avg_max=15853.142857142857 median_min=6000.0 median_max=14000.0 std_dev_min=5560.799954543751 std_dev_max=5877.136042940208
2026-09-30 14:52:57,250 - modules.salary_history - INFO - Looking for salary history:, ('project_management', 'manager')
2026-09-30 14:52:57,250 - modules.salary_history - INFO - Salary lookup: ('project_management', 'manager'), count_min=35 count_max=35 avg_min=8704.57142857143 avg_max=15853.142857142857 median_min=6000.0 median_max=14000.0 std_dev_min=5560.799954543751 std_dev_max=5877.136042940208
2026-09-30 14:52:57,256 - modules.salary_history - INFO - Looking for salary history:, ('project_management', 'manager')
2026-09-30 14:52:57,257 - modules.salary_history - INFO - Salary lookup: ('project_management', 'manager'), count_min=35 count_max=35 avg_min=8704.57142857143 avg_max=15853.142857142857 median_min=6000.0 median_max=14000.0 std_dev_min=5560.799954543751 std_dev_max=5877.136042940208
2026-09-30 14:52:57,267 - modules.salary_history - INFO - Looking for salary history:, ('legal_compliance_risk', 'junior')
2026-09-30 14:52:57,267 - modules.salary_history - INFO - Salary lookup: ('legal_compliance_risk', 'junior'), count_min=36 count_max=36 avg_min=6231.444444444444 avg_max=8353.666666666666 median_min=6000.0 median_max=7900.0 std_dev_min=1103.5878745371376 std_dev_max=1860.9078276091868
2026-09-30 14:52:57,278 - modules.salary_history - INFO - Looking for salary history:, ('data_analytics', 'mid')
2026-09-30 14:52:57,278 - modules.salary_history - INFO - Salary lookup: ('data_analytics', 'mid'), count_min=2127 count_max=2127 avg_min=9315.26531891553 avg_max=15317.084782949381 median_min=9000.0 median_max=16000.0 std_dev_min=2578.855395744559 std_dev_max=3929.014794237795
2026-09-30 14:52:57,282 - modules.salary_history - INFO - Looking for salary history:, ('data_analytics', 'mid')
2026-09-30 14:52:57,283 - modules.salary_history - INFO - Salary lookup: ('data_analytics', 'mid'), count_min=2127 count_max=2127 avg_min=9315.26531891553 avg_max=15317.084782949381 median_min=9000.0 median_max=16000.0 std_dev_min=2578.855395744559 std_dev_max=3929.014794237795
2026-09-30 14:52:57,286 - modules.salary_history - INFO - Looking for salary history:, ('data_analytics', 'mid')
2026-09-30 14:52:57,287 - modules.salary_history - INFO - Salary lookup: ('data_analytics', 'mid'), count_min=2127 count_max=2127 avg_min=9315.26531891553 avg_max=15317.084782949381 median_min=9000.0 median_max=16000.0 std_dev_min=2578.855395744559 std_dev_max=3929.014794237795
2026-09-30 14:52:57,291 - modules.salary_history - INFO - Looking for salary history:, ('data_analytics', 'senior')
2026-09-30 14:52:57,291 - modules.salary_history - INFO - Salary lookup: ('data_analytics', 'senior'), count_min=147 count_max=147 avg_min=14075.659863945579 avg_max=22422.34693877551 median_min=12833.0 median_max=22400.0 std_dev_min=3546.299007506042 std_dev_max=2954.6965786624764
2026-09-30 14:52:57,294 - modules.salary_history - INFO - Looking for salary history:, ('data_analytics', 'junior')
2026-09-30 14:52:57,295 - modules.salary_history - INFO - Salary lookup: ('data_analytics', 'junior'), count_min=831 count_max=831 avg_min=7001.696750902527 avg_max=9231.386281588448 median_min=7000.0 median_max=9100.0 std_dev_min=1524.4586270278216 std_dev_max=1924.9261763355235
2026-09-30 14:52:57,298 - modules.salary_history - INFO - Looking for salary history:, ('software_it', 'senior')
2026-09-30 14:52:57,299 - modules.salary_history - INFO - Salary lookup: ('software_it', 'senior'), count_min=48 count_max=48 avg_min=12662.916666666666 avg_max=18005.694444444445 median_min=7000.0 median_max=14000.0 std_dev_min=9390.36422340619 std_dev_max=9364.09416626977
2026-09-30 14:52:57,302 - modules.salary_history - INFO - Looking for salary history:, ('administration', 'senior')
2026-09-30 14:52:57,303 - modules.salary_history - INFO - Salary lookup: ('administration', 'senior'), count_min=8 count_max=8 avg_min=7250.0 avg_max=9925.0 median_min=7000.0 median_max=9400.0 std_dev_min=1164.964745021435 std_dev_max=2108.3168642308015
2026-09-30 14:52:57,315 - modules.salary_history - INFO - Looking for salary history:, ('data_analytics', 'junior')
2026-09-30 14:52:57,316 - modules.salary_history - INFO - Salary lookup: ('data_analytics', 'junior'), count_min=831 count_max=831 avg_min=7001.696750902527 avg_max=9231.386281588448 median_min=7000.0 median_max=9100.0 std_dev_min=1524.4586270278216 std_dev_max=1924.9261763355235
2026-09-30 14:52:57,329 - modules.salary_history - INFO - Looking for salary history:, ('data_analytics', 'mid')
2026-09-30 14:52:57,329 - modules.salary_history - INFO - Salary lookup: ('data_analytics', 'mid'), count_min=2127 count_max=2127 avg_min=9315.26531891553 avg_max=15317.084782949381 median_min=9000.0 median_max=16000.0 std_dev_min=2578.855395744559 std_dev_max=3929.014794237795
2026-09-30 14:52:57,333 - modules.salary_history - INFO - Looking for salary history:, ('data_analytics', 'mid')
2026-09-30 14:52:57,333 - modules.salary_history - INFO - Salary lookup: ('data_analytics', 'mid'), count_min=2127 count_max=2127 avg_min=9315.26531891553 avg_max=15317.084782949381 median_min=9000.0 median_max=16000.0 std_dev_min=2578.855395744559 std_dev_max=3929.014794237795
2026-09-30 14:52:57,336 - modules.salary_history - INFO - Looking for salary history:, ('data_analytics', 'mid')
2026-09-30 14:52:57,337 - modules.salary_history - INFO - Salary lookup: ('data_analytics', 'mid'), count_min=2127 count_max=2127 avg_min=9315.26531891553 avg_max=15317.084782949381 median_min=9000.0 median_max=16000.0 std_dev_min=2578.855395744559 std_dev_max=3929.014794237795
2026-09-30 14:52:57,341 - modules.salary_history - INFO - Looking for salary history:, ('data_analytics', 'junior')
2026-09-30 14:52:57,342 - modules.salary_history - INFO - Salary lookup: ('data_analytics', 'junior'), count_min=831 count_max=831 avg_min=7001.696750902527 avg_max=9231.386281588448 median_min=7000.0 median_max=9100.0 std_dev_min=1524.4586270278216 std_dev_max=1924.9261763355235
2026-09-30 14:52:57,346 - modules.salary_history - INFO - Looking for salary history:, ('finance_accounting', 'mid')
2026-09-30 14:52:57,346 - modules.salary_history - INFO - Salary lookup: ('finance_accounting', 'mid'), count_min=1002 count_max=1002 avg_min=7232.041916167665 avg_max=10088.20359281437 median_min=7000.0 median_max=10000.0 std_dev_min=1511.6394888647312 std_dev_max=1987.2566461052725
2026-09-30 14:52:57,362 - modules.salary_history - INFO - Looking for salary history:, ('finance_accounting', 'mid')
2026-09-30 14:52:57,363 - modules.salary_history - INFO - Salary lookup: ('finance_accounting', 'mid'), count_min=1002 count_max=1002 avg_min=7232.041916167665 avg_max=10088.20359281437 median_min=7000.0 median_max=10000.0 std_dev_min=1511.6394888647312 std_dev_max=1987.2566461052725
2026-09-30 14:52:57,374 - modules.salary_history - INFO - Looking for salary history:, ('software_it', 'mid')
2026-09-30 14:52:57,374 - modules.salary_history - INFO - Salary lookup: ('software_it', 'mid'), count_min=505 count_max=505 avg_min=8676.440264026403 avg_max=12354.390099009901 median_min=7450.0 median_max=11100.0 std_dev_min=3595.8981301534177 std_dev_max=4288.264336088859
2026-09-30 14:52:57,379 - modules.salary_history - INFO - Looking for salary history:, ('finance_accounting', 'junior')
2026-09-30 14:52:57,380 - modules.salary_history - INFO - Salary lookup: ('finance_accounting', 'junior'), count_min=696 count_max=696 avg_min=5279.14367816092 avg_max=7454.270114942528 median_min=5000.0 median_max=7500.0 std_dev_min=969.1517388912574 std_dev_max=1463.5155610503543
2026-09-30 14:52:57,389 - modules.salary_history - INFO - Looking for salary history:, ('finance_accounting', 'junior')
2026-09-30 14:52:57,389 - modules.salary_history - INFO - Salary lookup: ('finance_accounting', 'junior'), count_min=696 count_max=696 avg_min=5279.14367816092 avg_max=7454.270114942528 median_min=5000.0 median_max=7500.0 std_dev_min=969.1517388912574 std_dev_max=1463.5155610503543
2026-09-30 14:52:57,393 - modules.salary_history - INFO - Looking for salary history:, ('finance_accounting', 'mid')
2026-09-30 14:52:57,393 - modules.salary_history - INFO - Salary lookup: ('finance_accounting', 'mid'), count_min=1002 count_max=1002 avg_min=7232.041916167665 avg_max=10088.20359281437 median_min=7000.0 median_max=10000.0 std_dev_min=1511.6394888647312 std_dev_max=1987.2566461052725
2026-09-30 14:52:57,397 - modules.salary_history - INFO - Looking for salary history:, ('administration', 'mid')
2026-09-30 14:52:57,397 - modules.salary_history - INFO - Salary lookup: ('administration', 'mid'), count_min=894 count_max=894 avg_min=6190.884787472036 avg_max=7772.890380313199 median_min=6000.0 median_max=7000.0 std_dev_min=1715.7885545983888 std_dev_max=2719.2228332075842
2026-09-30 14:52:57,415 - modules.salary_history - INFO - Looking for salary history:, ('logistics_supply_chain', 'senior')
2026-09-30 14:52:57,419 - modules.salary_history - INFO - Salary lookup: ('logistics_supply_chain', 'senior'), count_min=22 count_max=22 avg_min=12545.454545454546 avg_max=17101.81818181818 median_min=12000.0 median_max=16000.0 std_dev_min=2558.4085962673253 std_dev_max=3117.3059742021696
2026-09-30 14:52:57,437 - modules.salary_history - INFO - Looking for salary history:, ('finance_accounting', 'junior')
2026-09-30 14:52:57,438 - modules.salary_history - INFO - Salary lookup: ('finance_accounting', 'junior'), count_min=696 count_max=696 avg_min=5279.14367816092 avg_max=7454.270114942528 median_min=5000.0 median_max=7500.0 std_dev_min=969.1517388912574 std_dev_max=1463.5155610503543
2026-09-30 14:52:57,443 - modules.salary_history - INFO - Looking for salary history:, ('legal_compliance_risk', 'mid')
2026-09-30 14:52:57,444 - modules.salary_history - INFO - Salary lookup: ('legal_compliance_risk', 'mid'), count_min=112 count_max=112 avg_min=6901.410714285715 avg_max=9742.57142857143 median_min=6750.0 median_max=9750.0 std_dev_min=2148.6118315710387 std_dev_max=2218.8355915297966
2026-09-30 14:52:57,449 - modules.salary_history - INFO - Looking for salary history:, ('finance_accounting', 'mid')
2026-09-30 14:52:57,451 - modules.salary_history - INFO - Salary lookup: ('finance_accounting', 'mid'), count_min=1002 count_max=1002 avg_min=7232.041916167665 avg_max=10088.20359281437 median_min=7000.0 median_max=10000.0 std_dev_min=1511.6394888647312 std_dev_max=1987.2566461052725
2026-09-30 14:52:57,457 - modules.salary_history - INFO - Looking for salary history:, ('legal_compliance_risk', 'junior')
2026-09-30 14:52:57,457 - modules.salary_history - INFO - Salary lookup: ('legal_compliance_risk', 'junior'), count_min=36 count_max=36 avg_min=6231.444444444444 avg_max=8353.666666666666 median_min=6000.0 median_max=7900.0 std_dev_min=1103.5878745371376 std_dev_max=1860.9078276091868
2026-09-30 14:52:57,485 - modules.salary_history - INFO - Looking for salary history:, ('logistics_supply_chain', 'intern')
2026-09-30 14:52:57,485 - modules.salary_history - INFO - Salary lookup: ('logistics_supply_chain', 'intern'), count_min=37 count_max=37 avg_min=6161.405405405405 avg_max=7028.4324324324325 median_min=5720.0 median_max=6470.0 std_dev_min=904.9406198892419 std_dev_max=1222.3432992171804
2026-09-30 14:52:57,489 - modules.salary_history - INFO - Looking for salary history:, ('hr', 'junior')
2026-09-30 14:52:57,489 - modules.salary_history - INFO - Salary lookup: ('hr', 'junior'), count_min=97 count_max=97 avg_min=5934.639175257732 avg_max=6970.103092783505 median_min=6000.0 median_max=7000.0 std_dev_min=368.3353936282973 std_dev_max=654.0204106864721
2026-09-30 14:52:57,493 - modules.salary_history - INFO - Looking for salary history:, ('logistics_supply_chain', 'mid')
2026-09-30 14:52:57,493 - modules.salary_history - INFO - Salary lookup: ('logistics_supply_chain', 'mid'), count_min=1142 count_max=1142 avg_min=7061.37302977233 avg_max=9427.69877408056 median_min=7000.0 median_max=8500.0 std_dev_min=1502.211187945818 std_dev_max=5502.350087223172
2026-09-30 14:52:57,500 - modules.salary_history - INFO - Looking for salary history:, ('project_management', 'junior')
2026-09-30 14:52:57,500 - modules.salary_history - INFO - Salary lookup: ('project_management', 'junior'), count_min=61 count_max=61 avg_min=5889.836065573771 avg_max=7457.377049180328 median_min=5500.0 median_max=7000.0 std_dev_min=1751.7139148115089 std_dev_max=1975.2180484184055
2026-09-30 14:52:57,505 - modules.salary_history - INFO - Looking for salary history:, ('administration', 'mid')
2026-09-30 14:52:57,505 - modules.salary_history - INFO - Salary lookup: ('administration', 'mid'), count_min=894 count_max=894 avg_min=6190.884787472036 avg_max=7772.890380313199 median_min=6000.0 median_max=7000.0 std_dev_min=1715.7885545983888 std_dev_max=2719.2228332075842
2026-09-30 14:52:57,513 - modules.salary_history - INFO - Looking for salary history:, ('finance_accounting', 'mid')
2026-09-30 14:52:57,513 - modules.salary_history - INFO - Salary lookup: ('finance_accounting', 'mid'), count_min=1002 count_max=1002 avg_min=7232.041916167665 avg_max=10088.20359281437 median_min=7000.0 median_max=10000.0 std_dev_min=1511.6394888647312 std_dev_max=1987.2566461052725
2026-09-30 14:52:57,521 - modules.salary_history - INFO - Looking for salary history:, ('administration', 'mid')
2026-09-30 14:52:57,522 - modules.salary_history - INFO - Salary lookup: ('administration', 'mid'), count_min=894 count_max=894 avg_min=6190.884787472036 avg_max=7772.890380313199 median_min=6000.0 median_max=7000.0 std_dev_min=1715.7885545983888 std_dev_max=2719.2228332075842
2026-09-30 14:52:57,530 - modules.salary_history - INFO - Looking for salary history:, ('finance_accounting', 'intern')
2026-09-30 14:52:57,531 - modules.salary_history - INFO - Salary lookup: ('finance_accounting', 'intern'), count_min=86 count_max=86 avg_min=6440.232558139535 avg_max=7224.186046511628 median_min=5120.0 median_max=5600.0 std_dev_min=3774.0120566982782 std_dev_max=3798.8433116089363
2026-09-30 14:52:57,541 - modules.salary_history - INFO - Looking for salary history:, ('logistics_supply_chain', 'mid')
2026-09-30 14:52:57,541 - modules.salary_history - INFO - Salary lookup: ('logistics_supply_chain', 'mid'), count_min=1142 count_max=1142 avg_min=7061.37302977233 avg_max=9427.69877408056 median_min=7000.0 median_max=8500.0 std_dev_min=1502.211187945818 std_dev_max=5502.350087223172
2026-09-30 14:52:57,544 - modules.salary_history - INFO - Looking for salary history:, ('administration', 'senior')
2026-09-30 14:52:57,545 - modules.salary_history - INFO - Salary lookup: ('administration', 'senior'), count_min=8 count_max=8 avg_min=7250.0 avg_max=9925.0 median_min=7000.0 median_max=9400.0 std_dev_min=1164.964745021435 std_dev_max=2108.3168642308015
2026-09-30 14:52:57,548 - modules.salary_history - INFO - Looking for salary history:, ('finance_accounting', 'mid')
2026-09-30 14:52:57,548 - modules.salary_history - INFO - Salary lookup: ('finance_accounting', 'mid'), count_min=1002 count_max=1002 avg_min=7232.041916167665 avg_max=10088.20359281437 median_min=7000.0 median_max=10000.0 std_dev_min=1511.6394888647312 std_dev_max=1987.2566461052725
2026-09-30 14:52:57,552 - modules.salary_history - INFO - Looking for salary history:, ('finance_accounting', 'junior')
2026-09-30 14:52:57,552 - modules.salary_history - INFO - Salary lookup: ('finance_accounting', 'junior'), count_min=696 count_max=696 avg_min=5279.14367816092 avg_max=7454.270114942528 median_min=5000.0 median_max=7500.0 std_dev_min=969.1517388912574 std_dev_max=1463.5155610503543
2026-09-30 14:52:57,556 - modules.salary_history - INFO - Looking for salary history:, ('software_it', 'mid')
2026-09-30 14:52:57,556 - modules.salary_history - INFO - Salary lookup: ('software_it', 'mid'), count_min=505 count_max=505 avg_min=8676.440264026403 avg_max=12354.390099009901 median_min=7450.0 median_max=11100.0 std_dev_min=3595.8981301534177 std_dev_max=4288.264336088859
2026-09-30 14:52:57,559 - modules.salary_history - INFO - Looking for salary history:, ('sales_customer_service', 'junior')
2026-09-30 14:52:57,560 - modules.salary_history - INFO - Salary lookup: ('sales_customer_service', 'junior'), count_min=164 count_max=164 avg_min=5749.426829268293 avg_max=8203.19512195122 median_min=5500.0 median_max=8000.0 std_dev_min=1608.8244882139884 std_dev_max=1570.0371176029264
2026-09-30 14:52:57,600 - modules.salary_history - INFO - Looking for salary history:, ('software_it', 'junior')
2026-09-30 14:52:57,600 - modules.salary_history - INFO - Salary lookup: ('software_it', 'junior'), count_min=318 count_max=318 avg_min=6835.6163522012575 avg_max=9213.905660377359 median_min=6500.0 median_max=8750.0 std_dev_min=1693.5370236452802 std_dev_max=2162.1758648563323
2026-09-30 14:52:57,605 - modules.salary_history - INFO - Looking for salary history:, ('data_analytics', 'junior')
2026-09-30 14:52:57,605 - modules.salary_history - INFO - Salary lookup: ('data_analytics', 'junior'), count_min=831 count_max=831 avg_min=7001.696750902527 avg_max=9231.386281588448 median_min=7000.0 median_max=9100.0 std_dev_min=1524.4586270278216 std_dev_max=1924.9261763355235
2026-09-30 14:52:57,611 - modules.salary_history - INFO - Looking for salary history:, ('logistics_supply_chain', 'junior')
2026-09-30 14:52:57,611 - modules.salary_history - INFO - Salary lookup: ('logistics_supply_chain', 'junior'), count_min=312 count_max=312 avg_min=5309.846153846154 avg_max=6689.733974358975 median_min=5000.0 median_max=6500.0 std_dev_min=671.2836113493227 std_dev_max=1010.0578680691826
2026-09-30 14:52:57,614 - modules.salary_history - INFO - Looking for salary history:, ('administration', 'mid')
2026-09-30 14:52:57,615 - modules.salary_history - INFO - Salary lookup: ('administration', 'mid'), count_min=894 count_max=894 avg_min=6190.884787472036 avg_max=7772.890380313199 median_min=6000.0 median_max=7000.0 std_dev_min=1715.7885545983888 std_dev_max=2719.2228332075842
2026-09-30 14:52:57,617 - modules.salary_history - INFO - Looking for salary history:, ('finance_accounting', 'mid')
2026-09-30 14:52:57,618 - modules.salary_history - INFO - Salary lookup: ('finance_accounting', 'mid'), count_min=1002 count_max=1002 avg_min=7232.041916167665 avg_max=10088.20359281437 median_min=7000.0 median_max=10000.0 std_dev_min=1511.6394888647312 std_dev_max=1987.2566461052725
2026-09-30 14:52:57,620 - modules.salary_history - INFO - Looking for salary history:, ('logistics_supply_chain', 'manager')
2026-09-30 14:52:57,621 - modules.salary_history - INFO - Salary lookup: ('logistics_supply_chain', 'manager'), count_min=123 count_max=123 avg_min=7410.032520325203 avg_max=12176.991869918698 median_min=7000.0 median_max=11000.0 std_dev_min=2029.6244986428246 std_dev_max=4109.349383100976
2026-09-30 14:52:57,624 - modules.salary_history - INFO - Looking for salary history:, ('software_it', 'junior')
2026-09-30 14:52:57,625 - modules.salary_history - INFO - Salary lookup: ('software_it', 'junior'), count_min=318 count_max=318 avg_min=6835.6163522012575 avg_max=9213.905660377359 median_min=6500.0 median_max=8750.0 std_dev_min=1693.5370236452802 std_dev_max=2162.1758648563323
2026-09-30 14:52:57,630 - modules.salary_history - INFO - Looking for salary history:, ('data_analytics', 'mid')
2026-09-30 14:52:57,630 - modules.salary_history - INFO - Salary lookup: ('data_analytics', 'mid'), count_min=2127 count_max=2127 avg_min=9315.26531891553 avg_max=15317.084782949381 median_min=9000.0 median_max=16000.0 std_dev_min=2578.855395744559 std_dev_max=3929.014794237795
2026-09-30 14:52:57,634 - modules.salary_history - INFO - Looking for salary history:, ('finance_accounting', 'mid')
2026-09-30 14:52:57,635 - modules.salary_history - INFO - Salary lookup: ('finance_accounting', 'mid'), count_min=1002 count_max=1002 avg_min=7232.041916167665 avg_max=10088.20359281437 median_min=7000.0 median_max=10000.0 std_dev_min=1511.6394888647312 std_dev_max=1987.2566461052725
2026-09-30 14:52:57,638 - modules.salary_history - INFO - Looking for salary history:, ('finance_accounting', 'mid')
2026-09-30 14:52:57,638 - modules.salary_history - INFO - Salary lookup: ('finance_accounting', 'mid'), count_min=1002 count_max=1002 avg_min=7232.041916167665 avg_max=10088.20359281437 median_min=7000.0 median_max=10000.0 std_dev_min=1511.6394888647312 std_dev_max=1987.2566461052725
2026-09-30 14:52:57,642 - modules.salary_history - INFO - Looking for salary history:, ('data_analytics', 'mid')
2026-09-30 14:52:57,642 - modules.salary_history - INFO - Salary lookup: ('data_analytics', 'mid'), count_min=2127 count_max=2127 avg_min=9315.26531891553 avg_max=15317.084782949381 median_min=9000.0 median_max=16000.0 std_dev_min=2578.855395744559 std_dev_max=3929.014794237795
2026-09-30 14:52:57,645 - modules.salary_history - INFO - Looking for salary history:, ('data_analytics', 'senior')
2026-09-30 14:52:57,645 - modules.salary_history - INFO - Salary lookup: ('data_analytics', 'senior'), count_min=147 count_max=147 avg_min=14075.659863945579 avg_max=22422.34693877551 median_min=12833.0 median_max=22400.0 std_dev_min=3546.299007506042 std_dev_max=2954.6965786624764
2026-09-30 14:52:57,651 - modules.salary_history - INFO - Looking for salary history:, ('data_analytics', 'mid')
2026-09-30 14:52:57,651 - modules.salary_history - INFO - Salary lookup: ('data_analytics', 'mid'), count_min=2127 count_max=2127 avg_min=9315.26531891553 avg_max=15317.084782949381 median_min=9000.0 median_max=16000.0 std_dev_min=2578.855395744559 std_dev_max=3929.014794237795
2026-09-30 14:52:57,654 - modules.salary_history - INFO - Looking for salary history:, ('data_analytics', 'mid')
2026-09-30 14:52:57,654 - modules.salary_history - INFO - Salary lookup: ('data_analytics', 'mid'), count_min=2127 count_max=2127 avg_min=9315.26531891553 avg_max=15317.084782949381 median_min=9000.0 median_max=16000.0 std_dev_min=2578.855395744559 std_dev_max=3929.014794237795
2026-09-30 14:52:57,660 - modules.salary_history - INFO - Looking for salary history:, ('data_analytics', 'mid')
2026-09-30 14:52:57,660 - modules.salary_history - INFO - Salary lookup: ('data_analytics', 'mid'), count_min=2127 count_max=2127 avg_min=9315.26531891553 avg_max=15317.084782949381 median_min=9000.0 median_max=16000.0 std_dev_min=2578.855395744559 std_dev_max=3929.014794237795
2026-09-30 14:52:57,663 - modules.salary_history - INFO - Looking for salary history:, ('software_it', 'junior')
2026-09-30 14:52:57,664 - modules.salary_history - INFO - Salary lookup: ('software_it', 'junior'), count_min=318 count_max=318 avg_min=6835.6163522012575 avg_max=9213.905660377359 median_min=6500.0 median_max=8750.0 std_dev_min=1693.5370236452802 std_dev_max=2162.1758648563323
2026-09-30 14:52:57,670 - modules.salary_history - INFO - Looking for salary history:, ('data_analytics', 'senior')
2026-09-30 14:52:57,671 - modules.salary_history - INFO - Salary lookup: ('data_analytics', 'senior'), count_min=147 count_max=147 avg_min=14075.659863945579 avg_max=22422.34693877551 median_min=12833.0 median_max=22400.0 std_dev_min=3546.299007506042 std_dev_max=2954.6965786624764
2026-09-30 14:52:57,677 - modules.salary_history - INFO - Looking for salary history:, ('legal_compliance_risk', 'mid')
2026-09-30 14:52:57,678 - modules.salary_history - INFO - Salary lookup: ('legal_compliance_risk', 'mid'), count_min=112 count_max=112 avg_min=6901.410714285715 avg_max=9742.57142857143 median_min=6750.0 median_max=9750.0 std_dev_min=2148.6118315710387 std_dev_max=2218.8355915297966
2026-09-30 14:52:57,684 - modules.salary_history - INFO - Looking for salary history:, ('data_analytics', 'mid')
2026-09-30 14:52:57,684 - modules.salary_history - INFO - Salary lookup: ('data_analytics', 'mid'), count_min=2127 count_max=2127 avg_min=9315.26531891553 avg_max=15317.084782949381 median_min=9000.0 median_max=16000.0 std_dev_min=2578.855395744559 std_dev_max=3929.014794237795
2026-09-30 14:52:57,687 - modules.salary_history - INFO - Looking for salary history:, ('logistics_supply_chain', 'mid')
2026-09-30 14:52:57,687 - modules.salary_history - INFO - Salary lookup: ('logistics_supply_chain', 'mid'), count_min=1142 count_max=1142 avg_min=7061.37302977233 avg_max=9427.69877408056 median_min=7000.0 median_max=8500.0 std_dev_min=1502.211187945818 std_dev_max=5502.350087223172
2026-09-30 14:52:57,690 - modules.salary_history - INFO - Looking for salary history:, ('administration', 'mid')
2026-09-30 14:52:57,691 - modules.salary_history - INFO - Salary lookup: ('administration', 'mid'), count_min=894 count_max=894 avg_min=6190.884787472036 avg_max=7772.890380313199 median_min=6000.0 median_max=7000.0 std_dev_min=1715.7885545983888 std_dev_max=2719.2228332075842
2026-09-30 14:52:57,696 - modules.salary_history - INFO - Looking for salary history:, ('data_analytics', 'mid')
2026-09-30 14:52:57,696 - modules.salary_history - INFO - Salary lookup: ('data_analytics', 'mid'), count_min=2127 count_max=2127 avg_min=9315.26531891553 avg_max=15317.084782949381 median_min=9000.0 median_max=16000.0 std_dev_min=2578.855395744559 std_dev_max=3929.014794237795
2026-09-30 14:52:57,706 - modules.salary_history - INFO - Looking for salary history:, ('software_it', 'mid')
2026-09-30 14:52:57,706 - modules.salary_history - INFO - Salary lookup: ('software_it', 'mid'), count_min=505 count_max=505 avg_min=8676.440264026403 avg_max=12354.390099009901 median_min=7450.0 median_max=11100.0 std_dev_min=3595.8981301534177 std_dev_max=4288.264336088859
2026-09-30 14:52:57,713 - modules.salary_history - INFO - Looking for salary history:, ('software_it', 'mid')
2026-09-30 14:52:57,713 - modules.salary_history - INFO - Salary lookup: ('software_it', 'mid'), count_min=505 count_max=505 avg_min=8676.440264026403 avg_max=12354.390099009901 median_min=7450.0 median_max=11100.0 std_dev_min=3595.8981301534177 std_dev_max=4288.264336088859
2026-09-30 14:52:57,716 - modules.salary_history - INFO - Looking for salary history:, ('data_analytics', 'mid')
2026-09-30 14:52:57,716 - modules.salary_history - INFO - Salary lookup: ('data_analytics', 'mid'), count_min=2127 count_max=2127 avg_min=9315.26531891553 avg_max=15317.084782949381 median_min=9000.0 median_max=16000.0 std_dev_min=2578.855395744559 std_dev_max=3929.014794237795
2026-09-30 14:52:57,725 - modules.salary_history - INFO - Looking for salary history:, ('software_it', 'mid')
2026-09-30 14:52:57,725 - modules.salary_history - INFO - Salary lookup: ('software_it', 'mid'), count_min=505 count_max=505 avg_min=8676.440264026403 avg_max=12354.390099009901 median_min=7450.0 median_max=11100.0 std_dev_min=3595.8981301534177 std_dev_max=4288.264336088859
2026-09-30 14:52:57,732 - modules.salary_history - INFO - Looking for salary history:, ('software_it', 'junior')
2026-09-30 14:52:57,732 - modules.salary_history - INFO - Salary lookup: ('software_it', 'junior'), count_min=318 count_max=318 avg_min=6835.6163522012575 avg_max=9213.905660377359 median_min=6500.0 median_max=8750.0 std_dev_min=1693.5370236452802 std_dev_max=2162.1758648563323
2026-09-30 14:52:57,738 - modules.salary_history - INFO - Looking for salary history:, ('data_analytics', 'senior')
2026-09-30 14:52:57,738 - modules.salary_history - INFO - Salary lookup: ('data_analytics', 'senior'), count_min=147 count_max=147 avg_min=14075.659863945579 avg_max=22422.34693877551 median_min=12833.0 median_max=22400.0 std_dev_min=3546.299007506042 std_dev_max=2954.6965786624764
2026-09-30 14:52:57,742 - modules.salary_history - INFO - Looking for salary history:, ('data_analytics', 'mid')
2026-09-30 14:52:57,742 - modules.salary_history - INFO - Salary lookup: ('data_analytics', 'mid'), count_min=2127 count_max=2127 avg_min=9315.26531891553 avg_max=15317.084782949381 median_min=9000.0 median_max=16000.0 std_dev_min=2578.855395744559 std_dev_max=3929.014794237795
2026-09-30 14:52:57,745 - modules.salary_history - INFO - Looking for salary history:, ('data_analytics', 'mid')
2026-09-30 14:52:57,745 - modules.salary_history - INFO - Salary lookup: ('data_analytics', 'mid'), count_min=2127 count_max=2127 avg_min=9315.26531891553 avg_max=15317.084782949381 median_min=9000.0 median_max=16000.0 std_dev_min=2578.855395744559 std_dev_max=3929.014794237795
2026-09-30 14:52:57,749 - modules.salary_history - INFO - Looking for salary history:, ('data_analytics', 'mid')
2026-09-30 14:52:57,749 - modules.salary_history - INFO - Salary lookup: ('data_analytics', 'mid'), count_min=2127 count_max=2127 avg_min=9315.26531891553 avg_max=15317.084782949381 median_min=9000.0 median_max=16000.0 std_dev_min=2578.855395744559 std_dev_max=3929.014794237795
2026-09-30 14:52:57,761 - modules.salary_history - INFO - Looking for salary history:, ('data_analytics', 'senior')
2026-09-30 14:52:57,761 - modules.salary_history - INFO - Salary lookup: ('data_analytics', 'senior'), count_min=147 count_max=147 avg_min=14075.659863945579 avg_max=22422.34693877551 median_min=12833.0 median_max=22400.0 std_dev_min=3546.299007506042 std_dev_max=2954.6965786624764
2026-09-30 14:52:57,765 - modules.salary_history - INFO - Looking for salary history:, ('data_analytics', 'mid')
2026-09-30 14:52:57,766 - modules.salary_history - INFO - Salary lookup: ('data_analytics', 'mid'), count_min=2127 count_max=2127 avg_min=9315.26531891553 avg_max=15317.084782949381 median_min=9000.0 median_max=16000.0 std_dev_min=2578.855395744559 std_dev_max=3929.014794237795
2026-09-30 14:52:57,769 - modules.salary_history - INFO - Looking for salary history:, ('data_analytics', 'mid')
2026-09-30 14:52:57,770 - modules.salary_history - INFO - Salary lookup: ('data_analytics', 'mid'), count_min=2127 count_max=2127 avg_min=9315.26531891553 avg_max=15317.084782949381 median_min=9000.0 median_max=16000.0 std_dev_min=2578.855395744559 std_dev_max=3929.014794237795
2026-09-30 14:52:57,776 - modules.salary_history - INFO - Looking for salary history:, ('data_analytics', 'mid')
2026-09-30 14:52:57,776 - modules.salary_history - INFO - Salary lookup: ('data_analytics', 'mid'), count_min=2127 count_max=2127 avg_min=9315.26531891553 avg_max=15317.084782949381 median_min=9000.0 median_max=16000.0 std_dev_min=2578.855395744559 std_dev_max=3929.014794237795
2026-09-30 14:52:57,782 - modules.salary_history - INFO - Looking for salary history:, ('data_analytics', 'junior')
2026-09-30 14:52:57,782 - modules.salary_history - INFO - Salary lookup: ('data_analytics', 'junior'), count_min=831 count_max=831 avg_min=7001.696750902527 avg_max=9231.386281588448 median_min=7000.0 median_max=9100.0 std_dev_min=1524.4586270278216 std_dev_max=1924.9261763355235
2026-09-30 14:52:57,785 - modules.salary_history - INFO - Looking for salary history:, ('software_it', 'mid')
2026-09-30 14:52:57,786 - modules.salary_history - INFO - Salary lookup: ('software_it', 'mid'), count_min=505 count_max=505 avg_min=8676.440264026403 avg_max=12354.390099009901 median_min=7450.0 median_max=11100.0 std_dev_min=3595.8981301534177 std_dev_max=4288.264336088859
2026-09-30 14:52:57,792 - modules.salary_history - INFO - Looking for salary history:, ('data_analytics', 'junior')
2026-09-30 14:52:57,792 - modules.salary_history - INFO - Salary lookup: ('data_analytics', 'junior'), count_min=831 count_max=831 avg_min=7001.696750902527 avg_max=9231.386281588448 median_min=7000.0 median_max=9100.0 std_dev_min=1524.4586270278216 std_dev_max=1924.9261763355235
2026-09-30 14:52:57,795 - modules.salary_history - INFO - Looking for salary history:, ('software_it', 'mid')
2026-09-30 14:52:57,796 - modules.salary_history - INFO - Salary lookup: ('software_it', 'mid'), count_min=505 count_max=505 avg_min=8676.440264026403 avg_max=12354.390099009901 median_min=7450.0 median_max=11100.0 std_dev_min=3595.8981301534177 std_dev_max=4288.264336088859
2026-09-30 14:52:57,807 - modules.salary_history - INFO - Looking for salary history:, ('it_support', 'junior')
2026-09-30 14:52:57,807 - modules.salary_history - INFO - Salary lookup: ('it_support', 'junior'), count_min=73 count_max=73 avg_min=5685.890410958904 avg_max=7214.767123287671 median_min=5500.0 median_max=7000.0 std_dev_min=1266.0819216258813 std_dev_max=1863.1818850240809
2026-09-30 14:52:57,810 - modules.salary_history - INFO - Looking for salary history:, ('hr', 'junior')
2026-09-30 14:52:57,810 - modules.salary_history - INFO - Salary lookup: ('hr', 'junior'), count_min=97 count_max=97 avg_min=5934.639175257732 avg_max=6970.103092783505 median_min=6000.0 median_max=7000.0 std_dev_min=368.3353936282973 std_dev_max=654.0204106864721
2026-09-30 14:52:57,813 - modules.salary_history - INFO - Looking for salary history:, ('logistics_supply_chain', 'mid')
2026-09-30 14:52:57,813 - modules.salary_history - INFO - Salary lookup: ('logistics_supply_chain', 'mid'), count_min=1142 count_max=1142 avg_min=7061.37302977233 avg_max=9427.69877408056 median_min=7000.0 median_max=8500.0 std_dev_min=1502.211187945818 std_dev_max=5502.350087223172
2026-09-30 14:52:57,822 - modules.salary_history - INFO - Looking for salary history:, ('project_management', 'junior')
2026-09-30 14:52:57,822 - modules.salary_history - INFO - Salary lookup: ('project_management', 'junior'), count_min=61 count_max=61 avg_min=5889.836065573771 avg_max=7457.377049180328 median_min=5500.0 median_max=7000.0 std_dev_min=1751.7139148115089 std_dev_max=1975.2180484184055
2026-09-30 14:52:57,825 - modules.salary_history - INFO - Looking for salary history:, ('finance_accounting', 'mid')
2026-09-30 14:52:57,825 - modules.salary_history - INFO - Salary lookup: ('finance_accounting', 'mid'), count_min=1002 count_max=1002 avg_min=7232.041916167665 avg_max=10088.20359281437 median_min=7000.0 median_max=10000.0 std_dev_min=1511.6394888647312 std_dev_max=1987.2566461052725
2026-09-30 14:52:57,833 - modules.salary_history - INFO - Looking for salary history:, ('software_it', 'mid')
2026-09-30 14:52:57,833 - modules.salary_history - INFO - Salary lookup: ('software_it', 'mid'), count_min=505 count_max=505 avg_min=8676.440264026403 avg_max=12354.390099009901 median_min=7450.0 median_max=11100.0 std_dev_min=3595.8981301534177 std_dev_max=4288.264336088859
2026-09-30 14:52:57,856 - modules.salary_history - INFO - Looking for salary history:, ('administration', 'senior')
2026-09-30 14:52:57,856 - modules.salary_history - INFO - Salary lookup: ('administration', 'senior'), count_min=8 count_max=8 avg_min=7250.0 avg_max=9925.0 median_min=7000.0 median_max=9400.0 std_dev_min=1164.964745021435 std_dev_max=2108.3168642308015
2026-09-30 14:52:57,860 - modules.salary_history - INFO - Looking for salary history:, ('administration', 'mid')
2026-09-30 14:52:57,860 - modules.salary_history - INFO - Salary lookup: ('administration', 'mid'), count_min=894 count_max=894 avg_min=6190.884787472036 avg_max=7772.890380313199 median_min=6000.0 median_max=7000.0 std_dev_min=1715.7885545983888 std_dev_max=2719.2228332075842
2026-09-30 14:52:57,863 - modules.salary_history - INFO - Looking for salary history:, ('finance_accounting', 'junior')
2026-09-30 14:52:57,863 - modules.salary_history - INFO - Salary lookup: ('finance_accounting', 'junior'), count_min=696 count_max=696 avg_min=5279.14367816092 avg_max=7454.270114942528 median_min=5000.0 median_max=7500.0 std_dev_min=969.1517388912574 std_dev_max=1463.5155610503543
2026-09-30 14:52:57,866 - modules.salary_history - INFO - Looking for salary history:, ('sales_customer_service', 'junior')
2026-09-30 14:52:57,866 - modules.salary_history - INFO - Salary lookup: ('sales_customer_service', 'junior'), count_min=164 count_max=164 avg_min=5749.426829268293 avg_max=8203.19512195122 median_min=5500.0 median_max=8000.0 std_dev_min=1608.8244882139884 std_dev_max=1570.0371176029264
2026-09-30 14:52:57,874 - modules.salary_history - INFO - Looking for salary history:, ('logistics_supply_chain', 'junior')
2026-09-30 14:52:57,874 - modules.salary_history - INFO - Salary lookup: ('logistics_supply_chain', 'junior'), count_min=312 count_max=312 avg_min=5309.846153846154 avg_max=6689.733974358975 median_min=5000.0 median_max=6500.0 std_dev_min=671.2836113493227 std_dev_max=1010.0578680691826
2026-09-30 14:52:57,877 - modules.salary_history - INFO - Looking for salary history:, ('data_analytics', 'mid')
2026-09-30 14:52:57,878 - modules.salary_history - INFO - Salary lookup: ('data_analytics', 'mid'), count_min=2127 count_max=2127 avg_min=9315.26531891553 avg_max=15317.084782949381 median_min=9000.0 median_max=16000.0 std_dev_min=2578.855395744559 std_dev_max=3929.014794237795
2026-09-30 14:52:57,880 - modules.salary_history - INFO - Looking for salary history:, ('data_analytics', 'mid')
2026-09-30 14:52:57,881 - modules.salary_history - INFO - Salary lookup: ('data_analytics', 'mid'), count_min=2127 count_max=2127 avg_min=9315.26531891553 avg_max=15317.084782949381 median_min=9000.0 median_max=16000.0 std_dev_min=2578.855395744559 std_dev_max=3929.014794237795
2026-09-30 14:52:57,884 - modules.salary_history - INFO - Looking for salary history:, ('data_analytics', 'mid')
2026-09-30 14:52:57,884 - modules.salary_history - INFO - Salary lookup: ('data_analytics', 'mid'), count_min=2127 count_max=2127 avg_min=9315.26531891553 avg_max=15317.084782949381 median_min=9000.0 median_max=16000.0 std_dev_min=2578.855395744559 std_dev_max=3929.014794237795
2026-09-30 14:52:57,888 - modules.salary_history - INFO - Looking for salary history:, ('software_it', 'mid')
2026-09-30 14:52:57,888 - modules.salary_history - INFO - Salary lookup: ('software_it', 'mid'), count_min=505 count_max=505 avg_min=8676.440264026403 avg_max=12354.390099009901 median_min=7450.0 median_max=11100.0 std_dev_min=3595.8981301534177 std_dev_max=4288.264336088859
2026-09-30 14:52:57,892 - modules.salary_history - INFO - Looking for salary history:, ('sales_customer_service', 'mid')
2026-09-30 14:52:57,893 - modules.salary_history - INFO - Salary lookup: ('sales_customer_service', 'mid'), count_min=396 count_max=396 avg_min=5881.416666666667 avg_max=8385.348484848484 median_min=5677.0 median_max=8000.0 std_dev_min=1083.4858632316275 std_dev_max=1805.6980219863158
2026-09-30 14:52:57,896 - modules.salary_history - INFO - Looking for salary history:, ('data_analytics', 'mid')
2026-09-30 14:52:57,897 - modules.salary_history - INFO - Salary lookup: ('data_analytics', 'mid'), count_min=2127 count_max=2127 avg_min=9315.26531891553 avg_max=15317.084782949381 median_min=9000.0 median_max=16000.0 std_dev_min=2578.855395744559 std_dev_max=3929.014794237795
2026-09-30 14:52:57,900 - modules.salary_history - INFO - Looking for salary history:, ('data_analytics', 'mid')
2026-09-30 14:52:57,900 - modules.salary_history - INFO - Salary lookup: ('data_analytics', 'mid'), count_min=2127 count_max=2127 avg_min=9315.26531891553 avg_max=15317.084782949381 median_min=9000.0 median_max=16000.0 std_dev_min=2578.855395744559 std_dev_max=3929.014794237795
2026-09-30 14:52:57,904 - modules.salary_history - INFO - Looking for salary history:, ('data_analytics', 'mid')
2026-09-30 14:52:57,904 - modules.salary_history - INFO - Salary lookup: ('data_analytics', 'mid'), count_min=2127 count_max=2127 avg_min=9315.26531891553 avg_max=15317.084782949381 median_min=9000.0 median_max=16000.0 std_dev_min=2578.855395744559 std_dev_max=3929.014794237795
2026-09-30 14:52:57,908 - modules.salary_history - INFO - Looking for salary history:, ('data_analytics', 'mid')
2026-09-30 14:52:57,908 - modules.salary_history - INFO - Salary lookup: ('data_analytics', 'mid'), count_min=2127 count_max=2127 avg_min=9315.26531891553 avg_max=15317.084782949381 median_min=9000.0 median_max=16000.0 std_dev_min=2578.855395744559 std_dev_max=3929.014794237795
2026-09-30 14:52:57,912 - modules.salary_history - INFO - Looking for salary history:, ('sales_customer_service', 'mid')
2026-09-30 14:52:57,912 - modules.salary_history - INFO - Salary lookup: ('sales_customer_service', 'mid'), count_min=396 count_max=396 avg_min=5881.416666666667 avg_max=8385.348484848484 median_min=5677.0 median_max=8000.0 std_dev_min=1083.4858632316275 std_dev_max=1805.6980219863158
2026-09-30 14:52:57,915 - modules.salary_history - INFO - Looking for salary history:, ('software_it', 'mid')
2026-09-30 14:52:57,915 - modules.salary_history - INFO - Salary lookup: ('software_it', 'mid'), count_min=505 count_max=505 avg_min=8676.440264026403 avg_max=12354.390099009901 median_min=7450.0 median_max=11100.0 std_dev_min=3595.8981301534177 std_dev_max=4288.264336088859
2026-09-30 14:52:57,918 - modules.salary_history - INFO - Looking for salary history:, ('data_analytics', 'mid')
2026-09-30 14:52:57,919 - modules.salary_history - INFO - Salary lookup: ('data_analytics', 'mid'), count_min=2127 count_max=2127 avg_min=9315.26531891553 avg_max=15317.084782949381 median_min=9000.0 median_max=16000.0 std_dev_min=2578.855395744559 std_dev_max=3929.014794237795
2026-09-30 14:52:57,923 - modules.salary_history - INFO - Looking for salary history:, ('sales_customer_service', 'mid')
2026-09-30 14:52:57,923 - modules.salary_history - INFO - Salary lookup: ('sales_customer_service', 'mid'), count_min=396 count_max=396 avg_min=5881.416666666667 avg_max=8385.348484848484 median_min=5677.0 median_max=8000.0 std_dev_min=1083.4858632316275 std_dev_max=1805.6980219863158
2026-09-30 14:52:57,928 - modules.salary_history - INFO - Looking for salary history:, ('sales_customer_service', 'junior')
2026-09-30 14:52:57,928 - modules.salary_history - INFO - Salary lookup: ('sales_customer_service', 'junior'), count_min=164 count_max=164 avg_min=5749.426829268293 avg_max=8203.19512195122 median_min=5500.0 median_max=8000.0 std_dev_min=1608.8244882139884 std_dev_max=1570.0371176029264
2026-09-30 14:52:57,932 - modules.salary_history - INFO - Looking for salary history:, ('data_analytics', 'mid')
2026-09-30 14:52:57,933 - modules.salary_history - INFO - Salary lookup: ('data_analytics', 'mid'), count_min=2127 count_max=2127 avg_min=9315.26531891553 avg_max=15317.084782949381 median_min=9000.0 median_max=16000.0 std_dev_min=2578.855395744559 std_dev_max=3929.014794237795
2026-09-30 14:52:57,936 - modules.salary_history - INFO - Looking for salary history:, ('finance_accounting', 'junior')
2026-09-30 14:52:57,936 - modules.salary_history - INFO - Salary lookup: ('finance_accounting', 'junior'), count_min=696 count_max=696 avg_min=5279.14367816092 avg_max=7454.270114942528 median_min=5000.0 median_max=7500.0 std_dev_min=969.1517388912574 std_dev_max=1463.5155610503543
2026-09-30 14:52:57,943 - modules.salary_history - INFO - Looking for salary history:, ('finance_accounting', 'junior')
2026-09-30 14:52:57,943 - modules.salary_history - INFO - Salary lookup: ('finance_accounting', 'junior'), count_min=696 count_max=696 avg_min=5279.14367816092 avg_max=7454.270114942528 median_min=5000.0 median_max=7500.0 std_dev_min=969.1517388912574 std_dev_max=1463.5155610503543
2026-09-30 14:52:57,949 - modules.salary_history - INFO - Looking for salary history:, ('data_analytics', 'senior')
2026-09-30 14:52:57,949 - modules.salary_history - INFO - Salary lookup: ('data_analytics', 'senior'), count_min=147 count_max=147 avg_min=14075.659863945579 avg_max=22422.34693877551 median_min=12833.0 median_max=22400.0 std_dev_min=3546.299007506042 std_dev_max=2954.6965786624764
2026-09-30 14:52:57,953 - modules.salary_history - INFO - Looking for salary history:, ('data_analytics', 'senior')
2026-09-30 14:52:57,953 - modules.salary_history - INFO - Salary lookup: ('data_analytics', 'senior'), count_min=147 count_max=147 avg_min=14075.659863945579 avg_max=22422.34693877551 median_min=12833.0 median_max=22400.0 std_dev_min=3546.299007506042 std_dev_max=2954.6965786624764
2026-09-30 14:52:57,960 - modules.salary_history - INFO - Looking for salary history:, ('data_analytics', 'mid')
2026-09-30 14:52:57,960 - modules.salary_history - INFO - Salary lookup: ('data_analytics', 'mid'), count_min=2127 count_max=2127 avg_min=9315.26531891553 avg_max=15317.084782949381 median_min=9000.0 median_max=16000.0 std_dev_min=2578.855395744559 std_dev_max=3929.014794237795
2026-09-30 14:52:57,996 - modules.salary_history - INFO - Looking for salary history:, ('data_analytics', 'senior')
2026-09-30 14:52:57,996 - modules.salary_history - INFO - Salary lookup: ('data_analytics', 'senior'), count_min=147 count_max=147 avg_min=14075.659863945579 avg_max=22422.34693877551 median_min=12833.0 median_max=22400.0 std_dev_min=3546.299007506042 std_dev_max=2954.6965786624764
2026-09-30 14:52:58,000 - modules.salary_history - INFO - Looking for salary history:, ('logistics_supply_chain', 'intern')
2026-09-30 14:52:58,000 - modules.salary_history - INFO - Salary lookup: ('logistics_supply_chain', 'intern'), count_min=37 count_max=37 avg_min=6161.405405405405 avg_max=7028.4324324324325 median_min=5720.0 median_max=6470.0 std_dev_min=904.9406198892419 std_dev_max=1222.3432992171804
2026-09-30 14:52:58,005 - modules.salary_history - INFO - Looking for salary history:, ('logistics_supply_chain', 'intern')
2026-09-30 14:52:58,005 - modules.salary_history - INFO - Salary lookup: ('logistics_supply_chain', 'intern'), count_min=37 count_max=37 avg_min=6161.405405405405 avg_max=7028.4324324324325 median_min=5720.0 median_max=6470.0 std_dev_min=904.9406198892419 std_dev_max=1222.3432992171804
2026-09-30 14:52:58,008 - modules.salary_history - INFO - Looking for salary history:, ('logistics_supply_chain', 'intern')
2026-09-30 14:52:58,008 - modules.salary_history - INFO - Salary lookup: ('logistics_supply_chain', 'intern'), count_min=37 count_max=37 avg_min=6161.405405405405 avg_max=7028.4324324324325 median_min=5720.0 median_max=6470.0 std_dev_min=904.9406198892419 std_dev_max=1222.3432992171804
2026-09-30 14:52:58,014 - modules.salary_history - INFO - Looking for salary history:, ('sales_customer_service', 'mid')
2026-09-30 14:52:58,014 - modules.salary_history - INFO - Salary lookup: ('sales_customer_service', 'mid'), count_min=396 count_max=396 avg_min=5881.416666666667 avg_max=8385.348484848484 median_min=5677.0 median_max=8000.0 std_dev_min=1083.4858632316275 std_dev_max=1805.6980219863158
2026-09-30 14:52:58,017 - modules.salary_history - INFO - Looking for salary history:, ('data_analytics', 'senior')
2026-09-30 14:52:58,017 - modules.salary_history - INFO - Salary lookup: ('data_analytics', 'senior'), count_min=147 count_max=147 avg_min=14075.659863945579 avg_max=22422.34693877551 median_min=12833.0 median_max=22400.0 std_dev_min=3546.299007506042 std_dev_max=2954.6965786624764
2026-09-30 14:52:58,026 - modules.salary_history - INFO - Looking for salary history:, ('finance_accounting', 'mid')
2026-09-30 14:52:58,026 - modules.salary_history - INFO - Salary lookup: ('finance_accounting', 'mid'), count_min=1002 count_max=1002 avg_min=7232.041916167665 avg_max=10088.20359281437 median_min=7000.0 median_max=10000.0 std_dev_min=1511.6394888647312 std_dev_max=1987.2566461052725
2026-09-30 14:52:58,031 - modules.salary_history - INFO - Looking for salary history:, ('data_analytics', 'senior')
2026-09-30 14:52:58,032 - modules.salary_history - INFO - Salary lookup: ('data_analytics', 'senior'), count_min=147 count_max=147 avg_min=14075.659863945579 avg_max=22422.34693877551 median_min=12833.0 median_max=22400.0 std_dev_min=3546.299007506042 std_dev_max=2954.6965786624764
2026-09-30 14:52:58,040 - modules.salary_history - INFO - Looking for salary history:, ('legal_compliance_risk', 'senior')
2026-09-30 14:52:58,041 - modules.salary_history - INFO - Salary lookup: ('legal_compliance_risk', 'senior'), count_min=9 count_max=9 avg_min=7000.0 avg_max=8555.555555555555 median_min=7000.0 median_max=8500.0 std_dev_min=0.0 std_dev_max=166.66666666666666
2026-09-30 14:52:58,050 - modules.salary_history - INFO - Looking for salary history:, ('software_it', 'junior')
2026-09-30 14:52:58,050 - modules.salary_history - INFO - Salary lookup: ('software_it', 'junior'), count_min=318 count_max=318 avg_min=6835.6163522012575 avg_max=9213.905660377359 median_min=6500.0 median_max=8750.0 std_dev_min=1693.5370236452802 std_dev_max=2162.1758648563323
2026-09-30 14:52:58,054 - modules.salary_history - INFO - Looking for salary history:, ('software_it', 'junior')
2026-09-30 14:52:58,054 - modules.salary_history - INFO - Salary lookup: ('software_it', 'junior'), count_min=318 count_max=318 avg_min=6835.6163522012575 avg_max=9213.905660377359 median_min=6500.0 median_max=8750.0 std_dev_min=1693.5370236452802 std_dev_max=2162.1758648563323
2026-09-30 14:52:58,057 - modules.salary_history - INFO - Looking for salary history:, ('software_it', 'junior')
2026-09-30 14:52:58,057 - modules.salary_history - INFO - Salary lookup: ('software_it', 'junior'), count_min=318 count_max=318 avg_min=6835.6163522012575 avg_max=9213.905660377359 median_min=6500.0 median_max=8750.0 std_dev_min=1693.5370236452802 std_dev_max=2162.1758648563323
2026-09-30 14:52:58,064 - modules.salary_history - INFO - Looking for salary history:, ('hr', 'mid')
2026-09-30 14:52:58,064 - modules.salary_history - INFO - Salary lookup: ('hr', 'mid'), count_min=191 count_max=191 avg_min=6673.507853403142 avg_max=9544.397905759162 median_min=6600.0 median_max=9500.0 std_dev_min=682.5522911844611 std_dev_max=1038.3456116624893
2026-09-30 14:52:58,069 - modules.salary_history - INFO - Looking for salary history:, ('software_it', 'manager')
2026-09-30 14:52:58,070 - modules.salary_history - INFO - Salary lookup: ('software_it', 'manager'), None
2026-09-30 14:52:58,075 - modules.salary_history - INFO - Looking for salary history:, ('project_management', 'manager')
2026-09-30 14:52:58,076 - modules.salary_history - INFO - Salary lookup: ('project_management', 'manager'), count_min=35 count_max=35 avg_min=8704.57142857143 avg_max=15853.142857142857 median_min=6000.0 median_max=14000.0 std_dev_min=5560.799954543751 std_dev_max=5877.136042940208
2026-09-30 14:52:58,081 - modules.salary_history - INFO - Looking for salary history:, ('project_management', 'manager')
2026-09-30 14:52:58,081 - modules.salary_history - INFO - Salary lookup: ('project_management', 'manager'), count_min=35 count_max=35 avg_min=8704.57142857143 avg_max=15853.142857142857 median_min=6000.0 median_max=14000.0 std_dev_min=5560.799954543751 std_dev_max=5877.136042940208
2026-09-30 14:52:58,085 - modules.salary_history - INFO - Looking for salary history:, ('project_management', 'junior')
2026-09-30 14:52:58,086 - modules.salary_history - INFO - Salary lookup: ('project_management', 'junior'), count_min=61 count_max=61 avg_min=5889.836065573771 avg_max=7457.377049180328 median_min=5500.0 median_max=7000.0 std_dev_min=1751.7139148115089 std_dev_max=1975.2180484184055
2026-09-30 14:52:58,096 - modules.salary_history - INFO - Looking for salary history:, ('it_support', 'junior')
2026-09-30 14:52:58,096 - modules.salary_history - INFO - Salary lookup: ('it_support', 'junior'), count_min=73 count_max=73 avg_min=5685.890410958904 avg_max=7214.767123287671 median_min=5500.0 median_max=7000.0 std_dev_min=1266.0819216258813 std_dev_max=1863.1818850240809
2026-09-30 14:52:58,101 - modules.salary_history - INFO - Looking for salary history:, ('software_it', 'mid')
2026-09-30 14:52:58,101 - modules.salary_history - INFO - Salary lookup: ('software_it', 'mid'), count_min=505 count_max=505 avg_min=8676.440264026403 avg_max=12354.390099009901 median_min=7450.0 median_max=11100.0 std_dev_min=3595.8981301534177 std_dev_max=4288.264336088859
2026-09-30 14:52:58,105 - modules.salary_history - INFO - Looking for salary history:, ('software_it', 'mid')
2026-09-30 14:52:58,106 - modules.salary_history - INFO - Salary lookup: ('software_it', 'mid'), count_min=505 count_max=505 avg_min=8676.440264026403 avg_max=12354.390099009901 median_min=7450.0 median_max=11100.0 std_dev_min=3595.8981301534177 std_dev_max=4288.264336088859
2026-09-30 14:52:58,109 - modules.salary_history - INFO - Looking for salary history:, ('software_it', 'mid')
2026-09-30 14:52:58,109 - modules.salary_history - INFO - Salary lookup: ('software_it', 'mid'), count_min=505 count_max=505 avg_min=8676.440264026403 avg_max=12354.390099009901 median_min=7450.0 median_max=11100.0 std_dev_min=3595.8981301534177 std_dev_max=4288.264336088859
2026-09-30 14:52:58,112 - modules.salary_history - INFO - Looking for salary history:, ('data_analytics', 'senior')
2026-09-30 14:52:58,112 - modules.salary_history - INFO - Salary lookup: ('data_analytics', 'senior'), count_min=147 count_max=147 avg_min=14075.659863945579 avg_max=22422.34693877551 median_min=12833.0 median_max=22400.0 std_dev_min=3546.299007506042 std_dev_max=2954.6965786624764
2026-09-30 14:52:58,116 - modules.salary_history - INFO - Looking for salary history:, ('software_it', 'mid')
2026-09-30 14:52:58,116 - modules.salary_history - INFO - Salary lookup: ('software_it', 'mid'), count_min=505 count_max=505 avg_min=8676.440264026403 avg_max=12354.390099009901 median_min=7450.0 median_max=11100.0 std_dev_min=3595.8981301534177 std_dev_max=4288.264336088859
2026-09-30 14:52:58,119 - modules.salary_history - INFO - Looking for salary history:, ('data_analytics', 'mid')
2026-09-30 14:52:58,119 - modules.salary_history - INFO - Salary lookup: ('data_analytics', 'mid'), count_min=2127 count_max=2127 avg_min=9315.26531891553 avg_max=15317.084782949381 median_min=9000.0 median_max=16000.0 std_dev_min=2578.855395744559 std_dev_max=3929.014794237795
2026-09-30 14:52:58,122 - modules.salary_history - INFO - Looking for salary history:, ('software_it', 'mid')
2026-09-30 14:52:58,123 - modules.salary_history - INFO - Salary lookup: ('software_it', 'mid'), count_min=505 count_max=505 avg_min=8676.440264026403 avg_max=12354.390099009901 median_min=7450.0 median_max=11100.0 std_dev_min=3595.8981301534177 std_dev_max=4288.264336088859
2026-09-30 14:52:58,126 - modules.salary_history - INFO - Looking for salary history:, ('software_it', 'senior')
2026-09-30 14:52:58,126 - modules.salary_history - INFO - Salary lookup: ('software_it', 'senior'), count_min=48 count_max=48 avg_min=12662.916666666666 avg_max=18005.694444444445 median_min=7000.0 median_max=14000.0 std_dev_min=9390.36422340619 std_dev_max=9364.09416626977
2026-09-30 14:52:58,134 - modules.salary_history - INFO - Looking for salary history:, ('legal_compliance_risk', 'senior')
2026-09-30 14:52:58,135 - modules.salary_history - INFO - Salary lookup: ('legal_compliance_risk', 'senior'), count_min=9 count_max=9 avg_min=7000.0 avg_max=8555.555555555555 median_min=7000.0 median_max=8500.0 std_dev_min=0.0 std_dev_max=166.66666666666666
2026-09-30 14:52:58,138 - modules.salary_history - INFO - Looking for salary history:, ('software_it', 'junior')
2026-09-30 14:52:58,139 - modules.salary_history - INFO - Salary lookup: ('software_it', 'junior'), count_min=318 count_max=318 avg_min=6835.6163522012575 avg_max=9213.905660377359 median_min=6500.0 median_max=8750.0 std_dev_min=1693.5370236452802 std_dev_max=2162.1758648563323
2026-09-30 14:52:58,142 - modules.salary_history - INFO - Looking for salary history:, ('software_it', 'junior')
2026-09-30 14:52:58,142 - modules.salary_history - INFO - Salary lookup: ('software_it', 'junior'), count_min=318 count_max=318 avg_min=6835.6163522012575 avg_max=9213.905660377359 median_min=6500.0 median_max=8750.0 std_dev_min=1693.5370236452802 std_dev_max=2162.1758648563323
2026-09-30 14:52:58,145 - modules.salary_history - INFO - Looking for salary history:, ('software_it', 'junior')
2026-09-30 14:52:58,145 - modules.salary_history - INFO - Salary lookup: ('software_it', 'junior'), count_min=318 count_max=318 avg_min=6835.6163522012575 avg_max=9213.905660377359 median_min=6500.0 median_max=8750.0 std_dev_min=1693.5370236452802 std_dev_max=2162.1758648563323
2026-09-30 14:52:58,151 - modules.salary_history - INFO - Looking for salary history:, ('data_analytics', 'mid')
2026-09-30 14:52:58,151 - modules.salary_history - INFO - Salary lookup: ('data_analytics', 'mid'), count_min=2127 count_max=2127 avg_min=9315.26531891553 avg_max=15317.084782949381 median_min=9000.0 median_max=16000.0 std_dev_min=2578.855395744559 std_dev_max=3929.014794237795
2026-09-30 14:52:58,158 - modules.salary_history - INFO - Looking for salary history:, ('data_analytics', 'mid')
2026-09-30 14:52:58,158 - modules.salary_history - INFO - Salary lookup: ('data_analytics', 'mid'), count_min=2127 count_max=2127 avg_min=9315.26531891553 avg_max=15317.084782949381 median_min=9000.0 median_max=16000.0 std_dev_min=2578.855395744559 std_dev_max=3929.014794237795
2026-09-30 14:52:58,164 - modules.salary_history - INFO - Looking for salary history:, ('data_analytics', 'senior')
2026-09-30 14:52:58,164 - modules.salary_history - INFO - Salary lookup: ('data_analytics', 'senior'), count_min=147 count_max=147 avg_min=14075.659863945579 avg_max=22422.34693877551 median_min=12833.0 median_max=22400.0 std_dev_min=3546.299007506042 std_dev_max=2954.6965786624764
2026-09-30 14:52:58,169 - modules.salary_history - INFO - Looking for salary history:, ('procurement', 'mid')
2026-09-30 14:52:58,170 - modules.salary_history - INFO - Salary lookup: ('procurement', 'mid'), count_min=350 count_max=350 avg_min=6694.042857142857 avg_max=9492.102857142858 median_min=6550.0 median_max=9500.0 std_dev_min=1031.9430505003918 std_dev_max=1729.4754693641116
2026-09-30 14:52:58,182 - modules.salary_history - INFO - Looking for salary history:, ('logistics_supply_chain', 'senior')
2026-09-30 14:52:58,182 - modules.salary_history - INFO - Salary lookup: ('logistics_supply_chain', 'senior'), count_min=22 count_max=22 avg_min=12545.454545454546 avg_max=17101.81818181818 median_min=12000.0 median_max=16000.0 std_dev_min=2558.4085962673253 std_dev_max=3117.3059742021696
2026-09-30 14:52:58,185 - modules.salary_history - INFO - Looking for salary history:, ('sales_customer_service', 'mid')
2026-09-30 14:52:58,185 - modules.salary_history - INFO - Salary lookup: ('sales_customer_service', 'mid'), count_min=396 count_max=396 avg_min=5881.416666666667 avg_max=8385.348484848484 median_min=5677.0 median_max=8000.0 std_dev_min=1083.4858632316275 std_dev_max=1805.6980219863158
2026-09-30 14:52:58,189 - modules.salary_history - INFO - Looking for salary history:, ('legal_compliance_risk', 'junior')
2026-09-30 14:52:58,189 - modules.salary_history - INFO - Salary lookup: ('legal_compliance_risk', 'junior'), count_min=36 count_max=36 avg_min=6231.444444444444 avg_max=8353.666666666666 median_min=6000.0 median_max=7900.0 std_dev_min=1103.5878745371376 std_dev_max=1860.9078276091868
2026-09-30 14:52:58,211 - modules.salary_history - INFO - Looking for salary history:, ('procurement', 'mid')
2026-09-30 14:52:58,211 - modules.salary_history - INFO - Salary lookup: ('procurement', 'mid'), count_min=350 count_max=350 avg_min=6694.042857142857 avg_max=9492.102857142858 median_min=6550.0 median_max=9500.0 std_dev_min=1031.9430505003918 std_dev_max=1729.4754693641116
2026-09-30 14:52:58,225 - modules.salary_history - INFO - Looking for salary history:, ('it_support', 'mid')
2026-09-30 14:52:58,226 - modules.salary_history - INFO - Salary lookup: ('it_support', 'mid'), count_min=130 count_max=130 avg_min=6961.4384615384615 avg_max=9987.030769230769 median_min=7000.0 median_max=10000.0 std_dev_min=1171.6752996507046 std_dev_max=2041.5886994325194
2026-09-30 14:52:58,231 - modules.salary_history - INFO - Looking for salary history:, ('hr', 'mid')
2026-09-30 14:52:58,231 - modules.salary_history - INFO - Salary lookup: ('hr', 'mid'), count_min=191 count_max=191 avg_min=6673.507853403142 avg_max=9544.397905759162 median_min=6600.0 median_max=9500.0 std_dev_min=682.5522911844611 std_dev_max=1038.3456116624893
2026-09-30 14:52:58,235 - modules.salary_history - INFO - Looking for salary history:, ('hr', 'mid')
2026-09-30 14:52:58,235 - modules.salary_history - INFO - Salary lookup: ('hr', 'mid'), count_min=191 count_max=191 avg_min=6673.507853403142 avg_max=9544.397905759162 median_min=6600.0 median_max=9500.0 std_dev_min=682.5522911844611 std_dev_max=1038.3456116624893
2026-09-30 14:52:58,239 - modules.salary_history - INFO - Looking for salary history:, ('hr', 'mid')
2026-09-30 14:52:58,239 - modules.salary_history - INFO - Salary lookup: ('hr', 'mid'), count_min=191 count_max=191 avg_min=6673.507853403142 avg_max=9544.397905759162 median_min=6600.0 median_max=9500.0 std_dev_min=682.5522911844611 std_dev_max=1038.3456116624893
2026-09-30 14:52:58,242 - modules.salary_history - INFO - Looking for salary history:, ('hr', 'mid')
2026-09-30 14:52:58,242 - modules.salary_history - INFO - Salary lookup: ('hr', 'mid'), count_min=191 count_max=191 avg_min=6673.507853403142 avg_max=9544.397905759162 median_min=6600.0 median_max=9500.0 std_dev_min=682.5522911844611 std_dev_max=1038.3456116624893
2026-09-30 14:52:58,245 - modules.salary_history - INFO - Looking for salary history:, ('it_support', 'junior')
2026-09-30 14:52:58,245 - modules.salary_history - INFO - Salary lookup: ('it_support', 'junior'), count_min=73 count_max=73 avg_min=5685.890410958904 avg_max=7214.767123287671 median_min=5500.0 median_max=7000.0 std_dev_min=1266.0819216258813 std_dev_max=1863.1818850240809
2026-09-30 14:52:58,248 - modules.salary_history - INFO - Looking for salary history:, ('software_it', 'mid')
2026-09-30 14:52:58,248 - modules.salary_history - INFO - Salary lookup: ('software_it', 'mid'), count_min=505 count_max=505 avg_min=8676.440264026403 avg_max=12354.390099009901 median_min=7450.0 median_max=11100.0 std_dev_min=3595.8981301534177 std_dev_max=4288.264336088859
2026-09-30 14:52:58,256 - modules.salary_history - INFO - Looking for salary history:, ('data_analytics', 'mid')
2026-09-30 14:52:58,257 - modules.salary_history - INFO - Salary lookup: ('data_analytics', 'mid'), count_min=2127 count_max=2127 avg_min=9315.26531891553 avg_max=15317.084782949381 median_min=9000.0 median_max=16000.0 std_dev_min=2578.855395744559 std_dev_max=3929.014794237795
2026-09-30 14:52:58,269 - modules.salary_history - INFO - Looking for salary history:, ('engineering_production', 'manager')
2026-09-30 14:52:58,269 - modules.salary_history - INFO - Salary lookup: ('engineering_production', 'manager'), count_min=10 count_max=10 avg_min=13196.0 avg_max=17596.0 median_min=15000.0 median_max=20000.0 std_dev_min=3833.441157903837 std_dev_max=5264.234037350543
2026-09-30 14:52:58,274 - modules.salary_history - INFO - Looking for salary history:, ('hr', 'manager')
2026-09-30 14:52:58,274 - modules.salary_history - INFO - Salary lookup: ('hr', 'manager'), count_min=1 count_max=1 avg_min=15000.0 avg_max=31700.0 median_min=15000.0 median_max=31700.0 std_dev_min=None std_dev_max=None
2026-09-30 14:52:58,286 - modules.salary_history - INFO - Looking for salary history:, ('data_analytics', 'mid')
2026-09-30 14:52:58,286 - modules.salary_history - INFO - Salary lookup: ('data_analytics', 'mid'), count_min=2127 count_max=2127 avg_min=9315.26531891553 avg_max=15317.084782949381 median_min=9000.0 median_max=16000.0 std_dev_min=2578.855395744559 std_dev_max=3929.014794237795
2026-09-30 14:52:58,290 - modules.salary_history - INFO - Looking for salary history:, ('data_analytics', 'mid')
2026-09-30 14:52:58,291 - modules.salary_history - INFO - Salary lookup: ('data_analytics', 'mid'), count_min=2127 count_max=2127 avg_min=9315.26531891553 avg_max=15317.084782949381 median_min=9000.0 median_max=16000.0 std_dev_min=2578.855395744559 std_dev_max=3929.014794237795
2026-09-30 14:52:58,294 - modules.salary_history - INFO - Looking for salary history:, ('data_analytics', 'mid')
2026-09-30 14:52:58,294 - modules.salary_history - INFO - Salary lookup: ('data_analytics', 'mid'), count_min=2127 count_max=2127 avg_min=9315.26531891553 avg_max=15317.084782949381 median_min=9000.0 median_max=16000.0 std_dev_min=2578.855395744559 std_dev_max=3929.014794237795
2026-09-30 14:52:58,306 - modules.salary_history - INFO - Looking for salary history:, ('data_analytics', 'mid')
2026-09-30 14:52:58,306 - modules.salary_history - INFO - Salary lookup: ('data_analytics', 'mid'), count_min=2127 count_max=2127 avg_min=9315.26531891553 avg_max=15317.084782949381 median_min=9000.0 median_max=16000.0 std_dev_min=2578.855395744559 std_dev_max=3929.014794237795
2026-09-30 14:52:58,310 - modules.salary_history - INFO - Looking for salary history:, ('data_analytics', 'mid')
2026-09-30 14:52:58,310 - modules.salary_history - INFO - Salary lookup: ('data_analytics', 'mid'), count_min=2127 count_max=2127 avg_min=9315.26531891553 avg_max=15317.084782949381 median_min=9000.0 median_max=16000.0 std_dev_min=2578.855395744559 std_dev_max=3929.014794237795
2026-09-30 14:52:58,313 - modules.salary_history - INFO - Looking for salary history:, ('data_analytics', 'senior')
2026-09-30 14:52:58,313 - modules.salary_history - INFO - Salary lookup: ('data_analytics', 'senior'), count_min=147 count_max=147 avg_min=14075.659863945579 avg_max=22422.34693877551 median_min=12833.0 median_max=22400.0 std_dev_min=3546.299007506042 std_dev_max=2954.6965786624764
2026-09-30 14:52:58,317 - modules.salary_history - INFO - Looking for salary history:, ('data_analytics', 'mid')
2026-09-30 14:52:58,317 - modules.salary_history - INFO - Salary lookup: ('data_analytics', 'mid'), count_min=2127 count_max=2127 avg_min=9315.26531891553 avg_max=15317.084782949381 median_min=9000.0 median_max=16000.0 std_dev_min=2578.855395744559 std_dev_max=3929.014794237795
2026-09-30 14:52:58,321 - modules.salary_history - INFO - Looking for salary history:, ('data_analytics', 'senior')
2026-09-30 14:52:58,322 - modules.salary_history - INFO - Salary lookup: ('data_analytics', 'senior'), count_min=147 count_max=147 avg_min=14075.659863945579 avg_max=22422.34693877551 median_min=12833.0 median_max=22400.0 std_dev_min=3546.299007506042 std_dev_max=2954.6965786624764
2026-09-30 14:52:58,326 - modules.salary_history - INFO - Looking for salary history:, ('software_it', 'mid')
2026-09-30 14:52:58,326 - modules.salary_history - INFO - Salary lookup: ('software_it', 'mid'), count_min=505 count_max=505 avg_min=8676.440264026403 avg_max=12354.390099009901 median_min=7450.0 median_max=11100.0 std_dev_min=3595.8981301534177 std_dev_max=4288.264336088859
2026-09-30 14:52:58,338 - modules.salary_history - INFO - Looking for salary history:, ('software_it', 'mid')
2026-09-30 14:52:58,338 - modules.salary_history - INFO - Salary lookup: ('software_it', 'mid'), count_min=505 count_max=505 avg_min=8676.440264026403 avg_max=12354.390099009901 median_min=7450.0 median_max=11100.0 std_dev_min=3595.8981301534177 std_dev_max=4288.264336088859
2026-09-30 14:52:58,349 - modules.salary_history - INFO - Looking for salary history:, ('data_analytics', 'mid')
2026-09-30 14:52:58,350 - modules.salary_history - INFO - Salary lookup: ('data_analytics', 'mid'), count_min=2127 count_max=2127 avg_min=9315.26531891553 avg_max=15317.084782949381 median_min=9000.0 median_max=16000.0 std_dev_min=2578.855395744559 std_dev_max=3929.014794237795
2026-09-30 14:52:58,353 - modules.salary_history - INFO - Looking for salary history:, ('data_analytics', 'mid')
2026-09-30 14:52:58,353 - modules.salary_history - INFO - Salary lookup: ('data_analytics', 'mid'), count_min=2127 count_max=2127 avg_min=9315.26531891553 avg_max=15317.084782949381 median_min=9000.0 median_max=16000.0 std_dev_min=2578.855395744559 std_dev_max=3929.014794237795
2026-09-30 14:52:58,357 - modules.salary_history - INFO - Looking for salary history:, ('software_it', 'mid')
2026-09-30 14:52:58,357 - modules.salary_history - INFO - Salary lookup: ('software_it', 'mid'), count_min=505 count_max=505 avg_min=8676.440264026403 avg_max=12354.390099009901 median_min=7450.0 median_max=11100.0 std_dev_min=3595.8981301534177 std_dev_max=4288.264336088859
2026-09-30 14:52:58,361 - modules.salary_history - INFO - Looking for salary history:, ('software_it', 'mid')
2026-09-30 14:52:58,361 - modules.salary_history - INFO - Salary lookup: ('software_it', 'mid'), count_min=505 count_max=505 avg_min=8676.440264026403 avg_max=12354.390099009901 median_min=7450.0 median_max=11100.0 std_dev_min=3595.8981301534177 std_dev_max=4288.264336088859
2026-09-30 14:52:58,364 - modules.salary_history - INFO - Looking for salary history:, ('data_analytics', 'mid')
2026-09-30 14:52:58,365 - modules.salary_history - INFO - Salary lookup: ('data_analytics', 'mid'), count_min=2127 count_max=2127 avg_min=9315.26531891553 avg_max=15317.084782949381 median_min=9000.0 median_max=16000.0 std_dev_min=2578.855395744559 std_dev_max=3929.014794237795
2026-09-30 14:52:58,381 - modules.salary_history - INFO - Looking for salary history:, ('logistics_supply_chain', 'mid')
2026-09-30 14:52:58,381 - modules.salary_history - INFO - Salary lookup: ('logistics_supply_chain', 'mid'), count_min=1142 count_max=1142 avg_min=7061.37302977233 avg_max=9427.69877408056 median_min=7000.0 median_max=8500.0 std_dev_min=1502.211187945818 std_dev_max=5502.350087223172
2026-09-30 14:52:58,384 - modules.salary_history - INFO - Looking for salary history:, ('finance_accounting', 'mid')
2026-09-30 14:52:58,384 - modules.salary_history - INFO - Salary lookup: ('finance_accounting', 'mid'), count_min=1002 count_max=1002 avg_min=7232.041916167665 avg_max=10088.20359281437 median_min=7000.0 median_max=10000.0 std_dev_min=1511.6394888647312 std_dev_max=1987.2566461052725
2026-09-30 14:52:58,388 - modules.salary_history - INFO - Looking for salary history:, ('data_analytics', 'mid')
2026-09-30 14:52:58,388 - modules.salary_history - INFO - Salary lookup: ('data_analytics', 'mid'), count_min=2127 count_max=2127 avg_min=9315.26531891553 avg_max=15317.084782949381 median_min=9000.0 median_max=16000.0 std_dev_min=2578.855395744559 std_dev_max=3929.014794237795
2026-09-30 14:52:58,395 - modules.salary_history - INFO - Looking for salary history:, ('procurement', 'mid')
2026-09-30 14:52:58,395 - modules.salary_history - INFO - Salary lookup: ('procurement', 'mid'), count_min=350 count_max=350 avg_min=6694.042857142857 avg_max=9492.102857142858 median_min=6550.0 median_max=9500.0 std_dev_min=1031.9430505003918 std_dev_max=1729.4754693641116
2026-09-30 14:52:58,398 - modules.salary_history - INFO - Looking for salary history:, ('procurement', 'mid')
2026-09-30 14:52:58,399 - modules.salary_history - INFO - Salary lookup: ('procurement', 'mid'), count_min=350 count_max=350 avg_min=6694.042857142857 avg_max=9492.102857142858 median_min=6550.0 median_max=9500.0 std_dev_min=1031.9430505003918 std_dev_max=1729.4754693641116
2026-09-30 14:52:58,402 - modules.salary_history - INFO - Looking for salary history:, ('software_it', 'mid')
2026-09-30 14:52:58,402 - modules.salary_history - INFO - Salary lookup: ('software_it', 'mid'), count_min=505 count_max=505 avg_min=8676.440264026403 avg_max=12354.390099009901 median_min=7450.0 median_max=11100.0 std_dev_min=3595.8981301534177 std_dev_max=4288.264336088859
2026-09-30 14:52:58,409 - modules.salary_history - INFO - Looking for salary history:, ('logistics_supply_chain', 'mid')
2026-09-30 14:52:58,410 - modules.salary_history - INFO - Salary lookup: ('logistics_supply_chain', 'mid'), count_min=1142 count_max=1142 avg_min=7061.37302977233 avg_max=9427.69877408056 median_min=7000.0 median_max=8500.0 std_dev_min=1502.211187945818 std_dev_max=5502.350087223172
2026-09-30 14:52:58,413 - modules.salary_history - INFO - Looking for salary history:, ('software_it', 'junior')
2026-09-30 14:52:58,413 - modules.salary_history - INFO - Salary lookup: ('software_it', 'junior'), count_min=318 count_max=318 avg_min=6835.6163522012575 avg_max=9213.905660377359 median_min=6500.0 median_max=8750.0 std_dev_min=1693.5370236452802 std_dev_max=2162.1758648563323
2026-09-30 14:52:58,417 - modules.salary_history - INFO - Looking for salary history:, ('finance_accounting', 'mid')
2026-09-30 14:52:58,418 - modules.salary_history - INFO - Salary lookup: ('finance_accounting', 'mid'), count_min=1002 count_max=1002 avg_min=7232.041916167665 avg_max=10088.20359281437 median_min=7000.0 median_max=10000.0 std_dev_min=1511.6394888647312 std_dev_max=1987.2566461052725
2026-09-30 14:52:58,421 - modules.salary_history - INFO - Looking for salary history:, ('sales_customer_service', 'junior')
2026-09-30 14:52:58,422 - modules.salary_history - INFO - Salary lookup: ('sales_customer_service', 'junior'), count_min=164 count_max=164 avg_min=5749.426829268293 avg_max=8203.19512195122 median_min=5500.0 median_max=8000.0 std_dev_min=1608.8244882139884 std_dev_max=1570.0371176029264
2026-09-30 14:52:58,426 - modules.salary_history - INFO - Looking for salary history:, ('data_analytics', 'mid')
2026-09-30 14:52:58,427 - modules.salary_history - INFO - Salary lookup: ('data_analytics', 'mid'), count_min=2127 count_max=2127 avg_min=9315.26531891553 avg_max=15317.084782949381 median_min=9000.0 median_max=16000.0 std_dev_min=2578.855395744559 std_dev_max=3929.014794237795
2026-09-30 14:52:58,430 - modules.salary_history - INFO - Looking for salary history:, ('software_it', 'mid')
2026-09-30 14:52:58,430 - modules.salary_history - INFO - Salary lookup: ('software_it', 'mid'), count_min=505 count_max=505 avg_min=8676.440264026403 avg_max=12354.390099009901 median_min=7450.0 median_max=11100.0 std_dev_min=3595.8981301534177 std_dev_max=4288.264336088859
2026-09-30 14:52:58,434 - modules.salary_history - INFO - Looking for salary history:, ('hr', 'mid')
2026-09-30 14:52:58,435 - modules.salary_history - INFO - Salary lookup: ('hr', 'mid'), count_min=191 count_max=191 avg_min=6673.507853403142 avg_max=9544.397905759162 median_min=6600.0 median_max=9500.0 std_dev_min=682.5522911844611 std_dev_max=1038.3456116624893
2026-09-30 14:52:58,439 - modules.salary_history - INFO - Looking for salary history:, ('project_management', 'manager')
2026-09-30 14:52:58,439 - modules.salary_history - INFO - Salary lookup: ('project_management', 'manager'), count_min=35 count_max=35 avg_min=8704.57142857143 avg_max=15853.142857142857 median_min=6000.0 median_max=14000.0 std_dev_min=5560.799954543751 std_dev_max=5877.136042940208
2026-09-30 14:52:58,443 - modules.salary_history - INFO - Looking for salary history:, ('hr', 'mid')
2026-09-30 14:52:58,443 - modules.salary_history - INFO - Salary lookup: ('hr', 'mid'), count_min=191 count_max=191 avg_min=6673.507853403142 avg_max=9544.397905759162 median_min=6600.0 median_max=9500.0 std_dev_min=682.5522911844611 std_dev_max=1038.3456116624893
2026-09-30 14:52:58,447 - modules.salary_history - INFO - Looking for salary history:, ('it_support', 'mid')
2026-09-30 14:52:58,447 - modules.salary_history - INFO - Salary lookup: ('it_support', 'mid'), count_min=130 count_max=130 avg_min=6961.4384615384615 avg_max=9987.030769230769 median_min=7000.0 median_max=10000.0 std_dev_min=1171.6752996507046 std_dev_max=2041.5886994325194
2026-09-30 14:52:58,461 - modules.salary_history - INFO - Looking for salary history:, ('logistics_supply_chain', 'intern')
2026-09-30 14:52:58,461 - modules.salary_history - INFO - Salary lookup: ('logistics_supply_chain', 'intern'), count_min=37 count_max=37 avg_min=6161.405405405405 avg_max=7028.4324324324325 median_min=5720.0 median_max=6470.0 std_dev_min=904.9406198892419 std_dev_max=1222.3432992171804
2026-09-30 14:52:58,469 - modules.salary_history - INFO - Looking for salary history:, ('finance_accounting', 'intern')
2026-09-30 14:52:58,469 - modules.salary_history - INFO - Salary lookup: ('finance_accounting', 'intern'), count_min=86 count_max=86 avg_min=6440.232558139535 avg_max=7224.186046511628 median_min=5120.0 median_max=5600.0 std_dev_min=3774.0120566982782 std_dev_max=3798.8433116089363
2026-09-30 14:52:58,474 - modules.salary_history - INFO - Looking for salary history:, ('administration', 'junior')
2026-09-30 14:52:58,474 - modules.salary_history - INFO - Salary lookup: ('administration', 'junior'), count_min=520 count_max=520 avg_min=5589.9365384615385 avg_max=7111.6442307692305 median_min=5500.0 median_max=7000.0 std_dev_min=782.7420417127731 std_dev_max=1493.4086349778422
2026-09-30 14:52:58,478 - modules.salary_history - INFO - Looking for salary history:, ('administration', 'senior')
2026-09-30 14:52:58,478 - modules.salary_history - INFO - Salary lookup: ('administration', 'senior'), count_min=8 count_max=8 avg_min=7250.0 avg_max=9925.0 median_min=7000.0 median_max=9400.0 std_dev_min=1164.964745021435 std_dev_max=2108.3168642308015
2026-09-30 14:52:58,484 - modules.salary_history - INFO - Looking for salary history:, ('software_it', 'mid')
2026-09-30 14:52:58,484 - modules.salary_history - INFO - Salary lookup: ('software_it', 'mid'), count_min=505 count_max=505 avg_min=8676.440264026403 avg_max=12354.390099009901 median_min=7450.0 median_max=11100.0 std_dev_min=3595.8981301534177 std_dev_max=4288.264336088859
2026-09-30 14:52:58,489 - modules.salary_history - INFO - Looking for salary history:, ('administration', 'mid')
2026-09-30 14:52:58,490 - modules.salary_history - INFO - Salary lookup: ('administration', 'mid'), count_min=894 count_max=894 avg_min=6190.884787472036 avg_max=7772.890380313199 median_min=6000.0 median_max=7000.0 std_dev_min=1715.7885545983888 std_dev_max=2719.2228332075842
2026-09-30 14:52:58,496 - modules.salary_history - INFO - Looking for salary history:, ('logistics_supply_chain', 'mid')
2026-09-30 14:52:58,496 - modules.salary_history - INFO - Salary lookup: ('logistics_supply_chain', 'mid'), count_min=1142 count_max=1142 avg_min=7061.37302977233 avg_max=9427.69877408056 median_min=7000.0 median_max=8500.0 std_dev_min=1502.211187945818 std_dev_max=5502.350087223172
2026-09-30 14:52:58,508 - modules.salary_history - INFO - Looking for salary history:, ('finance_accounting', 'junior')
2026-09-30 14:52:58,508 - modules.salary_history - INFO - Salary lookup: ('finance_accounting', 'junior'), count_min=696 count_max=696 avg_min=5279.14367816092 avg_max=7454.270114942528 median_min=5000.0 median_max=7500.0 std_dev_min=969.1517388912574 std_dev_max=1463.5155610503543
2026-09-30 14:52:58,514 - modules.salary_history - INFO - Looking for salary history:, ('procurement', 'junior')
2026-09-30 14:52:58,515 - modules.salary_history - INFO - Salary lookup: ('procurement', 'junior'), count_min=141 count_max=141 avg_min=6523.404255319149 avg_max=8736.170212765957 median_min=6500.0 median_max=8500.0 std_dev_min=657.4450871009619 std_dev_max=1202.4544301282083
2026-09-30 14:52:58,521 - modules.salary_history - INFO - Looking for salary history:, ('administration', 'mid')
2026-09-30 14:52:58,521 - modules.salary_history - INFO - Salary lookup: ('administration', 'mid'), count_min=894 count_max=894 avg_min=6190.884787472036 avg_max=7772.890380313199 median_min=6000.0 median_max=7000.0 std_dev_min=1715.7885545983888 std_dev_max=2719.2228332075842
2026-09-30 14:52:58,528 - modules.salary_history - INFO - Looking for salary history:, ('software_it', 'mid')
2026-09-30 14:52:58,528 - modules.salary_history - INFO - Salary lookup: ('software_it', 'mid'), count_min=505 count_max=505 avg_min=8676.440264026403 avg_max=12354.390099009901 median_min=7450.0 median_max=11100.0 std_dev_min=3595.8981301534177 std_dev_max=4288.264336088859
2026-09-30 14:52:58,532 - modules.salary_history - INFO - Looking for salary history:, ('software_it', 'mid')
2026-09-30 14:52:58,532 - modules.salary_history - INFO - Salary lookup: ('software_it', 'mid'), count_min=505 count_max=505 avg_min=8676.440264026403 avg_max=12354.390099009901 median_min=7450.0 median_max=11100.0 std_dev_min=3595.8981301534177 std_dev_max=4288.264336088859
2026-09-30 14:52:58,551 - modules.salary_history - INFO - Looking for salary history:, ('data_analytics', 'mid')
2026-09-30 14:52:58,551 - modules.salary_history - INFO - Salary lookup: ('data_analytics', 'mid'), count_min=2127 count_max=2127 avg_min=9315.26531891553 avg_max=15317.084782949381 median_min=9000.0 median_max=16000.0 std_dev_min=2578.855395744559 std_dev_max=3929.014794237795
2026-09-30 14:52:58,554 - modules.salary_history - INFO - Looking for salary history:, ('hr', 'mid')
2026-09-30 14:52:58,554 - modules.salary_history - INFO - Salary lookup: ('hr', 'mid'), count_min=191 count_max=191 avg_min=6673.507853403142 avg_max=9544.397905759162 median_min=6600.0 median_max=9500.0 std_dev_min=682.5522911844611 std_dev_max=1038.3456116624893
2026-09-30 14:52:58,563 - modules.salary_history - INFO - Looking for salary history:, ('data_analytics', 'mid')
2026-09-30 14:52:58,564 - modules.salary_history - INFO - Salary lookup: ('data_analytics', 'mid'), count_min=2127 count_max=2127 avg_min=9315.26531891553 avg_max=15317.084782949381 median_min=9000.0 median_max=16000.0 std_dev_min=2578.855395744559 std_dev_max=3929.014794237795
2026-09-30 14:52:58,567 - modules.salary_history - INFO - Looking for salary history:, ('finance_accounting', 'mid')
2026-09-30 14:52:58,567 - modules.salary_history - INFO - Salary lookup: ('finance_accounting', 'mid'), count_min=1002 count_max=1002 avg_min=7232.041916167665 avg_max=10088.20359281437 median_min=7000.0 median_max=10000.0 std_dev_min=1511.6394888647312 std_dev_max=1987.2566461052725
2026-09-30 14:52:58,570 - modules.salary_history - INFO - Looking for salary history:, ('data_analytics', 'mid')
2026-09-30 14:52:58,570 - modules.salary_history - INFO - Salary lookup: ('data_analytics', 'mid'), count_min=2127 count_max=2127 avg_min=9315.26531891553 avg_max=15317.084782949381 median_min=9000.0 median_max=16000.0 std_dev_min=2578.855395744559 std_dev_max=3929.014794237795
2026-09-30 14:52:58,575 - modules.salary_history - INFO - Looking for salary history:, ('hr', 'mid')
2026-09-30 14:52:58,575 - modules.salary_history - INFO - Salary lookup: ('hr', 'mid'), count_min=191 count_max=191 avg_min=6673.507853403142 avg_max=9544.397905759162 median_min=6600.0 median_max=9500.0 std_dev_min=682.5522911844611 std_dev_max=1038.3456116624893
2026-09-30 14:52:58,584 - modules.salary_history - INFO - Looking for salary history:, ('data_analytics', 'mid')
2026-09-30 14:52:58,584 - modules.salary_history - INFO - Salary lookup: ('data_analytics', 'mid'), count_min=2127 count_max=2127 avg_min=9315.26531891553 avg_max=15317.084782949381 median_min=9000.0 median_max=16000.0 std_dev_min=2578.855395744559 std_dev_max=3929.014794237795
2026-09-30 14:52:58,588 - modules.salary_history - INFO - Looking for salary history:, ('finance_accounting', 'mid')
2026-09-30 14:52:58,588 - modules.salary_history - INFO - Salary lookup: ('finance_accounting', 'mid'), count_min=1002 count_max=1002 avg_min=7232.041916167665 avg_max=10088.20359281437 median_min=7000.0 median_max=10000.0 std_dev_min=1511.6394888647312 std_dev_max=1987.2566461052725
2026-09-30 14:52:58,592 - modules.salary_history - INFO - Looking for salary history:, ('sales_customer_service', 'mid')
2026-09-30 14:52:58,593 - modules.salary_history - INFO - Salary lookup: ('sales_customer_service', 'mid'), count_min=396 count_max=396 avg_min=5881.416666666667 avg_max=8385.348484848484 median_min=5677.0 median_max=8000.0 std_dev_min=1083.4858632316275 std_dev_max=1805.6980219863158
2026-09-30 14:52:58,596 - modules.salary_history - INFO - Looking for salary history:, ('data_analytics', 'junior')
2026-09-30 14:52:58,597 - modules.salary_history - INFO - Salary lookup: ('data_analytics', 'junior'), count_min=831 count_max=831 avg_min=7001.696750902527 avg_max=9231.386281588448 median_min=7000.0 median_max=9100.0 std_dev_min=1524.4586270278216 std_dev_max=1924.9261763355235
2026-09-30 14:52:58,612 - modules.salary_history - INFO - Looking for salary history:, ('medical', 'mid')
2026-09-30 14:52:58,612 - modules.salary_history - INFO - Salary lookup: ('medical', 'mid'), count_min=3 count_max=3 avg_min=8000.0 avg_max=10000.0 median_min=8000.0 median_max=10000.0 std_dev_min=0.0 std_dev_max=0.0
2026-09-30 14:52:58,615 - modules.salary_history - INFO - Looking for salary history:, ('marketing', 'manager')
2026-09-30 14:52:58,615 - modules.salary_history - INFO - Salary lookup: ('marketing', 'manager'), None
2026-09-30 14:52:58,625 - modules.salary_history - INFO - Looking for salary history:, ('sales_customer_service', 'mid')
2026-09-30 14:52:58,625 - modules.salary_history - INFO - Salary lookup: ('sales_customer_service', 'mid'), count_min=396 count_max=396 avg_min=5881.416666666667 avg_max=8385.348484848484 median_min=5677.0 median_max=8000.0 std_dev_min=1083.4858632316275 std_dev_max=1805.6980219863158
2026-09-30 14:52:58,628 - modules.salary_history - INFO - Looking for salary history:, ('data_analytics', 'junior')
2026-09-30 14:52:58,628 - modules.salary_history - INFO - Salary lookup: ('data_analytics', 'junior'), count_min=831 count_max=831 avg_min=7001.696750902527 avg_max=9231.386281588448 median_min=7000.0 median_max=9100.0 std_dev_min=1524.4586270278216 std_dev_max=1924.9261763355235
2026-09-30 14:52:58,639 - modules.salary_history - INFO - Looking for salary history:, ('finance_accounting', 'junior')
2026-09-30 14:52:58,639 - modules.salary_history - INFO - Salary lookup: ('finance_accounting', 'junior'), count_min=696 count_max=696 avg_min=5279.14367816092 avg_max=7454.270114942528 median_min=5000.0 median_max=7500.0 std_dev_min=969.1517388912574 std_dev_max=1463.5155610503543
2026-09-30 14:52:58,643 - modules.salary_history - INFO - Looking for salary history:, ('software_it', 'mid')
2026-09-30 14:52:58,643 - modules.salary_history - INFO - Salary lookup: ('software_it', 'mid'), count_min=505 count_max=505 avg_min=8676.440264026403 avg_max=12354.390099009901 median_min=7450.0 median_max=11100.0 std_dev_min=3595.8981301534177 std_dev_max=4288.264336088859
2026-09-30 14:52:58,646 - modules.salary_history - INFO - Looking for salary history:, ('software_it', 'junior')
2026-09-30 14:52:58,647 - modules.salary_history - INFO - Salary lookup: ('software_it', 'junior'), count_min=318 count_max=318 avg_min=6835.6163522012575 avg_max=9213.905660377359 median_min=6500.0 median_max=8750.0 std_dev_min=1693.5370236452802 std_dev_max=2162.1758648563323
2026-09-30 14:52:58,668 - modules.salary_history - INFO - Looking for salary history:, ('software_it', 'mid')
2026-09-30 14:52:58,668 - modules.salary_history - INFO - Salary lookup: ('software_it', 'mid'), count_min=505 count_max=505 avg_min=8676.440264026403 avg_max=12354.390099009901 median_min=7450.0 median_max=11100.0 std_dev_min=3595.8981301534177 std_dev_max=4288.264336088859
2026-09-30 14:52:58,675 - modules.salary_history - INFO - Looking for salary history:, ('data_analytics', 'senior')
2026-09-30 14:52:58,675 - modules.salary_history - INFO - Salary lookup: ('data_analytics', 'senior'), count_min=147 count_max=147 avg_min=14075.659863945579 avg_max=22422.34693877551 median_min=12833.0 median_max=22400.0 std_dev_min=3546.299007506042 std_dev_max=2954.6965786624764
2026-09-30 14:52:58,679 - modules.salary_history - INFO - Looking for salary history:, ('data_analytics', 'senior')
2026-09-30 14:52:58,679 - modules.salary_history - INFO - Salary lookup: ('data_analytics', 'senior'), count_min=147 count_max=147 avg_min=14075.659863945579 avg_max=22422.34693877551 median_min=12833.0 median_max=22400.0 std_dev_min=3546.299007506042 std_dev_max=2954.6965786624764
2026-09-30 14:52:58,682 - modules.salary_history - INFO - Looking for salary history:, ('data_analytics', 'senior')
2026-09-30 14:52:58,683 - modules.salary_history - INFO - Salary lookup: ('data_analytics', 'senior'), count_min=147 count_max=147 avg_min=14075.659863945579 avg_max=22422.34693877551 median_min=12833.0 median_max=22400.0 std_dev_min=3546.299007506042 std_dev_max=2954.6965786624764
2026-09-30 14:52:58,686 - modules.salary_history - INFO - Looking for salary history:, ('data_analytics', 'senior')
2026-09-30 14:52:58,686 - modules.salary_history - INFO - Salary lookup: ('data_analytics', 'senior'), count_min=147 count_max=147 avg_min=14075.659863945579 avg_max=22422.34693877551 median_min=12833.0 median_max=22400.0 std_dev_min=3546.299007506042 std_dev_max=2954.6965786624764
2026-09-30 14:52:58,691 - modules.salary_history - INFO - Looking for salary history:, ('data_analytics', 'senior')
2026-09-30 14:52:58,692 - modules.salary_history - INFO - Salary lookup: ('data_analytics', 'senior'), count_min=147 count_max=147 avg_min=14075.659863945579 avg_max=22422.34693877551 median_min=12833.0 median_max=22400.0 std_dev_min=3546.299007506042 std_dev_max=2954.6965786624764
2026-09-30 14:52:58,695 - modules.salary_history - INFO - Looking for salary history:, ('data_analytics', 'senior')
2026-09-30 14:52:58,695 - modules.salary_history - INFO - Salary lookup: ('data_analytics', 'senior'), count_min=147 count_max=147 avg_min=14075.659863945579 avg_max=22422.34693877551 median_min=12833.0 median_max=22400.0 std_dev_min=3546.299007506042 std_dev_max=2954.6965786624764
2026-09-30 14:52:58,698 - modules.salary_history - INFO - Looking for salary history:, ('data_analytics', 'senior')
2026-09-30 14:52:58,698 - modules.salary_history - INFO - Salary lookup: ('data_analytics', 'senior'), count_min=147 count_max=147 avg_min=14075.659863945579 avg_max=22422.34693877551 median_min=12833.0 median_max=22400.0 std_dev_min=3546.299007506042 std_dev_max=2954.6965786624764
2026-09-30 14:52:58,701 - modules.salary_history - INFO - Looking for salary history:, ('data_analytics', 'senior')
2026-09-30 14:52:58,702 - modules.salary_history - INFO - Salary lookup: ('data_analytics', 'senior'), count_min=147 count_max=147 avg_min=14075.659863945579 avg_max=22422.34693877551 median_min=12833.0 median_max=22400.0 std_dev_min=3546.299007506042 std_dev_max=2954.6965786624764
2026-09-30 14:52:58,717 - modules.salary_history - INFO - Looking for salary history:, ('software_it', 'mid')
2026-09-30 14:52:58,717 - modules.salary_history - INFO - Salary lookup: ('software_it', 'mid'), count_min=505 count_max=505 avg_min=8676.440264026403 avg_max=12354.390099009901 median_min=7450.0 median_max=11100.0 std_dev_min=3595.8981301534177 std_dev_max=4288.264336088859
2026-09-30 14:52:58,724 - modules.salary_history - INFO - Looking for salary history:, ('sales_customer_service', 'mid')
2026-09-30 14:52:58,724 - modules.salary_history - INFO - Salary lookup: ('sales_customer_service', 'mid'), count_min=396 count_max=396 avg_min=5881.416666666667 avg_max=8385.348484848484 median_min=5677.0 median_max=8000.0 std_dev_min=1083.4858632316275 std_dev_max=1805.6980219863158
2026-09-30 14:52:58,728 - modules.salary_history - INFO - Looking for salary history:, ('sales_customer_service', 'mid')
2026-09-30 14:52:58,729 - modules.salary_history - INFO - Salary lookup: ('sales_customer_service', 'mid'), count_min=396 count_max=396 avg_min=5881.416666666667 avg_max=8385.348484848484 median_min=5677.0 median_max=8000.0 std_dev_min=1083.4858632316275 std_dev_max=1805.6980219863158
2026-09-30 14:52:58,732 - modules.salary_history - INFO - Looking for salary history:, ('sales_customer_service', 'mid')
2026-09-30 14:52:58,732 - modules.salary_history - INFO - Salary lookup: ('sales_customer_service', 'mid'), count_min=396 count_max=396 avg_min=5881.416666666667 avg_max=8385.348484848484 median_min=5677.0 median_max=8000.0 std_dev_min=1083.4858632316275 std_dev_max=1805.6980219863158
2026-09-30 14:52:58,736 - modules.salary_history - INFO - Looking for salary history:, ('sales_customer_service', 'mid')
2026-09-30 14:52:58,736 - modules.salary_history - INFO - Salary lookup: ('sales_customer_service', 'mid'), count_min=396 count_max=396 avg_min=5881.416666666667 avg_max=8385.348484848484 median_min=5677.0 median_max=8000.0 std_dev_min=1083.4858632316275 std_dev_max=1805.6980219863158
2026-09-30 14:52:58,740 - modules.salary_history - INFO - Looking for salary history:, ('sales_customer_service', 'mid')
2026-09-30 14:52:58,741 - modules.salary_history - INFO - Salary lookup: ('sales_customer_service', 'mid'), count_min=396 count_max=396 avg_min=5881.416666666667 avg_max=8385.348484848484 median_min=5677.0 median_max=8000.0 std_dev_min=1083.4858632316275 std_dev_max=1805.6980219863158
2026-09-30 14:52:58,744 - modules.salary_history - INFO - Looking for salary history:, ('sales_customer_service', 'mid')
2026-09-30 14:52:58,744 - modules.salary_history - INFO - Salary lookup: ('sales_customer_service', 'mid'), count_min=396 count_max=396 avg_min=5881.416666666667 avg_max=8385.348484848484 median_min=5677.0 median_max=8000.0 std_dev_min=1083.4858632316275 std_dev_max=1805.6980219863158
2026-09-30 14:52:58,748 - modules.salary_history - INFO - Looking for salary history:, ('sales_customer_service', 'mid')
2026-09-30 14:52:58,748 - modules.salary_history - INFO - Salary lookup: ('sales_customer_service', 'mid'), count_min=396 count_max=396 avg_min=5881.416666666667 avg_max=8385.348484848484 median_min=5677.0 median_max=8000.0 std_dev_min=1083.4858632316275 std_dev_max=1805.6980219863158
2026-09-30 14:52:58,751 - modules.salary_history - INFO - Looking for salary history:, ('sales_customer_service', 'mid')
2026-09-30 14:52:58,751 - modules.salary_history - INFO - Salary lookup: ('sales_customer_service', 'mid'), count_min=396 count_max=396 avg_min=5881.416666666667 avg_max=8385.348484848484 median_min=5677.0 median_max=8000.0 std_dev_min=1083.4858632316275 std_dev_max=1805.6980219863158
2026-09-30 14:52:58,763 - modules.salary_history - INFO - Looking for salary history:, ('software_it', 'mid')
2026-09-30 14:52:58,763 - modules.salary_history - INFO - Salary lookup: ('software_it', 'mid'), count_min=505 count_max=505 avg_min=8676.440264026403 avg_max=12354.390099009901 median_min=7450.0 median_max=11100.0 std_dev_min=3595.8981301534177 std_dev_max=4288.264336088859
2026-09-30 14:52:58,769 - modules.salary_history - INFO - Looking for salary history:, ('logistics_supply_chain', 'mid')
2026-09-30 14:52:58,770 - modules.salary_history - INFO - Salary lookup: ('logistics_supply_chain', 'mid'), count_min=1142 count_max=1142 avg_min=7061.37302977233 avg_max=9427.69877408056 median_min=7000.0 median_max=8500.0 std_dev_min=1502.211187945818 std_dev_max=5502.350087223172
2026-09-30 14:52:58,774 - modules.salary_history - INFO - Looking for salary history:, ('data_analytics', 'junior')
2026-09-30 14:52:58,774 - modules.salary_history - INFO - Salary lookup: ('data_analytics', 'junior'), count_min=831 count_max=831 avg_min=7001.696750902527 avg_max=9231.386281588448 median_min=7000.0 median_max=9100.0 std_dev_min=1524.4586270278216 std_dev_max=1924.9261763355235
2026-09-30 14:52:58,777 - modules.salary_history - INFO - Looking for salary history:, ('software_it', 'junior')
2026-09-30 14:52:58,777 - modules.salary_history - INFO - Salary lookup: ('software_it', 'junior'), count_min=318 count_max=318 avg_min=6835.6163522012575 avg_max=9213.905660377359 median_min=6500.0 median_max=8750.0 std_dev_min=1693.5370236452802 std_dev_max=2162.1758648563323
2026-09-30 14:52:58,780 - modules.salary_history - INFO - Looking for salary history:, ('administration', 'mid')
2026-09-30 14:52:58,781 - modules.salary_history - INFO - Salary lookup: ('administration', 'mid'), count_min=894 count_max=894 avg_min=6190.884787472036 avg_max=7772.890380313199 median_min=6000.0 median_max=7000.0 std_dev_min=1715.7885545983888 std_dev_max=2719.2228332075842
2026-09-30 14:52:58,784 - modules.salary_history - INFO - Looking for salary history:, ('finance_accounting', 'junior')
2026-09-30 14:52:58,784 - modules.salary_history - INFO - Salary lookup: ('finance_accounting', 'junior'), count_min=696 count_max=696 avg_min=5279.14367816092 avg_max=7454.270114942528 median_min=5000.0 median_max=7500.0 std_dev_min=969.1517388912574 std_dev_max=1463.5155610503543
2026-09-30 14:52:58,787 - modules.salary_history - INFO - Looking for salary history:, ('sales_customer_service', 'mid')
2026-09-30 14:52:58,788 - modules.salary_history - INFO - Salary lookup: ('sales_customer_service', 'mid'), count_min=396 count_max=396 avg_min=5881.416666666667 avg_max=8385.348484848484 median_min=5677.0 median_max=8000.0 std_dev_min=1083.4858632316275 std_dev_max=1805.6980219863158
2026-09-30 14:52:58,797 - modules.salary_history - INFO - Looking for salary history:, ('administration', 'senior')
2026-09-30 14:52:58,798 - modules.salary_history - INFO - Salary lookup: ('administration', 'senior'), count_min=8 count_max=8 avg_min=7250.0 avg_max=9925.0 median_min=7000.0 median_max=9400.0 std_dev_min=1164.964745021435 std_dev_max=2108.3168642308015
2026-09-30 14:52:58,831 - modules.salary_history - INFO - Looking for salary history:, ('finance_accounting', 'mid')
2026-09-30 14:52:58,841 - modules.salary_history - INFO - Salary lookup: ('finance_accounting', 'mid'), count_min=1002 count_max=1002 avg_min=7232.041916167665 avg_max=10088.20359281437 median_min=7000.0 median_max=10000.0 std_dev_min=1511.6394888647312 std_dev_max=1987.2566461052725
2026-09-30 14:52:58,850 - modules.salary_history - INFO - Looking for salary history:, ('logistics_supply_chain', 'junior')
2026-09-30 14:52:58,851 - modules.salary_history - INFO - Salary lookup: ('logistics_supply_chain', 'junior'), count_min=312 count_max=312 avg_min=5309.846153846154 avg_max=6689.733974358975 median_min=5000.0 median_max=6500.0 std_dev_min=671.2836113493227 std_dev_max=1010.0578680691826
2026-09-30 14:52:58,855 - modules.salary_history - INFO - Looking for salary history:, ('logistics_supply_chain', 'mid')
2026-09-30 14:52:58,855 - modules.salary_history - INFO - Salary lookup: ('logistics_supply_chain', 'mid'), count_min=1142 count_max=1142 avg_min=7061.37302977233 avg_max=9427.69877408056 median_min=7000.0 median_max=8500.0 std_dev_min=1502.211187945818 std_dev_max=5502.350087223172
2026-09-30 14:52:58,860 - modules.salary_history - INFO - Looking for salary history:, ('data_analytics', 'mid')
2026-09-30 14:52:58,863 - modules.salary_history - INFO - Salary lookup: ('data_analytics', 'mid'), count_min=2127 count_max=2127 avg_min=9315.26531891553 avg_max=15317.084782949381 median_min=9000.0 median_max=16000.0 std_dev_min=2578.855395744559 std_dev_max=3929.014794237795
2026-09-30 14:52:58,869 - modules.salary_history - INFO - Looking for salary history:, ('finance_accounting', 'mid')
2026-09-30 14:52:58,869 - modules.salary_history - INFO - Salary lookup: ('finance_accounting', 'mid'), count_min=1002 count_max=1002 avg_min=7232.041916167665 avg_max=10088.20359281437 median_min=7000.0 median_max=10000.0 std_dev_min=1511.6394888647312 std_dev_max=1987.2566461052725
2026-09-30 14:52:58,875 - modules.salary_history - INFO - Looking for salary history:, ('software_it', 'mid')
2026-09-30 14:52:58,876 - modules.salary_history - INFO - Salary lookup: ('software_it', 'mid'), count_min=505 count_max=505 avg_min=8676.440264026403 avg_max=12354.390099009901 median_min=7450.0 median_max=11100.0 std_dev_min=3595.8981301534177 std_dev_max=4288.264336088859
2026-09-30 14:52:58,887 - modules.salary_history - INFO - Looking for salary history:, ('data_analytics', 'junior')
2026-09-30 14:52:58,887 - modules.salary_history - INFO - Salary lookup: ('data_analytics', 'junior'), count_min=831 count_max=831 avg_min=7001.696750902527 avg_max=9231.386281588448 median_min=7000.0 median_max=9100.0 std_dev_min=1524.4586270278216 std_dev_max=1924.9261763355235
2026-09-30 14:52:58,891 - modules.salary_history - INFO - Looking for salary history:, ('logistics_supply_chain', 'mid')
2026-09-30 14:52:58,892 - modules.salary_history - INFO - Salary lookup: ('logistics_supply_chain', 'mid'), count_min=1142 count_max=1142 avg_min=7061.37302977233 avg_max=9427.69877408056 median_min=7000.0 median_max=8500.0 std_dev_min=1502.211187945818 std_dev_max=5502.350087223172
2026-09-30 14:52:58,898 - modules.salary_history - INFO - Looking for salary history:, ('administration', 'junior')
2026-09-30 14:52:58,898 - modules.salary_history - INFO - Salary lookup: ('administration', 'junior'), count_min=520 count_max=520 avg_min=5589.9365384615385 avg_max=7111.6442307692305 median_min=5500.0 median_max=7000.0 std_dev_min=782.7420417127731 std_dev_max=1493.4086349778422
2026-09-30 14:52:58,901 - modules.salary_history - INFO - Looking for salary history:, ('procurement', 'junior')
2026-09-30 14:52:58,901 - modules.salary_history - INFO - Salary lookup: ('procurement', 'junior'), count_min=141 count_max=141 avg_min=6523.404255319149 avg_max=8736.170212765957 median_min=6500.0 median_max=8500.0 std_dev_min=657.4450871009619 std_dev_max=1202.4544301282083
2026-09-30 14:52:58,905 - modules.salary_history - INFO - Looking for salary history:, ('administration', 'senior')
2026-09-30 14:52:58,906 - modules.salary_history - INFO - Salary lookup: ('administration', 'senior'), count_min=8 count_max=8 avg_min=7250.0 avg_max=9925.0 median_min=7000.0 median_max=9400.0 std_dev_min=1164.964745021435 std_dev_max=2108.3168642308015
2026-09-30 14:52:58,909 - modules.salary_history - INFO - Looking for salary history:, ('data_analytics', 'junior')
2026-09-30 14:52:58,909 - modules.salary_history - INFO - Salary lookup: ('data_analytics', 'junior'), count_min=831 count_max=831 avg_min=7001.696750902527 avg_max=9231.386281588448 median_min=7000.0 median_max=9100.0 std_dev_min=1524.4586270278216 std_dev_max=1924.9261763355235
2026-09-30 14:52:58,912 - modules.salary_history - INFO - Looking for salary history:, ('finance_accounting', 'junior')
2026-09-30 14:52:58,913 - modules.salary_history - INFO - Salary lookup: ('finance_accounting', 'junior'), count_min=696 count_max=696 avg_min=5279.14367816092 avg_max=7454.270114942528 median_min=5000.0 median_max=7500.0 std_dev_min=969.1517388912574 std_dev_max=1463.5155610503543
2026-09-30 14:52:58,916 - modules.salary_history - INFO - Looking for salary history:, ('administration', 'mid')
2026-09-30 14:52:58,916 - modules.salary_history - INFO - Salary lookup: ('administration', 'mid'), count_min=894 count_max=894 avg_min=6190.884787472036 avg_max=7772.890380313199 median_min=6000.0 median_max=7000.0 std_dev_min=1715.7885545983888 std_dev_max=2719.2228332075842
2026-09-30 14:52:58,922 - modules.salary_history - INFO - Looking for salary history:, ('sales_customer_service', 'junior')
2026-09-30 14:52:58,922 - modules.salary_history - INFO - Salary lookup: ('sales_customer_service', 'junior'), count_min=164 count_max=164 avg_min=5749.426829268293 avg_max=8203.19512195122 median_min=5500.0 median_max=8000.0 std_dev_min=1608.8244882139884 std_dev_max=1570.0371176029264
2026-09-30 14:52:58,928 - modules.salary_history - INFO - Looking for salary history:, ('logistics_supply_chain', 'intern')
2026-09-30 14:52:58,928 - modules.salary_history - INFO - Salary lookup: ('logistics_supply_chain', 'intern'), count_min=37 count_max=37 avg_min=6161.405405405405 avg_max=7028.4324324324325 median_min=5720.0 median_max=6470.0 std_dev_min=904.9406198892419 std_dev_max=1222.3432992171804
2026-09-30 14:52:58,934 - modules.salary_history - INFO - Looking for salary history:, ('hr', 'junior')
2026-09-30 14:52:58,934 - modules.salary_history - INFO - Salary lookup: ('hr', 'junior'), count_min=97 count_max=97 avg_min=5934.639175257732 avg_max=6970.103092783505 median_min=6000.0 median_max=7000.0 std_dev_min=368.3353936282973 std_dev_max=654.0204106864721
2026-09-30 14:52:58,940 - modules.salary_history - INFO - Looking for salary history:, ('software_it', 'mid')
2026-09-30 14:52:58,941 - modules.salary_history - INFO - Salary lookup: ('software_it', 'mid'), count_min=505 count_max=505 avg_min=8676.440264026403 avg_max=12354.390099009901 median_min=7450.0 median_max=11100.0 std_dev_min=3595.8981301534177 std_dev_max=4288.264336088859
2026-09-30 14:52:58,944 - modules.salary_history - INFO - Looking for salary history:, ('administration', 'mid')
2026-09-30 14:52:58,944 - modules.salary_history - INFO - Salary lookup: ('administration', 'mid'), count_min=894 count_max=894 avg_min=6190.884787472036 avg_max=7772.890380313199 median_min=6000.0 median_max=7000.0 std_dev_min=1715.7885545983888 std_dev_max=2719.2228332075842
2026-09-30 14:52:58,947 - modules.salary_history - INFO - Looking for salary history:, ('project_management', 'junior')
2026-09-30 14:52:58,948 - modules.salary_history - INFO - Salary lookup: ('project_management', 'junior'), count_min=61 count_max=61 avg_min=5889.836065573771 avg_max=7457.377049180328 median_min=5500.0 median_max=7000.0 std_dev_min=1751.7139148115089 std_dev_max=1975.2180484184055
2026-09-30 14:52:58,951 - modules.salary_history - INFO - Looking for salary history:, ('software_it', 'junior')
2026-09-30 14:52:58,951 - modules.salary_history - INFO - Salary lookup: ('software_it', 'junior'), count_min=318 count_max=318 avg_min=6835.6163522012575 avg_max=9213.905660377359 median_min=6500.0 median_max=8750.0 std_dev_min=1693.5370236452802 std_dev_max=2162.1758648563323
2026-09-30 14:52:58,954 - modules.salary_history - INFO - Looking for salary history:, ('finance_accounting', 'mid')
2026-09-30 14:52:58,954 - modules.salary_history - INFO - Salary lookup: ('finance_accounting', 'mid'), count_min=1002 count_max=1002 avg_min=7232.041916167665 avg_max=10088.20359281437 median_min=7000.0 median_max=10000.0 std_dev_min=1511.6394888647312 std_dev_max=1987.2566461052725
2026-09-30 14:52:58,958 - modules.salary_history - INFO - Looking for salary history:, ('data_analytics', 'mid')
2026-09-30 14:52:58,958 - modules.salary_history - INFO - Salary lookup: ('data_analytics', 'mid'), count_min=2127 count_max=2127 avg_min=9315.26531891553 avg_max=15317.084782949381 median_min=9000.0 median_max=16000.0 std_dev_min=2578.855395744559 std_dev_max=3929.014794237795
2026-09-30 14:52:58,966 - modules.salary_history - INFO - Looking for salary history:, ('data_analytics', 'senior')
2026-09-30 14:52:58,966 - modules.salary_history - INFO - Salary lookup: ('data_analytics', 'senior'), count_min=147 count_max=147 avg_min=14075.659863945579 avg_max=22422.34693877551 median_min=12833.0 median_max=22400.0 std_dev_min=3546.299007506042 std_dev_max=2954.6965786624764
2026-09-30 14:52:58,969 - modules.salary_history - INFO - Looking for salary history:, ('software_it', 'mid')
2026-09-30 14:52:58,970 - modules.salary_history - INFO - Salary lookup: ('software_it', 'mid'), count_min=505 count_max=505 avg_min=8676.440264026403 avg_max=12354.390099009901 median_min=7450.0 median_max=11100.0 std_dev_min=3595.8981301534177 std_dev_max=4288.264336088859
2026-09-30 14:52:58,973 - modules.salary_history - INFO - Looking for salary history:, ('software_it', 'mid')
2026-09-30 14:52:58,974 - modules.salary_history - INFO - Salary lookup: ('software_it', 'mid'), count_min=505 count_max=505 avg_min=8676.440264026403 avg_max=12354.390099009901 median_min=7450.0 median_max=11100.0 std_dev_min=3595.8981301534177 std_dev_max=4288.264336088859
2026-09-30 14:52:58,976 - modules.salary_history - INFO - Looking for salary history:, ('data_analytics', 'mid')
2026-09-30 14:52:58,977 - modules.salary_history - INFO - Salary lookup: ('data_analytics', 'mid'), count_min=2127 count_max=2127 avg_min=9315.26531891553 avg_max=15317.084782949381 median_min=9000.0 median_max=16000.0 std_dev_min=2578.855395744559 std_dev_max=3929.014794237795
2026-09-30 14:52:58,980 - modules.salary_history - INFO - Looking for salary history:, ('data_analytics', 'mid')
2026-09-30 14:52:58,980 - modules.salary_history - INFO - Salary lookup: ('data_analytics', 'mid'), count_min=2127 count_max=2127 avg_min=9315.26531891553 avg_max=15317.084782949381 median_min=9000.0 median_max=16000.0 std_dev_min=2578.855395744559 std_dev_max=3929.014794237795
2026-09-30 14:52:58,983 - modules.salary_history - INFO - Looking for salary history:, ('data_analytics', 'senior')
2026-09-30 14:52:58,983 - modules.salary_history - INFO - Salary lookup: ('data_analytics', 'senior'), count_min=147 count_max=147 avg_min=14075.659863945579 avg_max=22422.34693877551 median_min=12833.0 median_max=22400.0 std_dev_min=3546.299007506042 std_dev_max=2954.6965786624764
2026-09-30 14:52:58,997 - modules.salary_history - INFO - Looking for salary history:, ('software_it', 'mid')
2026-09-30 14:52:58,997 - modules.salary_history - INFO - Salary lookup: ('software_it', 'mid'), count_min=505 count_max=505 avg_min=8676.440264026403 avg_max=12354.390099009901 median_min=7450.0 median_max=11100.0 std_dev_min=3595.8981301534177 std_dev_max=4288.264336088859
2026-09-30 14:52:59,000 - modules.salary_history - INFO - Looking for salary history:, ('software_it', 'mid')
2026-09-30 14:52:59,000 - modules.salary_history - INFO - Salary lookup: ('software_it', 'mid'), count_min=505 count_max=505 avg_min=8676.440264026403 avg_max=12354.390099009901 median_min=7450.0 median_max=11100.0 std_dev_min=3595.8981301534177 std_dev_max=4288.264336088859
2026-09-30 14:52:59,003 - modules.salary_history - INFO - Looking for salary history:, ('data_analytics', 'mid')
2026-09-30 14:52:59,003 - modules.salary_history - INFO - Salary lookup: ('data_analytics', 'mid'), count_min=2127 count_max=2127 avg_min=9315.26531891553 avg_max=15317.084782949381 median_min=9000.0 median_max=16000.0 std_dev_min=2578.855395744559 std_dev_max=3929.014794237795
2026-09-30 14:52:59,008 - modules.salary_history - INFO - Looking for salary history:, ('data_analytics', 'senior')
2026-09-30 14:52:59,008 - modules.salary_history - INFO - Salary lookup: ('data_analytics', 'senior'), count_min=147 count_max=147 avg_min=14075.659863945579 avg_max=22422.34693877551 median_min=12833.0 median_max=22400.0 std_dev_min=3546.299007506042 std_dev_max=2954.6965786624764
2026-09-30 14:52:59,011 - modules.salary_history - INFO - Looking for salary history:, ('data_analytics', 'mid')
2026-09-30 14:52:59,011 - modules.salary_history - INFO - Salary lookup: ('data_analytics', 'mid'), count_min=2127 count_max=2127 avg_min=9315.26531891553 avg_max=15317.084782949381 median_min=9000.0 median_max=16000.0 std_dev_min=2578.855395744559 std_dev_max=3929.014794237795
2026-09-30 14:52:59,026 - modules.salary_history - INFO - Looking for salary history:, ('hr', 'mid')
2026-09-30 14:52:59,026 - modules.salary_history - INFO - Salary lookup: ('hr', 'mid'), count_min=191 count_max=191 avg_min=6673.507853403142 avg_max=9544.397905759162 median_min=6600.0 median_max=9500.0 std_dev_min=682.5522911844611 std_dev_max=1038.3456116624893
2026-09-30 14:52:59,028 - modules.salary_history - INFO - Looking for salary history:, ('software_it', 'mid')
2026-09-30 14:52:59,029 - modules.salary_history - INFO - Salary lookup: ('software_it', 'mid'), count_min=505 count_max=505 avg_min=8676.440264026403 avg_max=12354.390099009901 median_min=7450.0 median_max=11100.0 std_dev_min=3595.8981301534177 std_dev_max=4288.264336088859
2026-09-30 14:52:59,039 - modules.salary_history - INFO - Looking for salary history:, ('marketing', 'mid')
2026-09-30 14:52:59,039 - modules.salary_history - INFO - Salary lookup: ('marketing', 'mid'), count_min=107 count_max=107 avg_min=7885.046728971963 avg_max=10598.130841121496 median_min=8000.0 median_max=10500.0 std_dev_min=1607.3418662979864 std_dev_max=2336.3809018582892
2026-09-30 14:52:59,042 - modules.salary_history - INFO - Looking for salary history:, ('administration', 'mid')
2026-09-30 14:52:59,043 - modules.salary_history - INFO - Salary lookup: ('administration', 'mid'), count_min=894 count_max=894 avg_min=6190.884787472036 avg_max=7772.890380313199 median_min=6000.0 median_max=7000.0 std_dev_min=1715.7885545983888 std_dev_max=2719.2228332075842
2026-09-30 14:52:59,046 - modules.salary_history - INFO - Looking for salary history:, ('hr', 'mid')
2026-09-30 14:52:59,046 - modules.salary_history - INFO - Salary lookup: ('hr', 'mid'), count_min=191 count_max=191 avg_min=6673.507853403142 avg_max=9544.397905759162 median_min=6600.0 median_max=9500.0 std_dev_min=682.5522911844611 std_dev_max=1038.3456116624893
2026-09-30 14:52:59,060 - modules.salary_history - INFO - Looking for salary history:, ('finance_accounting', 'mid')
2026-09-30 14:52:59,061 - modules.salary_history - INFO - Salary lookup: ('finance_accounting', 'mid'), count_min=1002 count_max=1002 avg_min=7232.041916167665 avg_max=10088.20359281437 median_min=7000.0 median_max=10000.0 std_dev_min=1511.6394888647312 std_dev_max=1987.2566461052725
2026-09-30 14:52:59,078 - modules.salary_history - INFO - Looking for salary history:, ('software_it', 'mid')
2026-09-30 14:52:59,079 - modules.salary_history - INFO - Salary lookup: ('software_it', 'mid'), count_min=505 count_max=505 avg_min=8676.440264026403 avg_max=12354.390099009901 median_min=7450.0 median_max=11100.0 std_dev_min=3595.8981301534177 std_dev_max=4288.264336088859
2026-09-30 14:52:59,088 - modules.salary_history - INFO - Looking for salary history:, ('legal_compliance_risk', 'junior')
2026-09-30 14:52:59,089 - modules.salary_history - INFO - Salary lookup: ('legal_compliance_risk', 'junior'), count_min=36 count_max=36 avg_min=6231.444444444444 avg_max=8353.666666666666 median_min=6000.0 median_max=7900.0 std_dev_min=1103.5878745371376 std_dev_max=1860.9078276091868
2026-09-30 14:52:59,097 - modules.salary_history - INFO - Looking for salary history:, ('software_it', 'junior')
2026-09-30 14:52:59,097 - modules.salary_history - INFO - Salary lookup: ('software_it', 'junior'), count_min=318 count_max=318 avg_min=6835.6163522012575 avg_max=9213.905660377359 median_min=6500.0 median_max=8750.0 std_dev_min=1693.5370236452802 std_dev_max=2162.1758648563323
2026-09-30 14:52:59,102 - modules.salary_history - INFO - Looking for salary history:, ('legal_compliance_risk', 'junior')
2026-09-30 14:52:59,102 - modules.salary_history - INFO - Salary lookup: ('legal_compliance_risk', 'junior'), count_min=36 count_max=36 avg_min=6231.444444444444 avg_max=8353.666666666666 median_min=6000.0 median_max=7900.0 std_dev_min=1103.5878745371376 std_dev_max=1860.9078276091868
2026-09-30 14:52:59,106 - modules.salary_history - INFO - Looking for salary history:, ('project_management', 'mid')
2026-09-30 14:52:59,107 - modules.salary_history - INFO - Salary lookup: ('project_management', 'mid'), count_min=67 count_max=67 avg_min=7792.835820895522 avg_max=10473.134328358208 median_min=7000.0 median_max=9500.0 std_dev_min=3453.105236691624 std_dev_max=4290.7858321570975
2026-09-30 14:52:59,110 - modules.salary_history - INFO - Looking for salary history:, ('software_it', 'junior')
2026-09-30 14:52:59,110 - modules.salary_history - INFO - Salary lookup: ('software_it', 'junior'), count_min=318 count_max=318 avg_min=6835.6163522012575 avg_max=9213.905660377359 median_min=6500.0 median_max=8750.0 std_dev_min=1693.5370236452802 std_dev_max=2162.1758648563323
2026-09-30 14:52:59,118 - modules.salary_history - INFO - Looking for salary history:, ('project_management', 'manager')
2026-09-30 14:52:59,118 - modules.salary_history - INFO - Salary lookup: ('project_management', 'manager'), count_min=35 count_max=35 avg_min=8704.57142857143 avg_max=15853.142857142857 median_min=6000.0 median_max=14000.0 std_dev_min=5560.799954543751 std_dev_max=5877.136042940208
2026-09-30 14:52:59,122 - modules.salary_history - INFO - Looking for salary history:, ('project_management', 'manager')
2026-09-30 14:52:59,123 - modules.salary_history - INFO - Salary lookup: ('project_management', 'manager'), count_min=35 count_max=35 avg_min=8704.57142857143 avg_max=15853.142857142857 median_min=6000.0 median_max=14000.0 std_dev_min=5560.799954543751 std_dev_max=5877.136042940208
2026-09-30 14:52:59,126 - modules.salary_history - INFO - Looking for salary history:, ('project_management', 'manager')
2026-09-30 14:52:59,126 - modules.salary_history - INFO - Salary lookup: ('project_management', 'manager'), count_min=35 count_max=35 avg_min=8704.57142857143 avg_max=15853.142857142857 median_min=6000.0 median_max=14000.0 std_dev_min=5560.799954543751 std_dev_max=5877.136042940208
2026-09-30 14:52:59,140 - modules.salary_history - INFO - Looking for salary history:, ('data_analytics', 'mid')
2026-09-30 14:52:59,140 - modules.salary_history - INFO - Salary lookup: ('data_analytics', 'mid'), count_min=2127 count_max=2127 avg_min=9315.26531891553 avg_max=15317.084782949381 median_min=9000.0 median_max=16000.0 std_dev_min=2578.855395744559 std_dev_max=3929.014794237795
2026-09-30 14:52:59,143 - modules.salary_history - INFO - Looking for salary history:, ('data_analytics', 'mid')
2026-09-30 14:52:59,144 - modules.salary_history - INFO - Salary lookup: ('data_analytics', 'mid'), count_min=2127 count_max=2127 avg_min=9315.26531891553 avg_max=15317.084782949381 median_min=9000.0 median_max=16000.0 std_dev_min=2578.855395744559 std_dev_max=3929.014794237795
2026-09-30 14:52:59,146 - modules.salary_history - INFO - Looking for salary history:, ('data_analytics', 'mid')
2026-09-30 14:52:59,147 - modules.salary_history - INFO - Salary lookup: ('data_analytics', 'mid'), count_min=2127 count_max=2127 avg_min=9315.26531891553 avg_max=15317.084782949381 median_min=9000.0 median_max=16000.0 std_dev_min=2578.855395744559 std_dev_max=3929.014794237795
2026-09-30 14:52:59,149 - modules.salary_history - INFO - Looking for salary history:, ('data_analytics', 'mid')
2026-09-30 14:52:59,150 - modules.salary_history - INFO - Salary lookup: ('data_analytics', 'mid'), count_min=2127 count_max=2127 avg_min=9315.26531891553 avg_max=15317.084782949381 median_min=9000.0 median_max=16000.0 std_dev_min=2578.855395744559 std_dev_max=3929.014794237795
2026-09-30 14:52:59,161 - modules.salary_history - INFO - Looking for salary history:, ('software_it', 'junior')
2026-09-30 14:52:59,161 - modules.salary_history - INFO - Salary lookup: ('software_it', 'junior'), count_min=318 count_max=318 avg_min=6835.6163522012575 avg_max=9213.905660377359 median_min=6500.0 median_max=8750.0 std_dev_min=1693.5370236452802 std_dev_max=2162.1758648563323
2026-09-30 14:52:59,168 - modules.salary_history - INFO - Looking for salary history:, ('data_analytics', 'mid')
2026-09-30 14:52:59,168 - modules.salary_history - INFO - Salary lookup: ('data_analytics', 'mid'), count_min=2127 count_max=2127 avg_min=9315.26531891553 avg_max=15317.084782949381 median_min=9000.0 median_max=16000.0 std_dev_min=2578.855395744559 std_dev_max=3929.014794237795
2026-09-30 14:52:59,173 - modules.salary_history - INFO - Looking for salary history:, ('data_analytics', 'mid')
2026-09-30 14:52:59,173 - modules.salary_history - INFO - Salary lookup: ('data_analytics', 'mid'), count_min=2127 count_max=2127 avg_min=9315.26531891553 avg_max=15317.084782949381 median_min=9000.0 median_max=16000.0 std_dev_min=2578.855395744559 std_dev_max=3929.014794237795
2026-09-30 14:52:59,176 - modules.salary_history - INFO - Looking for salary history:, ('data_analytics', 'mid')
2026-09-30 14:52:59,176 - modules.salary_history - INFO - Salary lookup: ('data_analytics', 'mid'), count_min=2127 count_max=2127 avg_min=9315.26531891553 avg_max=15317.084782949381 median_min=9000.0 median_max=16000.0 std_dev_min=2578.855395744559 std_dev_max=3929.014794237795
2026-09-30 14:52:59,179 - modules.salary_history - INFO - Looking for salary history:, ('data_analytics', 'mid')
2026-09-30 14:52:59,179 - modules.salary_history - INFO - Salary lookup: ('data_analytics', 'mid'), count_min=2127 count_max=2127 avg_min=9315.26531891553 avg_max=15317.084782949381 median_min=9000.0 median_max=16000.0 std_dev_min=2578.855395744559 std_dev_max=3929.014794237795
2026-09-30 14:52:59,182 - modules.salary_history - INFO - Looking for salary history:, ('software_it', 'mid')
2026-09-30 14:52:59,182 - modules.salary_history - INFO - Salary lookup: ('software_it', 'mid'), count_min=505 count_max=505 avg_min=8676.440264026403 avg_max=12354.390099009901 median_min=7450.0 median_max=11100.0 std_dev_min=3595.8981301534177 std_dev_max=4288.264336088859
2026-09-30 14:52:59,194 - modules.salary_history - INFO - Looking for salary history:, ('finance_accounting', 'intern')
2026-09-30 14:52:59,194 - modules.salary_history - INFO - Salary lookup: ('finance_accounting', 'intern'), count_min=86 count_max=86 avg_min=6440.232558139535 avg_max=7224.186046511628 median_min=5120.0 median_max=5600.0 std_dev_min=3774.0120566982782 std_dev_max=3798.8433116089363
2026-09-30 14:52:59,199 - modules.salary_history - INFO - Looking for salary history:, ('finance_accounting', 'junior')
2026-09-30 14:52:59,199 - modules.salary_history - INFO - Salary lookup: ('finance_accounting', 'junior'), count_min=696 count_max=696 avg_min=5279.14367816092 avg_max=7454.270114942528 median_min=5000.0 median_max=7500.0 std_dev_min=969.1517388912574 std_dev_max=1463.5155610503543
2026-09-30 14:52:59,202 - modules.salary_history - INFO - Looking for salary history:, ('logistics_supply_chain', 'mid')
2026-09-30 14:52:59,202 - modules.salary_history - INFO - Salary lookup: ('logistics_supply_chain', 'mid'), count_min=1142 count_max=1142 avg_min=7061.37302977233 avg_max=9427.69877408056 median_min=7000.0 median_max=8500.0 std_dev_min=1502.211187945818 std_dev_max=5502.350087223172
2026-09-30 14:52:59,209 - modules.salary_history - INFO - Looking for salary history:, ('administration', 'mid')
2026-09-30 14:52:59,209 - modules.salary_history - INFO - Salary lookup: ('administration', 'mid'), count_min=894 count_max=894 avg_min=6190.884787472036 avg_max=7772.890380313199 median_min=6000.0 median_max=7000.0 std_dev_min=1715.7885545983888 std_dev_max=2719.2228332075842
2026-09-30 14:52:59,212 - modules.salary_history - INFO - Looking for salary history:, ('it_support', 'junior')
2026-09-30 14:52:59,212 - modules.salary_history - INFO - Salary lookup: ('it_support', 'junior'), count_min=73 count_max=73 avg_min=5685.890410958904 avg_max=7214.767123287671 median_min=5500.0 median_max=7000.0 std_dev_min=1266.0819216258813 std_dev_max=1863.1818850240809
2026-09-30 14:52:59,218 - modules.salary_history - INFO - Looking for salary history:, ('data_analytics', 'senior')
2026-09-30 14:52:59,218 - modules.salary_history - INFO - Salary lookup: ('data_analytics', 'senior'), count_min=147 count_max=147 avg_min=14075.659863945579 avg_max=22422.34693877551 median_min=12833.0 median_max=22400.0 std_dev_min=3546.299007506042 std_dev_max=2954.6965786624764
2026-09-30 14:52:59,221 - modules.salary_history - INFO - Looking for salary history:, ('data_analytics', 'mid')
2026-09-30 14:52:59,222 - modules.salary_history - INFO - Salary lookup: ('data_analytics', 'mid'), count_min=2127 count_max=2127 avg_min=9315.26531891553 avg_max=15317.084782949381 median_min=9000.0 median_max=16000.0 std_dev_min=2578.855395744559 std_dev_max=3929.014794237795
2026-09-30 14:52:59,230 - modules.salary_history - INFO - Looking for salary history:, ('data_analytics', 'mid')
2026-09-30 14:52:59,231 - modules.salary_history - INFO - Salary lookup: ('data_analytics', 'mid'), count_min=2127 count_max=2127 avg_min=9315.26531891553 avg_max=15317.084782949381 median_min=9000.0 median_max=16000.0 std_dev_min=2578.855395744559 std_dev_max=3929.014794237795
2026-09-30 14:52:59,234 - modules.salary_history - INFO - Looking for salary history:, ('data_analytics', 'mid')
2026-09-30 14:52:59,235 - modules.salary_history - INFO - Salary lookup: ('data_analytics', 'mid'), count_min=2127 count_max=2127 avg_min=9315.26531891553 avg_max=15317.084782949381 median_min=9000.0 median_max=16000.0 std_dev_min=2578.855395744559 std_dev_max=3929.014794237795
2026-09-30 14:52:59,239 - modules.salary_history - INFO - Looking for salary history:, ('data_analytics', 'mid')
2026-09-30 14:52:59,239 - modules.salary_history - INFO - Salary lookup: ('data_analytics', 'mid'), count_min=2127 count_max=2127 avg_min=9315.26531891553 avg_max=15317.084782949381 median_min=9000.0 median_max=16000.0 std_dev_min=2578.855395744559 std_dev_max=3929.014794237795
2026-09-30 14:52:59,243 - modules.salary_history - INFO - Looking for salary history:, ('data_analytics', 'mid')
2026-09-30 14:52:59,243 - modules.salary_history - INFO - Salary lookup: ('data_analytics', 'mid'), count_min=2127 count_max=2127 avg_min=9315.26531891553 avg_max=15317.084782949381 median_min=9000.0 median_max=16000.0 std_dev_min=2578.855395744559 std_dev_max=3929.014794237795
2026-09-30 14:52:59,249 - modules.salary_history - INFO - Looking for salary history:, ('software_it', 'senior')
2026-09-30 14:52:59,249 - modules.salary_history - INFO - Salary lookup: ('software_it', 'senior'), count_min=48 count_max=48 avg_min=12662.916666666666 avg_max=18005.694444444445 median_min=7000.0 median_max=14000.0 std_dev_min=9390.36422340619 std_dev_max=9364.09416626977
2026-09-30 14:52:59,253 - modules.salary_history - INFO - Looking for salary history:, ('software_it', 'senior')
2026-09-30 14:52:59,253 - modules.salary_history - INFO - Salary lookup: ('software_it', 'senior'), count_min=48 count_max=48 avg_min=12662.916666666666 avg_max=18005.694444444445 median_min=7000.0 median_max=14000.0 std_dev_min=9390.36422340619 std_dev_max=9364.09416626977
2026-09-30 14:52:59,259 - modules.salary_history - INFO - Looking for salary history:, ('project_management', 'manager')
2026-09-30 14:52:59,260 - modules.salary_history - INFO - Salary lookup: ('project_management', 'manager'), count_min=35 count_max=35 avg_min=8704.57142857143 avg_max=15853.142857142857 median_min=6000.0 median_max=14000.0 std_dev_min=5560.799954543751 std_dev_max=5877.136042940208
2026-09-30 14:52:59,272 - modules.salary_history - INFO - Looking for salary history:, ('data_analytics', 'mid')
2026-09-30 14:52:59,272 - modules.salary_history - INFO - Salary lookup: ('data_analytics', 'mid'), count_min=2127 count_max=2127 avg_min=9315.26531891553 avg_max=15317.084782949381 median_min=9000.0 median_max=16000.0 std_dev_min=2578.855395744559 std_dev_max=3929.014794237795
2026-09-30 14:52:59,282 - modules.salary_history - INFO - Looking for salary history:, ('data_analytics', 'mid')
2026-09-30 14:52:59,283 - modules.salary_history - INFO - Salary lookup: ('data_analytics', 'mid'), count_min=2127 count_max=2127 avg_min=9315.26531891553 avg_max=15317.084782949381 median_min=9000.0 median_max=16000.0 std_dev_min=2578.855395744559 std_dev_max=3929.014794237795
2026-09-30 14:52:59,289 - modules.salary_history - INFO - Looking for salary history:, ('data_analytics', 'mid')
2026-09-30 14:52:59,289 - modules.salary_history - INFO - Salary lookup: ('data_analytics', 'mid'), count_min=2127 count_max=2127 avg_min=9315.26531891553 avg_max=15317.084782949381 median_min=9000.0 median_max=16000.0 std_dev_min=2578.855395744559 std_dev_max=3929.014794237795
2026-09-30 14:52:59,292 - modules.salary_history - INFO - Looking for salary history:, ('data_analytics', 'junior')
2026-09-30 14:52:59,293 - modules.salary_history - INFO - Salary lookup: ('data_analytics', 'junior'), count_min=831 count_max=831 avg_min=7001.696750902527 avg_max=9231.386281588448 median_min=7000.0 median_max=9100.0 std_dev_min=1524.4586270278216 std_dev_max=1924.9261763355235
2026-09-30 14:52:59,295 - modules.salary_history - INFO - Looking for salary history:, ('data_analytics', 'junior')
2026-09-30 14:52:59,296 - modules.salary_history - INFO - Salary lookup: ('data_analytics', 'junior'), count_min=831 count_max=831 avg_min=7001.696750902527 avg_max=9231.386281588448 median_min=7000.0 median_max=9100.0 std_dev_min=1524.4586270278216 std_dev_max=1924.9261763355235
2026-09-30 14:52:59,308 - modules.salary_history - INFO - Looking for salary history:, ('data_analytics', 'junior')
2026-09-30 14:52:59,309 - modules.salary_history - INFO - Salary lookup: ('data_analytics', 'junior'), count_min=831 count_max=831 avg_min=7001.696750902527 avg_max=9231.386281588448 median_min=7000.0 median_max=9100.0 std_dev_min=1524.4586270278216 std_dev_max=1924.9261763355235
2026-09-30 14:52:59,312 - modules.salary_history - INFO - Looking for salary history:, ('software_it', 'junior')
2026-09-30 14:52:59,312 - modules.salary_history - INFO - Salary lookup: ('software_it', 'junior'), count_min=318 count_max=318 avg_min=6835.6163522012575 avg_max=9213.905660377359 median_min=6500.0 median_max=8750.0 std_dev_min=1693.5370236452802 std_dev_max=2162.1758648563323
2026-09-30 14:52:59,315 - modules.salary_history - INFO - Looking for salary history:, ('data_analytics', 'junior')
2026-09-30 14:52:59,315 - modules.salary_history - INFO - Salary lookup: ('data_analytics', 'junior'), count_min=831 count_max=831 avg_min=7001.696750902527 avg_max=9231.386281588448 median_min=7000.0 median_max=9100.0 std_dev_min=1524.4586270278216 std_dev_max=1924.9261763355235
2026-09-30 14:52:59,327 - modules.salary_history - INFO - Looking for salary history:, ('data_analytics', 'junior')
2026-09-30 14:52:59,328 - modules.salary_history - INFO - Salary lookup: ('data_analytics', 'junior'), count_min=831 count_max=831 avg_min=7001.696750902527 avg_max=9231.386281588448 median_min=7000.0 median_max=9100.0 std_dev_min=1524.4586270278216 std_dev_max=1924.9261763355235
2026-09-30 14:52:59,339 - modules.salary_history - INFO - Looking for salary history:, ('data_analytics', 'junior')
2026-09-30 14:52:59,339 - modules.salary_history - INFO - Salary lookup: ('data_analytics', 'junior'), count_min=831 count_max=831 avg_min=7001.696750902527 avg_max=9231.386281588448 median_min=7000.0 median_max=9100.0 std_dev_min=1524.4586270278216 std_dev_max=1924.9261763355235
2026-09-30 14:52:59,349 - modules.salary_history - INFO - Looking for salary history:, ('data_analytics', 'junior')
2026-09-30 14:52:59,350 - modules.salary_history - INFO - Salary lookup: ('data_analytics', 'junior'), count_min=831 count_max=831 avg_min=7001.696750902527 avg_max=9231.386281588448 median_min=7000.0 median_max=9100.0 std_dev_min=1524.4586270278216 std_dev_max=1924.9261763355235
2026-09-30 14:52:59,359 - modules.salary_history - INFO - Looking for salary history:, ('data_analytics', 'mid')
2026-09-30 14:52:59,359 - modules.salary_history - INFO - Salary lookup: ('data_analytics', 'mid'), count_min=2127 count_max=2127 avg_min=9315.26531891553 avg_max=15317.084782949381 median_min=9000.0 median_max=16000.0 std_dev_min=2578.855395744559 std_dev_max=3929.014794237795
2026-09-30 14:52:59,363 - modules.salary_history - INFO - Looking for salary history:, ('software_it', 'mid')
2026-09-30 14:52:59,363 - modules.salary_history - INFO - Salary lookup: ('software_it', 'mid'), count_min=505 count_max=505 avg_min=8676.440264026403 avg_max=12354.390099009901 median_min=7450.0 median_max=11100.0 std_dev_min=3595.8981301534177 std_dev_max=4288.264336088859
2026-09-30 14:52:59,368 - modules.salary_history - INFO - Looking for salary history:, ('data_analytics', 'senior')
2026-09-30 14:52:59,369 - modules.salary_history - INFO - Salary lookup: ('data_analytics', 'senior'), count_min=147 count_max=147 avg_min=14075.659863945579 avg_max=22422.34693877551 median_min=12833.0 median_max=22400.0 std_dev_min=3546.299007506042 std_dev_max=2954.6965786624764
2026-09-30 14:52:59,373 - modules.salary_history - INFO - Looking for salary history:, ('it_support', 'junior')
2026-09-30 14:52:59,374 - modules.salary_history - INFO - Salary lookup: ('it_support', 'junior'), count_min=73 count_max=73 avg_min=5685.890410958904 avg_max=7214.767123287671 median_min=5500.0 median_max=7000.0 std_dev_min=1266.0819216258813 std_dev_max=1863.1818850240809
2026-09-30 14:52:59,377 - modules.salary_history - INFO - Looking for salary history:, ('it_support', 'junior')
2026-09-30 14:52:59,377 - modules.salary_history - INFO - Salary lookup: ('it_support', 'junior'), count_min=73 count_max=73 avg_min=5685.890410958904 avg_max=7214.767123287671 median_min=5500.0 median_max=7000.0 std_dev_min=1266.0819216258813 std_dev_max=1863.1818850240809
2026-09-30 14:52:59,382 - modules.salary_history - INFO - Looking for salary history:, ('it_support', 'mid')
2026-09-30 14:52:59,383 - modules.salary_history - INFO - Salary lookup: ('it_support', 'mid'), count_min=130 count_max=130 avg_min=6961.4384615384615 avg_max=9987.030769230769 median_min=7000.0 median_max=10000.0 std_dev_min=1171.6752996507046 std_dev_max=2041.5886994325194
2026-09-30 14:52:59,386 - modules.salary_history - INFO - Looking for salary history:, ('software_it', 'mid')
2026-09-30 14:52:59,386 - modules.salary_history - INFO - Salary lookup: ('software_it', 'mid'), count_min=505 count_max=505 avg_min=8676.440264026403 avg_max=12354.390099009901 median_min=7450.0 median_max=11100.0 std_dev_min=3595.8981301534177 std_dev_max=4288.264336088859
2026-09-30 14:52:59,390 - modules.salary_history - INFO - Looking for salary history:, ('legal_compliance_risk', 'junior')
2026-09-30 14:52:59,390 - modules.salary_history - INFO - Salary lookup: ('legal_compliance_risk', 'junior'), count_min=36 count_max=36 avg_min=6231.444444444444 avg_max=8353.666666666666 median_min=6000.0 median_max=7900.0 std_dev_min=1103.5878745371376 std_dev_max=1860.9078276091868
2026-09-30 14:52:59,394 - modules.salary_history - INFO - Looking for salary history:, ('it_support', 'junior')
2026-09-30 14:52:59,394 - modules.salary_history - INFO - Salary lookup: ('it_support', 'junior'), count_min=73 count_max=73 avg_min=5685.890410958904 avg_max=7214.767123287671 median_min=5500.0 median_max=7000.0 std_dev_min=1266.0819216258813 std_dev_max=1863.1818850240809
2026-09-30 14:52:59,397 - modules.salary_history - INFO - Looking for salary history:, ('software_it', 'mid')
2026-09-30 14:52:59,397 - modules.salary_history - INFO - Salary lookup: ('software_it', 'mid'), count_min=505 count_max=505 avg_min=8676.440264026403 avg_max=12354.390099009901 median_min=7450.0 median_max=11100.0 std_dev_min=3595.8981301534177 std_dev_max=4288.264336088859
2026-09-30 14:52:59,400 - modules.salary_history - INFO - Looking for salary history:, ('finance_accounting', 'mid')
2026-09-30 14:52:59,401 - modules.salary_history - INFO - Salary lookup: ('finance_accounting', 'mid'), count_min=1002 count_max=1002 avg_min=7232.041916167665 avg_max=10088.20359281437 median_min=7000.0 median_max=10000.0 std_dev_min=1511.6394888647312 std_dev_max=1987.2566461052725
2026-09-30 14:52:59,407 - modules.salary_history - INFO - Looking for salary history:, ('finance_accounting', 'junior')
2026-09-30 14:52:59,407 - modules.salary_history - INFO - Salary lookup: ('finance_accounting', 'junior'), count_min=696 count_max=696 avg_min=5279.14367816092 avg_max=7454.270114942528 median_min=5000.0 median_max=7500.0 std_dev_min=969.1517388912574 std_dev_max=1463.5155610503543
2026-09-30 14:52:59,410 - modules.salary_history - INFO - Looking for salary history:, ('it_support', 'mid')
2026-09-30 14:52:59,410 - modules.salary_history - INFO - Salary lookup: ('it_support', 'mid'), count_min=130 count_max=130 avg_min=6961.4384615384615 avg_max=9987.030769230769 median_min=7000.0 median_max=10000.0 std_dev_min=1171.6752996507046 std_dev_max=2041.5886994325194
2026-09-30 14:52:59,413 - modules.salary_history - INFO - Looking for salary history:, ('finance_accounting', 'intern')
2026-09-30 14:52:59,413 - modules.salary_history - INFO - Salary lookup: ('finance_accounting', 'intern'), count_min=86 count_max=86 avg_min=6440.232558139535 avg_max=7224.186046511628 median_min=5120.0 median_max=5600.0 std_dev_min=3774.0120566982782 std_dev_max=3798.8433116089363
2026-09-30 14:52:59,417 - modules.salary_history - INFO - Looking for salary history:, ('logistics_supply_chain', 'mid')
2026-09-30 14:52:59,417 - modules.salary_history - INFO - Salary lookup: ('logistics_supply_chain', 'mid'), count_min=1142 count_max=1142 avg_min=7061.37302977233 avg_max=9427.69877408056 median_min=7000.0 median_max=8500.0 std_dev_min=1502.211187945818 std_dev_max=5502.350087223172
2026-09-30 14:52:59,420 - modules.salary_history - INFO - Looking for salary history:, ('finance_accounting', 'mid')
2026-09-30 14:52:59,420 - modules.salary_history - INFO - Salary lookup: ('finance_accounting', 'mid'), count_min=1002 count_max=1002 avg_min=7232.041916167665 avg_max=10088.20359281437 median_min=7000.0 median_max=10000.0 std_dev_min=1511.6394888647312 std_dev_max=1987.2566461052725
2026-09-30 14:52:59,424 - modules.salary_history - INFO - Looking for salary history:, ('finance_accounting', 'junior')
2026-09-30 14:52:59,424 - modules.salary_history - INFO - Salary lookup: ('finance_accounting', 'junior'), count_min=696 count_max=696 avg_min=5279.14367816092 avg_max=7454.270114942528 median_min=5000.0 median_max=7500.0 std_dev_min=969.1517388912574 std_dev_max=1463.5155610503543
2026-09-30 14:52:59,427 - modules.salary_history - INFO - Looking for salary history:, ('sales_customer_service', 'mid')
2026-09-30 14:52:59,427 - modules.salary_history - INFO - Salary lookup: ('sales_customer_service', 'mid'), count_min=396 count_max=396 avg_min=5881.416666666667 avg_max=8385.348484848484 median_min=5677.0 median_max=8000.0 std_dev_min=1083.4858632316275 std_dev_max=1805.6980219863158
2026-09-30 14:52:59,430 - modules.salary_history - INFO - Looking for salary history:, ('finance_accounting', 'mid')
2026-09-30 14:52:59,431 - modules.salary_history - INFO - Salary lookup: ('finance_accounting', 'mid'), count_min=1002 count_max=1002 avg_min=7232.041916167665 avg_max=10088.20359281437 median_min=7000.0 median_max=10000.0 std_dev_min=1511.6394888647312 std_dev_max=1987.2566461052725
2026-09-30 14:52:59,440 - modules.salary_history - INFO - Looking for salary history:, ('data_analytics', 'mid')
2026-09-30 14:52:59,440 - modules.salary_history - INFO - Salary lookup: ('data_analytics', 'mid'), count_min=2127 count_max=2127 avg_min=9315.26531891553 avg_max=15317.084782949381 median_min=9000.0 median_max=16000.0 std_dev_min=2578.855395744559 std_dev_max=3929.014794237795
2026-09-30 14:52:59,443 - modules.salary_history - INFO - Looking for salary history:, ('it_support', 'junior')
2026-09-30 14:52:59,443 - modules.salary_history - INFO - Salary lookup: ('it_support', 'junior'), count_min=73 count_max=73 avg_min=5685.890410958904 avg_max=7214.767123287671 median_min=5500.0 median_max=7000.0 std_dev_min=1266.0819216258813 std_dev_max=1863.1818850240809
2026-09-30 14:52:59,446 - modules.salary_history - INFO - Looking for salary history:, ('logistics_supply_chain', 'mid')
2026-09-30 14:52:59,446 - modules.salary_history - INFO - Salary lookup: ('logistics_supply_chain', 'mid'), count_min=1142 count_max=1142 avg_min=7061.37302977233 avg_max=9427.69877408056 median_min=7000.0 median_max=8500.0 std_dev_min=1502.211187945818 std_dev_max=5502.350087223172
2026-09-30 14:52:59,449 - modules.salary_history - INFO - Looking for salary history:, ('hr', 'junior')
2026-09-30 14:52:59,450 - modules.salary_history - INFO - Salary lookup: ('hr', 'junior'), count_min=97 count_max=97 avg_min=5934.639175257732 avg_max=6970.103092783505 median_min=6000.0 median_max=7000.0 std_dev_min=368.3353936282973 std_dev_max=654.0204106864721
2026-09-30 14:52:59,453 - modules.salary_history - INFO - Looking for salary history:, ('logistics_supply_chain', 'mid')
2026-09-30 14:52:59,453 - modules.salary_history - INFO - Salary lookup: ('logistics_supply_chain', 'mid'), count_min=1142 count_max=1142 avg_min=7061.37302977233 avg_max=9427.69877408056 median_min=7000.0 median_max=8500.0 std_dev_min=1502.211187945818 std_dev_max=5502.350087223172
2026-09-30 14:52:59,460 - modules.salary_history - INFO - Looking for salary history:, ('logistics_supply_chain', 'mid')
2026-09-30 14:52:59,461 - modules.salary_history - INFO - Salary lookup: ('logistics_supply_chain', 'mid'), count_min=1142 count_max=1142 avg_min=7061.37302977233 avg_max=9427.69877408056 median_min=7000.0 median_max=8500.0 std_dev_min=1502.211187945818 std_dev_max=5502.350087223172
2026-09-30 14:52:59,469 - modules.salary_history - INFO - Looking for salary history:, ('data_analytics', 'mid')
2026-09-30 14:52:59,469 - modules.salary_history - INFO - Salary lookup: ('data_analytics', 'mid'), count_min=2127 count_max=2127 avg_min=9315.26531891553 avg_max=15317.084782949381 median_min=9000.0 median_max=16000.0 std_dev_min=2578.855395744559 std_dev_max=3929.014794237795
2026-09-30 14:52:59,473 - modules.salary_history - INFO - Looking for salary history:, ('engineering_production', 'mid')
2026-09-30 14:52:59,473 - modules.salary_history - INFO - Salary lookup: ('engineering_production', 'mid'), count_min=162 count_max=162 avg_min=6460.123456790124 avg_max=9375.061728395061 median_min=6000.0 median_max=9000.0 std_dev_min=1832.4710898736598 std_dev_max=2557.960233305465
2026-09-30 14:52:59,477 - modules.salary_history - INFO - Looking for salary history:, ('administration', 'mid')
2026-09-30 14:52:59,477 - modules.salary_history - INFO - Salary lookup: ('administration', 'mid'), count_min=894 count_max=894 avg_min=6190.884787472036 avg_max=7772.890380313199 median_min=6000.0 median_max=7000.0 std_dev_min=1715.7885545983888 std_dev_max=2719.2228332075842
2026-09-30 14:52:59,480 - modules.salary_history - INFO - Looking for salary history:, ('administration', 'mid')
2026-09-30 14:52:59,481 - modules.salary_history - INFO - Salary lookup: ('administration', 'mid'), count_min=894 count_max=894 avg_min=6190.884787472036 avg_max=7772.890380313199 median_min=6000.0 median_max=7000.0 std_dev_min=1715.7885545983888 std_dev_max=2719.2228332075842
2026-09-30 14:52:59,494 - modules.salary_history - INFO - Looking for salary history:, ('administration', 'senior')
2026-09-30 14:52:59,494 - modules.salary_history - INFO - Salary lookup: ('administration', 'senior'), count_min=8 count_max=8 avg_min=7250.0 avg_max=9925.0 median_min=7000.0 median_max=9400.0 std_dev_min=1164.964745021435 std_dev_max=2108.3168642308015
2026-09-30 14:52:59,497 - modules.salary_history - INFO - Looking for salary history:, ('administration', 'mid')
2026-09-30 14:52:59,497 - modules.salary_history - INFO - Salary lookup: ('administration', 'mid'), count_min=894 count_max=894 avg_min=6190.884787472036 avg_max=7772.890380313199 median_min=6000.0 median_max=7000.0 std_dev_min=1715.7885545983888 std_dev_max=2719.2228332075842
2026-09-30 14:52:59,500 - modules.salary_history - INFO - Looking for salary history:, ('finance_accounting', 'junior')
2026-09-30 14:52:59,500 - modules.salary_history - INFO - Salary lookup: ('finance_accounting', 'junior'), count_min=696 count_max=696 avg_min=5279.14367816092 avg_max=7454.270114942528 median_min=5000.0 median_max=7500.0 std_dev_min=969.1517388912574 std_dev_max=1463.5155610503543
2026-09-30 14:52:59,504 - modules.salary_history - INFO - Looking for salary history:, ('finance_accounting', 'mid')
2026-09-30 14:52:59,504 - modules.salary_history - INFO - Salary lookup: ('finance_accounting', 'mid'), count_min=1002 count_max=1002 avg_min=7232.041916167665 avg_max=10088.20359281437 median_min=7000.0 median_max=10000.0 std_dev_min=1511.6394888647312 std_dev_max=1987.2566461052725
2026-09-30 14:52:59,508 - modules.salary_history - INFO - Looking for salary history:, ('administration', 'mid')
2026-09-30 14:52:59,508 - modules.salary_history - INFO - Salary lookup: ('administration', 'mid'), count_min=894 count_max=894 avg_min=6190.884787472036 avg_max=7772.890380313199 median_min=6000.0 median_max=7000.0 std_dev_min=1715.7885545983888 std_dev_max=2719.2228332075842
2026-09-30 14:52:59,515 - modules.salary_history - INFO - Looking for salary history:, ('sales_customer_service', 'junior')
2026-09-30 14:52:59,515 - modules.salary_history - INFO - Salary lookup: ('sales_customer_service', 'junior'), count_min=164 count_max=164 avg_min=5749.426829268293 avg_max=8203.19512195122 median_min=5500.0 median_max=8000.0 std_dev_min=1608.8244882139884 std_dev_max=1570.0371176029264
2026-09-30 14:52:59,519 - modules.salary_history - INFO - Looking for salary history:, ('software_it', 'mid')
2026-09-30 14:52:59,519 - modules.salary_history - INFO - Salary lookup: ('software_it', 'mid'), count_min=505 count_max=505 avg_min=8676.440264026403 avg_max=12354.390099009901 median_min=7450.0 median_max=11100.0 std_dev_min=3595.8981301534177 std_dev_max=4288.264336088859
2026-09-30 14:52:59,524 - modules.salary_history - INFO - Looking for salary history:, ('logistics_supply_chain', 'junior')
2026-09-30 14:52:59,524 - modules.salary_history - INFO - Salary lookup: ('logistics_supply_chain', 'junior'), count_min=312 count_max=312 avg_min=5309.846153846154 avg_max=6689.733974358975 median_min=5000.0 median_max=6500.0 std_dev_min=671.2836113493227 std_dev_max=1010.0578680691826
2026-09-30 14:52:59,527 - modules.salary_history - INFO - Looking for salary history:, ('logistics_supply_chain', 'junior')
2026-09-30 14:52:59,528 - modules.salary_history - INFO - Salary lookup: ('logistics_supply_chain', 'junior'), count_min=312 count_max=312 avg_min=5309.846153846154 avg_max=6689.733974358975 median_min=5000.0 median_max=6500.0 std_dev_min=671.2836113493227 std_dev_max=1010.0578680691826
2026-09-30 14:52:59,531 - modules.salary_history - INFO - Looking for salary history:, ('procurement', 'mid')
2026-09-30 14:52:59,531 - modules.salary_history - INFO - Salary lookup: ('procurement', 'mid'), count_min=350 count_max=350 avg_min=6694.042857142857 avg_max=9492.102857142858 median_min=6550.0 median_max=9500.0 std_dev_min=1031.9430505003918 std_dev_max=1729.4754693641116
2026-09-30 14:52:59,534 - modules.salary_history - INFO - Looking for salary history:, ('data_analytics', 'senior')
2026-09-30 14:52:59,535 - modules.salary_history - INFO - Salary lookup: ('data_analytics', 'senior'), count_min=147 count_max=147 avg_min=14075.659863945579 avg_max=22422.34693877551 median_min=12833.0 median_max=22400.0 std_dev_min=3546.299007506042 std_dev_max=2954.6965786624764
2026-09-30 14:52:59,539 - modules.salary_history - INFO - Looking for salary history:, ('data_analytics', 'mid')
2026-09-30 14:52:59,539 - modules.salary_history - INFO - Salary lookup: ('data_analytics', 'mid'), count_min=2127 count_max=2127 avg_min=9315.26531891553 avg_max=15317.084782949381 median_min=9000.0 median_max=16000.0 std_dev_min=2578.855395744559 std_dev_max=3929.014794237795
2026-09-30 14:52:59,543 - modules.salary_history - INFO - Looking for salary history:, ('marketing', 'mid')
2026-09-30 14:52:59,543 - modules.salary_history - INFO - Salary lookup: ('marketing', 'mid'), count_min=107 count_max=107 avg_min=7885.046728971963 avg_max=10598.130841121496 median_min=8000.0 median_max=10500.0 std_dev_min=1607.3418662979864 std_dev_max=2336.3809018582892
2026-09-30 14:52:59,547 - modules.salary_history - INFO - Looking for salary history:, ('software_it', 'mid')
2026-09-30 14:52:59,547 - modules.salary_history - INFO - Salary lookup: ('software_it', 'mid'), count_min=505 count_max=505 avg_min=8676.440264026403 avg_max=12354.390099009901 median_min=7450.0 median_max=11100.0 std_dev_min=3595.8981301534177 std_dev_max=4288.264336088859
2026-09-30 14:52:59,557 - modules.salary_history - INFO - Looking for salary history:, ('finance_accounting', 'mid')
2026-09-30 14:52:59,557 - modules.salary_history - INFO - Salary lookup: ('finance_accounting', 'mid'), count_min=1002 count_max=1002 avg_min=7232.041916167665 avg_max=10088.20359281437 median_min=7000.0 median_max=10000.0 std_dev_min=1511.6394888647312 std_dev_max=1987.2566461052725
2026-09-30 14:52:59,565 - modules.salary_history - INFO - Looking for salary history:, ('logistics_supply_chain', 'mid')
2026-09-30 14:52:59,566 - modules.salary_history - INFO - Salary lookup: ('logistics_supply_chain', 'mid'), count_min=1142 count_max=1142 avg_min=7061.37302977233 avg_max=9427.69877408056 median_min=7000.0 median_max=8500.0 std_dev_min=1502.211187945818 std_dev_max=5502.350087223172
2026-09-30 14:52:59,576 - modules.salary_history - INFO - Looking for salary history:, ('data_analytics', 'senior')
2026-09-30 14:52:59,577 - modules.salary_history - INFO - Salary lookup: ('data_analytics', 'senior'), count_min=147 count_max=147 avg_min=14075.659863945579 avg_max=22422.34693877551 median_min=12833.0 median_max=22400.0 std_dev_min=3546.299007506042 std_dev_max=2954.6965786624764
2026-09-30 14:52:59,579 - modules.salary_history - INFO - Looking for salary history:, ('data_analytics', 'mid')
2026-09-30 14:52:59,580 - modules.salary_history - INFO - Salary lookup: ('data_analytics', 'mid'), count_min=2127 count_max=2127 avg_min=9315.26531891553 avg_max=15317.084782949381 median_min=9000.0 median_max=16000.0 std_dev_min=2578.855395744559 std_dev_max=3929.014794237795
2026-09-30 14:52:59,582 - modules.salary_history - INFO - Looking for salary history:, ('software_it', 'mid')
2026-09-30 14:52:59,583 - modules.salary_history - INFO - Salary lookup: ('software_it', 'mid'), count_min=505 count_max=505 avg_min=8676.440264026403 avg_max=12354.390099009901 median_min=7450.0 median_max=11100.0 std_dev_min=3595.8981301534177 std_dev_max=4288.264336088859
2026-09-30 14:52:59,595 - modules.salary_history - INFO - Looking for salary history:, ('finance_accounting', 'junior')
2026-09-30 14:52:59,596 - modules.salary_history - INFO - Salary lookup: ('finance_accounting', 'junior'), count_min=696 count_max=696 avg_min=5279.14367816092 avg_max=7454.270114942528 median_min=5000.0 median_max=7500.0 std_dev_min=969.1517388912574 std_dev_max=1463.5155610503543
2026-09-30 14:52:59,599 - modules.salary_history - INFO - Looking for salary history:, ('data_analytics', 'junior')
2026-09-30 14:52:59,599 - modules.salary_history - INFO - Salary lookup: ('data_analytics', 'junior'), count_min=831 count_max=831 avg_min=7001.696750902527 avg_max=9231.386281588448 median_min=7000.0 median_max=9100.0 std_dev_min=1524.4586270278216 std_dev_max=1924.9261763355235
2026-09-30 14:52:59,602 - modules.salary_history - INFO - Looking for salary history:, ('finance_accounting', 'junior')
2026-09-30 14:52:59,602 - modules.salary_history - INFO - Salary lookup: ('finance_accounting', 'junior'), count_min=696 count_max=696 avg_min=5279.14367816092 avg_max=7454.270114942528 median_min=5000.0 median_max=7500.0 std_dev_min=969.1517388912574 std_dev_max=1463.5155610503543
2026-09-30 14:52:59,607 - modules.salary_history - INFO - Looking for salary history:, ('finance_accounting', 'junior')
2026-09-30 14:52:59,607 - modules.salary_history - INFO - Salary lookup: ('finance_accounting', 'junior'), count_min=696 count_max=696 avg_min=5279.14367816092 avg_max=7454.270114942528 median_min=5000.0 median_max=7500.0 std_dev_min=969.1517388912574 std_dev_max=1463.5155610503543
2026-09-30 14:52:59,610 - modules.salary_history - INFO - Looking for salary history:, ('sales_customer_service', 'mid')
2026-09-30 14:52:59,610 - modules.salary_history - INFO - Salary lookup: ('sales_customer_service', 'mid'), count_min=396 count_max=396 avg_min=5881.416666666667 avg_max=8385.348484848484 median_min=5677.0 median_max=8000.0 std_dev_min=1083.4858632316275 std_dev_max=1805.6980219863158
2026-09-30 14:52:59,621 - modules.salary_history - INFO - Looking for salary history:, ('data_analytics', 'junior')
2026-09-30 14:52:59,622 - modules.salary_history - INFO - Salary lookup: ('data_analytics', 'junior'), count_min=831 count_max=831 avg_min=7001.696750902527 avg_max=9231.386281588448 median_min=7000.0 median_max=9100.0 std_dev_min=1524.4586270278216 std_dev_max=1924.9261763355235
2026-09-30 14:52:59,625 - modules.salary_history - INFO - Looking for salary history:, ('it_support', 'mid')
2026-09-30 14:52:59,625 - modules.salary_history - INFO - Salary lookup: ('it_support', 'mid'), count_min=130 count_max=130 avg_min=6961.4384615384615 avg_max=9987.030769230769 median_min=7000.0 median_max=10000.0 std_dev_min=1171.6752996507046 std_dev_max=2041.5886994325194
2026-09-30 14:52:59,628 - modules.salary_history - INFO - Looking for salary history:, ('finance_accounting', 'junior')
2026-09-30 14:52:59,628 - modules.salary_history - INFO - Salary lookup: ('finance_accounting', 'junior'), count_min=696 count_max=696 avg_min=5279.14367816092 avg_max=7454.270114942528 median_min=5000.0 median_max=7500.0 std_dev_min=969.1517388912574 std_dev_max=1463.5155610503543
2026-09-30 14:52:59,631 - modules.salary_history - INFO - Looking for salary history:, ('finance_accounting', 'junior')
2026-09-30 14:52:59,632 - modules.salary_history - INFO - Salary lookup: ('finance_accounting', 'junior'), count_min=696 count_max=696 avg_min=5279.14367816092 avg_max=7454.270114942528 median_min=5000.0 median_max=7500.0 std_dev_min=969.1517388912574 std_dev_max=1463.5155610503543
2026-09-30 14:52:59,635 - modules.salary_history - INFO - Looking for salary history:, ('finance_accounting', 'junior')
2026-09-30 14:52:59,635 - modules.salary_history - INFO - Salary lookup: ('finance_accounting', 'junior'), count_min=696 count_max=696 avg_min=5279.14367816092 avg_max=7454.270114942528 median_min=5000.0 median_max=7500.0 std_dev_min=969.1517388912574 std_dev_max=1463.5155610503543
2026-09-30 14:52:59,644 - modules.salary_history - INFO - Looking for salary history:, ('engineering_production', 'manager')
2026-09-30 14:52:59,645 - modules.salary_history - INFO - Salary lookup: ('engineering_production', 'manager'), count_min=10 count_max=10 avg_min=13196.0 avg_max=17596.0 median_min=15000.0 median_max=20000.0 std_dev_min=3833.441157903837 std_dev_max=5264.234037350543
2026-09-30 14:52:59,648 - modules.salary_history - INFO - Looking for salary history:, ('project_management', 'manager')
2026-09-30 14:52:59,648 - modules.salary_history - INFO - Salary lookup: ('project_management', 'manager'), count_min=35 count_max=35 avg_min=8704.57142857143 avg_max=15853.142857142857 median_min=6000.0 median_max=14000.0 std_dev_min=5560.799954543751 std_dev_max=5877.136042940208
2026-09-30 14:52:59,661 - modules.salary_history - INFO - Looking for salary history:, ('finance_accounting', 'junior')
2026-09-30 14:52:59,661 - modules.salary_history - INFO - Salary lookup: ('finance_accounting', 'junior'), count_min=696 count_max=696 avg_min=5279.14367816092 avg_max=7454.270114942528 median_min=5000.0 median_max=7500.0 std_dev_min=969.1517388912574 std_dev_max=1463.5155610503543
2026-09-30 14:52:59,663 - modules.salary_history - INFO - Looking for salary history:, ('finance_accounting', 'junior')
2026-09-30 14:52:59,664 - modules.salary_history - INFO - Salary lookup: ('finance_accounting', 'junior'), count_min=696 count_max=696 avg_min=5279.14367816092 avg_max=7454.270114942528 median_min=5000.0 median_max=7500.0 std_dev_min=969.1517388912574 std_dev_max=1463.5155610503543
2026-09-30 14:52:59,667 - modules.salary_history - INFO - Looking for salary history:, ('finance_accounting', 'junior')
2026-09-30 14:52:59,667 - modules.salary_history - INFO - Salary lookup: ('finance_accounting', 'junior'), count_min=696 count_max=696 avg_min=5279.14367816092 avg_max=7454.270114942528 median_min=5000.0 median_max=7500.0 std_dev_min=969.1517388912574 std_dev_max=1463.5155610503543
2026-09-30 14:52:59,678 - modules.salary_history - INFO - Looking for salary history:, ('data_analytics', 'senior')
2026-09-30 14:52:59,678 - modules.salary_history - INFO - Salary lookup: ('data_analytics', 'senior'), count_min=147 count_max=147 avg_min=14075.659863945579 avg_max=22422.34693877551 median_min=12833.0 median_max=22400.0 std_dev_min=3546.299007506042 std_dev_max=2954.6965786624764
2026-09-30 14:52:59,682 - modules.salary_history - INFO - Looking for salary history:, ('data_analytics', 'senior')
2026-09-30 14:52:59,682 - modules.salary_history - INFO - Salary lookup: ('data_analytics', 'senior'), count_min=147 count_max=147 avg_min=14075.659863945579 avg_max=22422.34693877551 median_min=12833.0 median_max=22400.0 std_dev_min=3546.299007506042 std_dev_max=2954.6965786624764
2026-09-30 14:52:59,685 - modules.salary_history - INFO - Looking for salary history:, ('data_analytics', 'senior')
2026-09-30 14:52:59,685 - modules.salary_history - INFO - Salary lookup: ('data_analytics', 'senior'), count_min=147 count_max=147 avg_min=14075.659863945579 avg_max=22422.34693877551 median_min=12833.0 median_max=22400.0 std_dev_min=3546.299007506042 std_dev_max=2954.6965786624764
2026-09-30 14:52:59,689 - modules.salary_history - INFO - Looking for salary history:, ('data_analytics', 'senior')
2026-09-30 14:52:59,689 - modules.salary_history - INFO - Salary lookup: ('data_analytics', 'senior'), count_min=147 count_max=147 avg_min=14075.659863945579 avg_max=22422.34693877551 median_min=12833.0 median_max=22400.0 std_dev_min=3546.299007506042 std_dev_max=2954.6965786624764
2026-09-30 14:52:59,692 - modules.salary_history - INFO - Looking for salary history:, ('data_analytics', 'senior')
2026-09-30 14:52:59,692 - modules.salary_history - INFO - Salary lookup: ('data_analytics', 'senior'), count_min=147 count_max=147 avg_min=14075.659863945579 avg_max=22422.34693877551 median_min=12833.0 median_max=22400.0 std_dev_min=3546.299007506042 std_dev_max=2954.6965786624764
2026-09-30 14:52:59,695 - modules.salary_history - INFO - Looking for salary history:, ('data_analytics', 'senior')
2026-09-30 14:52:59,695 - modules.salary_history - INFO - Salary lookup: ('data_analytics', 'senior'), count_min=147 count_max=147 avg_min=14075.659863945579 avg_max=22422.34693877551 median_min=12833.0 median_max=22400.0 std_dev_min=3546.299007506042 std_dev_max=2954.6965786624764
2026-09-30 14:52:59,698 - modules.salary_history - INFO - Looking for salary history:, ('data_analytics', 'senior')
2026-09-30 14:52:59,698 - modules.salary_history - INFO - Salary lookup: ('data_analytics', 'senior'), count_min=147 count_max=147 avg_min=14075.659863945579 avg_max=22422.34693877551 median_min=12833.0 median_max=22400.0 std_dev_min=3546.299007506042 std_dev_max=2954.6965786624764
2026-09-30 14:52:59,701 - modules.salary_history - INFO - Looking for salary history:, ('data_analytics', 'senior')
2026-09-30 14:52:59,702 - modules.salary_history - INFO - Salary lookup: ('data_analytics', 'senior'), count_min=147 count_max=147 avg_min=14075.659863945579 avg_max=22422.34693877551 median_min=12833.0 median_max=22400.0 std_dev_min=3546.299007506042 std_dev_max=2954.6965786624764
2026-09-30 14:52:59,721 - modules.salary_history - INFO - Looking for salary history:, ('data_analytics', 'senior')
2026-09-30 14:52:59,721 - modules.salary_history - INFO - Salary lookup: ('data_analytics', 'senior'), count_min=147 count_max=147 avg_min=14075.659863945579 avg_max=22422.34693877551 median_min=12833.0 median_max=22400.0 std_dev_min=3546.299007506042 std_dev_max=2954.6965786624764
2026-09-30 14:52:59,724 - modules.salary_history - INFO - Looking for salary history:, ('data_analytics', 'senior')
2026-09-30 14:52:59,725 - modules.salary_history - INFO - Salary lookup: ('data_analytics', 'senior'), count_min=147 count_max=147 avg_min=14075.659863945579 avg_max=22422.34693877551 median_min=12833.0 median_max=22400.0 std_dev_min=3546.299007506042 std_dev_max=2954.6965786624764
2026-09-30 14:52:59,728 - modules.salary_history - INFO - Looking for salary history:, ('data_analytics', 'senior')
2026-09-30 14:52:59,728 - modules.salary_history - INFO - Salary lookup: ('data_analytics', 'senior'), count_min=147 count_max=147 avg_min=14075.659863945579 avg_max=22422.34693877551 median_min=12833.0 median_max=22400.0 std_dev_min=3546.299007506042 std_dev_max=2954.6965786624764
2026-09-30 14:52:59,731 - modules.salary_history - INFO - Looking for salary history:, ('data_analytics', 'senior')
2026-09-30 14:52:59,731 - modules.salary_history - INFO - Salary lookup: ('data_analytics', 'senior'), count_min=147 count_max=147 avg_min=14075.659863945579 avg_max=22422.34693877551 median_min=12833.0 median_max=22400.0 std_dev_min=3546.299007506042 std_dev_max=2954.6965786624764
2026-09-30 14:52:59,734 - modules.salary_history - INFO - Looking for salary history:, ('data_analytics', 'senior')
2026-09-30 14:52:59,734 - modules.salary_history - INFO - Salary lookup: ('data_analytics', 'senior'), count_min=147 count_max=147 avg_min=14075.659863945579 avg_max=22422.34693877551 median_min=12833.0 median_max=22400.0 std_dev_min=3546.299007506042 std_dev_max=2954.6965786624764
2026-09-30 14:52:59,737 - modules.salary_history - INFO - Looking for salary history:, ('data_analytics', 'senior')
2026-09-30 14:52:59,737 - modules.salary_history - INFO - Salary lookup: ('data_analytics', 'senior'), count_min=147 count_max=147 avg_min=14075.659863945579 avg_max=22422.34693877551 median_min=12833.0 median_max=22400.0 std_dev_min=3546.299007506042 std_dev_max=2954.6965786624764
2026-09-30 14:52:59,741 - modules.salary_history - INFO - Looking for salary history:, ('data_analytics', 'senior')
2026-09-30 14:52:59,741 - modules.salary_history - INFO - Salary lookup: ('data_analytics', 'senior'), count_min=147 count_max=147 avg_min=14075.659863945579 avg_max=22422.34693877551 median_min=12833.0 median_max=22400.0 std_dev_min=3546.299007506042 std_dev_max=2954.6965786624764
2026-09-30 14:52:59,745 - modules.salary_history - INFO - Looking for salary history:, ('data_analytics', 'senior')
2026-09-30 14:52:59,745 - modules.salary_history - INFO - Salary lookup: ('data_analytics', 'senior'), count_min=147 count_max=147 avg_min=14075.659863945579 avg_max=22422.34693877551 median_min=12833.0 median_max=22400.0 std_dev_min=3546.299007506042 std_dev_max=2954.6965786624764
2026-09-30 14:52:59,749 - modules.salary_history - INFO - Looking for salary history:, ('data_analytics', 'senior')
2026-09-30 14:52:59,750 - modules.salary_history - INFO - Salary lookup: ('data_analytics', 'senior'), count_min=147 count_max=147 avg_min=14075.659863945579 avg_max=22422.34693877551 median_min=12833.0 median_max=22400.0 std_dev_min=3546.299007506042 std_dev_max=2954.6965786624764
2026-09-30 14:52:59,757 - modules.salary_history - INFO - Looking for salary history:, ('data_analytics', 'mid')
2026-09-30 14:52:59,757 - modules.salary_history - INFO - Salary lookup: ('data_analytics', 'mid'), count_min=2127 count_max=2127 avg_min=9315.26531891553 avg_max=15317.084782949381 median_min=9000.0 median_max=16000.0 std_dev_min=2578.855395744559 std_dev_max=3929.014794237795
2026-09-30 14:52:59,766 - modules.salary_history - INFO - Looking for salary history:, ('data_analytics', 'mid')
2026-09-30 14:52:59,766 - modules.salary_history - INFO - Salary lookup: ('data_analytics', 'mid'), count_min=2127 count_max=2127 avg_min=9315.26531891553 avg_max=15317.084782949381 median_min=9000.0 median_max=16000.0 std_dev_min=2578.855395744559 std_dev_max=3929.014794237795
2026-09-30 14:52:59,769 - modules.salary_history - INFO - Looking for salary history:, ('administration', 'mid')
2026-09-30 14:52:59,769 - modules.salary_history - INFO - Salary lookup: ('administration', 'mid'), count_min=894 count_max=894 avg_min=6190.884787472036 avg_max=7772.890380313199 median_min=6000.0 median_max=7000.0 std_dev_min=1715.7885545983888 std_dev_max=2719.2228332075842
2026-09-30 14:52:59,773 - modules.salary_history - INFO - Looking for salary history:, ('data_analytics', 'mid')
2026-09-30 14:52:59,774 - modules.salary_history - INFO - Salary lookup: ('data_analytics', 'mid'), count_min=2127 count_max=2127 avg_min=9315.26531891553 avg_max=15317.084782949381 median_min=9000.0 median_max=16000.0 std_dev_min=2578.855395744559 std_dev_max=3929.014794237795
2026-09-30 14:52:59,777 - modules.salary_history - INFO - Looking for salary history:, ('administration', 'mid')
2026-09-30 14:52:59,777 - modules.salary_history - INFO - Salary lookup: ('administration', 'mid'), count_min=894 count_max=894 avg_min=6190.884787472036 avg_max=7772.890380313199 median_min=6000.0 median_max=7000.0 std_dev_min=1715.7885545983888 std_dev_max=2719.2228332075842
2026-09-30 14:52:59,780 - modules.salary_history - INFO - Looking for salary history:, ('procurement', 'mid')
2026-09-30 14:52:59,781 - modules.salary_history - INFO - Salary lookup: ('procurement', 'mid'), count_min=350 count_max=350 avg_min=6694.042857142857 avg_max=9492.102857142858 median_min=6550.0 median_max=9500.0 std_dev_min=1031.9430505003918 std_dev_max=1729.4754693641116
2026-09-30 14:52:59,783 - modules.salary_history - INFO - Looking for salary history:, ('administration', 'mid')
2026-09-30 14:52:59,784 - modules.salary_history - INFO - Salary lookup: ('administration', 'mid'), count_min=894 count_max=894 avg_min=6190.884787472036 avg_max=7772.890380313199 median_min=6000.0 median_max=7000.0 std_dev_min=1715.7885545983888 std_dev_max=2719.2228332075842
2026-09-30 14:52:59,786 - modules.salary_history - INFO - Looking for salary history:, ('finance_accounting', 'junior')
2026-09-30 14:52:59,787 - modules.salary_history - INFO - Salary lookup: ('finance_accounting', 'junior'), count_min=696 count_max=696 avg_min=5279.14367816092 avg_max=7454.270114942528 median_min=5000.0 median_max=7500.0 std_dev_min=969.1517388912574 std_dev_max=1463.5155610503543
2026-09-30 14:52:59,790 - modules.salary_history - INFO - Looking for salary history:, ('administration', 'mid')
2026-09-30 14:52:59,791 - modules.salary_history - INFO - Salary lookup: ('administration', 'mid'), count_min=894 count_max=894 avg_min=6190.884787472036 avg_max=7772.890380313199 median_min=6000.0 median_max=7000.0 std_dev_min=1715.7885545983888 std_dev_max=2719.2228332075842
2026-09-30 14:52:59,799 - modules.salary_history - INFO - Looking for salary history:, ('data_analytics', 'junior')
2026-09-30 14:52:59,799 - modules.salary_history - INFO - Salary lookup: ('data_analytics', 'junior'), count_min=831 count_max=831 avg_min=7001.696750902527 avg_max=9231.386281588448 median_min=7000.0 median_max=9100.0 std_dev_min=1524.4586270278216 std_dev_max=1924.9261763355235
2026-09-30 14:52:59,806 - modules.salary_history - INFO - Looking for salary history:, ('finance_accounting', 'menager')
2026-09-30 14:52:59,806 - modules.salary_history - INFO - Salary lookup: ('finance_accounting', 'menager'), None
2026-09-30 14:52:59,809 - modules.salary_history - INFO - Looking for salary history:, ('logistics_supply_chain', 'senior')
2026-09-30 14:52:59,810 - modules.salary_history - INFO - Salary lookup: ('logistics_supply_chain', 'senior'), count_min=22 count_max=22 avg_min=12545.454545454546 avg_max=17101.81818181818 median_min=12000.0 median_max=16000.0 std_dev_min=2558.4085962673253 std_dev_max=3117.3059742021696
2026-09-30 14:52:59,813 - modules.salary_history - INFO - Looking for salary history:, ('hr', 'junior')
2026-09-30 14:52:59,813 - modules.salary_history - INFO - Salary lookup: ('hr', 'junior'), count_min=97 count_max=97 avg_min=5934.639175257732 avg_max=6970.103092783505 median_min=6000.0 median_max=7000.0 std_dev_min=368.3353936282973 std_dev_max=654.0204106864721
2026-09-30 14:52:59,816 - modules.salary_history - INFO - Looking for salary history:, ('administration', 'senior')
2026-09-30 14:52:59,817 - modules.salary_history - INFO - Salary lookup: ('administration', 'senior'), count_min=8 count_max=8 avg_min=7250.0 avg_max=9925.0 median_min=7000.0 median_max=9400.0 std_dev_min=1164.964745021435 std_dev_max=2108.3168642308015
2026-09-30 14:52:59,819 - modules.salary_history - INFO - Looking for salary history:, ('logistics_supply_chain', 'mid')
2026-09-30 14:52:59,820 - modules.salary_history - INFO - Salary lookup: ('logistics_supply_chain', 'mid'), count_min=1142 count_max=1142 avg_min=7061.37302977233 avg_max=9427.69877408056 median_min=7000.0 median_max=8500.0 std_dev_min=1502.211187945818 std_dev_max=5502.350087223172
2026-09-30 14:52:59,824 - modules.salary_history - INFO - Looking for salary history:, ('administration', 'junior')
2026-09-30 14:52:59,824 - modules.salary_history - INFO - Salary lookup: ('administration', 'junior'), count_min=520 count_max=520 avg_min=5589.9365384615385 avg_max=7111.6442307692305 median_min=5500.0 median_max=7000.0 std_dev_min=782.7420417127731 std_dev_max=1493.4086349778422
2026-09-30 14:52:59,834 - modules.salary_history - INFO - Looking for salary history:, ('finance_accounting', 'intern')
2026-09-30 14:52:59,834 - modules.salary_history - INFO - Salary lookup: ('finance_accounting', 'intern'), count_min=86 count_max=86 avg_min=6440.232558139535 avg_max=7224.186046511628 median_min=5120.0 median_max=5600.0 std_dev_min=3774.0120566982782 std_dev_max=3798.8433116089363
2026-09-30 14:52:59,837 - modules.salary_history - INFO - Looking for salary history:, ('project_management', 'junior')
2026-09-30 14:52:59,837 - modules.salary_history - INFO - Salary lookup: ('project_management', 'junior'), count_min=61 count_max=61 avg_min=5889.836065573771 avg_max=7457.377049180328 median_min=5500.0 median_max=7000.0 std_dev_min=1751.7139148115089 std_dev_max=1975.2180484184055
2026-09-30 14:52:59,840 - modules.salary_history - INFO - Looking for salary history:, ('software_it', 'junior')
2026-09-30 14:52:59,840 - modules.salary_history - INFO - Salary lookup: ('software_it', 'junior'), count_min=318 count_max=318 avg_min=6835.6163522012575 avg_max=9213.905660377359 median_min=6500.0 median_max=8750.0 std_dev_min=1693.5370236452802 std_dev_max=2162.1758648563323
2026-09-30 14:52:59,843 - modules.salary_history - INFO - Looking for salary history:, ('finance_accounting', 'mid')
2026-09-30 14:52:59,843 - modules.salary_history - INFO - Salary lookup: ('finance_accounting', 'mid'), count_min=1002 count_max=1002 avg_min=7232.041916167665 avg_max=10088.20359281437 median_min=7000.0 median_max=10000.0 std_dev_min=1511.6394888647312 std_dev_max=1987.2566461052725
2026-09-30 14:52:59,848 - modules.salary_history - INFO - Looking for salary history:, ('sales_customer_service', 'manager')
2026-09-30 14:52:59,848 - modules.salary_history - INFO - Salary lookup: ('sales_customer_service', 'manager'), None
2026-09-30 14:52:59,860 - modules.salary_history - INFO - Looking for salary history:, ('finance_accounting', 'intern')
2026-09-30 14:52:59,860 - modules.salary_history - INFO - Salary lookup: ('finance_accounting', 'intern'), count_min=86 count_max=86 avg_min=6440.232558139535 avg_max=7224.186046511628 median_min=5120.0 median_max=5600.0 std_dev_min=3774.0120566982782 std_dev_max=3798.8433116089363
2026-09-30 14:52:59,865 - modules.salary_history - INFO - Looking for salary history:, ('administration', 'senior')
2026-09-30 14:52:59,865 - modules.salary_history - INFO - Salary lookup: ('administration', 'senior'), count_min=8 count_max=8 avg_min=7250.0 avg_max=9925.0 median_min=7000.0 median_max=9400.0 std_dev_min=1164.964745021435 std_dev_max=2108.3168642308015
2026-09-30 14:52:59,869 - modules.salary_history - INFO - Looking for salary history:, ('project_management', 'junior')
2026-09-30 14:52:59,869 - modules.salary_history - INFO - Salary lookup: ('project_management', 'junior'), count_min=61 count_max=61 avg_min=5889.836065573771 avg_max=7457.377049180328 median_min=5500.0 median_max=7000.0 std_dev_min=1751.7139148115089 std_dev_max=1975.2180484184055
2026-09-30 14:52:59,873 - modules.salary_history - INFO - Looking for salary history:, ('logistics_supply_chain', 'mid')
2026-09-30 14:52:59,873 - modules.salary_history - INFO - Salary lookup: ('logistics_supply_chain', 'mid'), count_min=1142 count_max=1142 avg_min=7061.37302977233 avg_max=9427.69877408056 median_min=7000.0 median_max=8500.0 std_dev_min=1502.211187945818 std_dev_max=5502.350087223172
2026-09-30 14:52:59,876 - modules.salary_history - INFO - Looking for salary history:, ('administration', 'mid')
2026-09-30 14:52:59,877 - modules.salary_history - INFO - Salary lookup: ('administration', 'mid'), count_min=894 count_max=894 avg_min=6190.884787472036 avg_max=7772.890380313199 median_min=6000.0 median_max=7000.0 std_dev_min=1715.7885545983888 std_dev_max=2719.2228332075842
2026-09-30 14:52:59,880 - modules.salary_history - INFO - Looking for salary history:, ('administration', 'mid')
2026-09-30 14:52:59,880 - modules.salary_history - INFO - Salary lookup: ('administration', 'mid'), count_min=894 count_max=894 avg_min=6190.884787472036 avg_max=7772.890380313199 median_min=6000.0 median_max=7000.0 std_dev_min=1715.7885545983888 std_dev_max=2719.2228332075842
2026-09-30 14:52:59,883 - modules.salary_history - INFO - Looking for salary history:, ('software_it', 'mid')
2026-09-30 14:52:59,883 - modules.salary_history - INFO - Salary lookup: ('software_it', 'mid'), count_min=505 count_max=505 avg_min=8676.440264026403 avg_max=12354.390099009901 median_min=7450.0 median_max=11100.0 std_dev_min=3595.8981301534177 std_dev_max=4288.264336088859
2026-09-30 14:52:59,886 - modules.salary_history - INFO - Looking for salary history:, ('administration', 'mid')
2026-09-30 14:52:59,886 - modules.salary_history - INFO - Salary lookup: ('administration', 'mid'), count_min=894 count_max=894 avg_min=6190.884787472036 avg_max=7772.890380313199 median_min=6000.0 median_max=7000.0 std_dev_min=1715.7885545983888 std_dev_max=2719.2228332075842
2026-09-30 14:52:59,890 - modules.salary_history - INFO - Looking for salary history:, ('logistics_supply_chain', 'manager')
2026-09-30 14:52:59,890 - modules.salary_history - INFO - Salary lookup: ('logistics_supply_chain', 'manager'), count_min=123 count_max=123 avg_min=7410.032520325203 avg_max=12176.991869918698 median_min=7000.0 median_max=11000.0 std_dev_min=2029.6244986428246 std_dev_max=4109.349383100976
2026-09-30 14:52:59,893 - modules.salary_history - INFO - Looking for salary history:, ('engineering_production', 'mid')
2026-09-30 14:52:59,894 - modules.salary_history - INFO - Salary lookup: ('engineering_production', 'mid'), count_min=162 count_max=162 avg_min=6460.123456790124 avg_max=9375.061728395061 median_min=6000.0 median_max=9000.0 std_dev_min=1832.4710898736598 std_dev_max=2557.960233305465
2026-09-30 14:52:59,903 - modules.salary_history - INFO - Looking for salary history:, ('finance_accounting', 'mid')
2026-09-30 14:52:59,904 - modules.salary_history - INFO - Salary lookup: ('finance_accounting', 'mid'), count_min=1002 count_max=1002 avg_min=7232.041916167665 avg_max=10088.20359281437 median_min=7000.0 median_max=10000.0 std_dev_min=1511.6394888647312 std_dev_max=1987.2566461052725
2026-09-30 14:52:59,907 - modules.salary_history - INFO - Looking for salary history:, ('finance_accounting', 'junior')
2026-09-30 14:52:59,908 - modules.salary_history - INFO - Salary lookup: ('finance_accounting', 'junior'), count_min=696 count_max=696 avg_min=5279.14367816092 avg_max=7454.270114942528 median_min=5000.0 median_max=7500.0 std_dev_min=969.1517388912574 std_dev_max=1463.5155610503543
2026-09-30 14:52:59,910 - modules.salary_history - INFO - Looking for salary history:, ('finance_accounting', 'mid')
2026-09-30 14:52:59,910 - modules.salary_history - INFO - Salary lookup: ('finance_accounting', 'mid'), count_min=1002 count_max=1002 avg_min=7232.041916167665 avg_max=10088.20359281437 median_min=7000.0 median_max=10000.0 std_dev_min=1511.6394888647312 std_dev_max=1987.2566461052725
2026-09-30 14:52:59,916 - modules.salary_history - INFO - Looking for salary history:, ('software_it', 'intern')
2026-09-30 14:52:59,916 - modules.salary_history - INFO - Salary lookup: ('software_it', 'intern'), count_min=57 count_max=57 avg_min=5422.0 avg_max=5957.368421052632 median_min=5120.0 median_max=5120.0 std_dev_min=1092.1955607203056 std_dev_max=1954.6305152452264
2026-09-30 14:52:59,919 - modules.salary_history - INFO - Looking for salary history:, ('finance_accounting', 'mid')
2026-09-30 14:52:59,919 - modules.salary_history - INFO - Salary lookup: ('finance_accounting', 'mid'), count_min=1002 count_max=1002 avg_min=7232.041916167665 avg_max=10088.20359281437 median_min=7000.0 median_max=10000.0 std_dev_min=1511.6394888647312 std_dev_max=1987.2566461052725
2026-09-30 14:52:59,923 - modules.salary_history - INFO - Looking for salary history:, ('logistics_supply_chain', 'manager')
2026-09-30 14:52:59,924 - modules.salary_history - INFO - Salary lookup: ('logistics_supply_chain', 'manager'), count_min=123 count_max=123 avg_min=7410.032520325203 avg_max=12176.991869918698 median_min=7000.0 median_max=11000.0 std_dev_min=2029.6244986428246 std_dev_max=4109.349383100976
2026-09-30 14:52:59,926 - modules.salary_history - INFO - Looking for salary history:, ('logistics_supply_chain', 'mid')
2026-09-30 14:52:59,927 - modules.salary_history - INFO - Salary lookup: ('logistics_supply_chain', 'mid'), count_min=1142 count_max=1142 avg_min=7061.37302977233 avg_max=9427.69877408056 median_min=7000.0 median_max=8500.0 std_dev_min=1502.211187945818 std_dev_max=5502.350087223172
2026-09-30 14:52:59,932 - modules.salary_history - INFO - Looking for salary history:, ('it_support', 'mid')
2026-09-30 14:52:59,932 - modules.salary_history - INFO - Salary lookup: ('it_support', 'mid'), count_min=130 count_max=130 avg_min=6961.4384615384615 avg_max=9987.030769230769 median_min=7000.0 median_max=10000.0 std_dev_min=1171.6752996507046 std_dev_max=2041.5886994325194
2026-09-30 14:52:59,935 - modules.salary_history - INFO - Looking for salary history:, ('it_support', 'mid')
2026-09-30 14:52:59,935 - modules.salary_history - INFO - Salary lookup: ('it_support', 'mid'), count_min=130 count_max=130 avg_min=6961.4384615384615 avg_max=9987.030769230769 median_min=7000.0 median_max=10000.0 std_dev_min=1171.6752996507046 std_dev_max=2041.5886994325194
2026-09-30 14:52:59,939 - modules.salary_history - INFO - Looking for salary history:, ('engineering_production', 'manager')
2026-09-30 14:52:59,939 - modules.salary_history - INFO - Salary lookup: ('engineering_production', 'manager'), count_min=10 count_max=10 avg_min=13196.0 avg_max=17596.0 median_min=15000.0 median_max=20000.0 std_dev_min=3833.441157903837 std_dev_max=5264.234037350543
2026-09-30 14:52:59,942 - modules.salary_history - INFO - Looking for salary history:, ('data_analytics', 'mid')
2026-09-30 14:52:59,943 - modules.salary_history - INFO - Salary lookup: ('data_analytics', 'mid'), count_min=2127 count_max=2127 avg_min=9315.26531891553 avg_max=15317.084782949381 median_min=9000.0 median_max=16000.0 std_dev_min=2578.855395744559 std_dev_max=3929.014794237795
2026-09-30 14:52:59,946 - modules.salary_history - INFO - Looking for salary history:, ('data_analytics', 'mid')
2026-09-30 14:52:59,946 - modules.salary_history - INFO - Salary lookup: ('data_analytics', 'mid'), count_min=2127 count_max=2127 avg_min=9315.26531891553 avg_max=15317.084782949381 median_min=9000.0 median_max=16000.0 std_dev_min=2578.855395744559 std_dev_max=3929.014794237795
2026-09-30 14:52:59,949 - modules.salary_history - INFO - Looking for salary history:, ('finance_accounting', 'mid')
2026-09-30 14:52:59,949 - modules.salary_history - INFO - Salary lookup: ('finance_accounting', 'mid'), count_min=1002 count_max=1002 avg_min=7232.041916167665 avg_max=10088.20359281437 median_min=7000.0 median_max=10000.0 std_dev_min=1511.6394888647312 std_dev_max=1987.2566461052725
2026-09-30 14:52:59,958 - modules.salary_history - INFO - Looking for salary history:, ('data_analytics', 'mid')
2026-09-30 14:52:59,959 - modules.salary_history - INFO - Salary lookup: ('data_analytics', 'mid'), count_min=2127 count_max=2127 avg_min=9315.26531891553 avg_max=15317.084782949381 median_min=9000.0 median_max=16000.0 std_dev_min=2578.855395744559 std_dev_max=3929.014794237795
2026-09-30 14:52:59,962 - modules.salary_history - INFO - Looking for salary history:, ('data_analytics', 'mid')
2026-09-30 14:52:59,962 - modules.salary_history - INFO - Salary lookup: ('data_analytics', 'mid'), count_min=2127 count_max=2127 avg_min=9315.26531891553 avg_max=15317.084782949381 median_min=9000.0 median_max=16000.0 std_dev_min=2578.855395744559 std_dev_max=3929.014794237795
2026-09-30 14:52:59,965 - modules.salary_history - INFO - Looking for salary history:, ('data_analytics', 'mid')
2026-09-30 14:52:59,965 - modules.salary_history - INFO - Salary lookup: ('data_analytics', 'mid'), count_min=2127 count_max=2127 avg_min=9315.26531891553 avg_max=15317.084782949381 median_min=9000.0 median_max=16000.0 std_dev_min=2578.855395744559 std_dev_max=3929.014794237795
2026-09-30 14:52:59,968 - modules.salary_history - INFO - Looking for salary history:, ('engineering_production', 'junior')
2026-09-30 14:52:59,968 - modules.salary_history - INFO - Salary lookup: ('engineering_production', 'junior'), count_min=59 count_max=59 avg_min=6533.8983050847455 avg_max=8052.542372881356 median_min=6500.0 median_max=8000.0 std_dev_min=306.0370551665415 std_dev_max=338.53433188265836
2026-09-30 14:52:59,971 - modules.salary_history - INFO - Looking for salary history:, ('finance_accounting', 'mid')
2026-09-30 14:52:59,971 - modules.salary_history - INFO - Salary lookup: ('finance_accounting', 'mid'), count_min=1002 count_max=1002 avg_min=7232.041916167665 avg_max=10088.20359281437 median_min=7000.0 median_max=10000.0 std_dev_min=1511.6394888647312 std_dev_max=1987.2566461052725
2026-09-30 14:52:59,984 - modules.salary_history - INFO - Looking for salary history:, ('data_analytics', 'mid')
2026-09-30 14:52:59,984 - modules.salary_history - INFO - Salary lookup: ('data_analytics', 'mid'), count_min=2127 count_max=2127 avg_min=9315.26531891553 avg_max=15317.084782949381 median_min=9000.0 median_max=16000.0 std_dev_min=2578.855395744559 std_dev_max=3929.014794237795
2026-09-30 14:52:59,995 - modules.salary_history - INFO - Looking for salary history:, ('software_it', 'mid')
2026-09-30 14:52:59,995 - modules.salary_history - INFO - Salary lookup: ('software_it', 'mid'), count_min=505 count_max=505 avg_min=8676.440264026403 avg_max=12354.390099009901 median_min=7450.0 median_max=11100.0 std_dev_min=3595.8981301534177 std_dev_max=4288.264336088859
2026-09-30 14:52:59,999 - modules.salary_history - INFO - Looking for salary history:, ('data_analytics', 'mid')
2026-09-30 14:52:59,999 - modules.salary_history - INFO - Salary lookup: ('data_analytics', 'mid'), count_min=2127 count_max=2127 avg_min=9315.26531891553 avg_max=15317.084782949381 median_min=9000.0 median_max=16000.0 std_dev_min=2578.855395744559 std_dev_max=3929.014794237795
2026-09-30 14:53:00,003 - modules.salary_history - INFO - Looking for salary history:, ('software_it', 'mid')
2026-09-30 14:53:00,004 - modules.salary_history - INFO - Salary lookup: ('software_it', 'mid'), count_min=505 count_max=505 avg_min=8676.440264026403 avg_max=12354.390099009901 median_min=7450.0 median_max=11100.0 std_dev_min=3595.8981301534177 std_dev_max=4288.264336088859
2026-09-30 14:53:00,008 - modules.salary_history - INFO - Looking for salary history:, ('data_analytics', 'mid')
2026-09-30 14:53:00,008 - modules.salary_history - INFO - Salary lookup: ('data_analytics', 'mid'), count_min=2127 count_max=2127 avg_min=9315.26531891553 avg_max=15317.084782949381 median_min=9000.0 median_max=16000.0 std_dev_min=2578.855395744559 std_dev_max=3929.014794237795
2026-09-30 14:53:00,012 - modules.salary_history - INFO - Looking for salary history:, ('data_analytics', 'mid')
2026-09-30 14:53:00,012 - modules.salary_history - INFO - Salary lookup: ('data_analytics', 'mid'), count_min=2127 count_max=2127 avg_min=9315.26531891553 avg_max=15317.084782949381 median_min=9000.0 median_max=16000.0 std_dev_min=2578.855395744559 std_dev_max=3929.014794237795
2026-09-30 14:53:00,021 - modules.salary_history - INFO - Looking for salary history:, ('software_it', 'mid')
2026-09-30 14:53:00,021 - modules.salary_history - INFO - Salary lookup: ('software_it', 'mid'), count_min=505 count_max=505 avg_min=8676.440264026403 avg_max=12354.390099009901 median_min=7450.0 median_max=11100.0 std_dev_min=3595.8981301534177 std_dev_max=4288.264336088859
2026-09-30 14:53:00,025 - modules.salary_history - INFO - Looking for salary history:, ('software_it', 'mid')
2026-09-30 14:53:00,025 - modules.salary_history - INFO - Salary lookup: ('software_it', 'mid'), count_min=505 count_max=505 avg_min=8676.440264026403 avg_max=12354.390099009901 median_min=7450.0 median_max=11100.0 std_dev_min=3595.8981301534177 std_dev_max=4288.264336088859
2026-09-30 14:53:00,029 - modules.salary_history - INFO - Looking for salary history:, ('data_analytics', 'mid')
2026-09-30 14:53:00,029 - modules.salary_history - INFO - Salary lookup: ('data_analytics', 'mid'), count_min=2127 count_max=2127 avg_min=9315.26531891553 avg_max=15317.084782949381 median_min=9000.0 median_max=16000.0 std_dev_min=2578.855395744559 std_dev_max=3929.014794237795
2026-09-30 14:53:00,032 - modules.salary_history - INFO - Looking for salary history:, ('data_analytics', 'mid')
2026-09-30 14:53:00,033 - modules.salary_history - INFO - Salary lookup: ('data_analytics', 'mid'), count_min=2127 count_max=2127 avg_min=9315.26531891553 avg_max=15317.084782949381 median_min=9000.0 median_max=16000.0 std_dev_min=2578.855395744559 std_dev_max=3929.014794237795
2026-09-30 14:53:00,045 - modules.salary_history - INFO - Looking for salary history:, ('software_it', 'junior')
2026-09-30 14:53:00,046 - modules.salary_history - INFO - Salary lookup: ('software_it', 'junior'), count_min=318 count_max=318 avg_min=6835.6163522012575 avg_max=9213.905660377359 median_min=6500.0 median_max=8750.0 std_dev_min=1693.5370236452802 std_dev_max=2162.1758648563323
2026-09-30 14:53:00,049 - modules.salary_history - INFO - Looking for salary history:, ('data_analytics', 'senior')
2026-09-30 14:53:00,049 - modules.salary_history - INFO - Salary lookup: ('data_analytics', 'senior'), count_min=147 count_max=147 avg_min=14075.659863945579 avg_max=22422.34693877551 median_min=12833.0 median_max=22400.0 std_dev_min=3546.299007506042 std_dev_max=2954.6965786624764
2026-09-30 14:53:00,052 - modules.salary_history - INFO - Looking for salary history:, ('data_analytics', 'mid')
2026-09-30 14:53:00,052 - modules.salary_history - INFO - Salary lookup: ('data_analytics', 'mid'), count_min=2127 count_max=2127 avg_min=9315.26531891553 avg_max=15317.084782949381 median_min=9000.0 median_max=16000.0 std_dev_min=2578.855395744559 std_dev_max=3929.014794237795
2026-09-30 14:53:00,056 - modules.salary_history - INFO - Looking for salary history:, ('data_analytics', 'mid')
2026-09-30 14:53:00,056 - modules.salary_history - INFO - Salary lookup: ('data_analytics', 'mid'), count_min=2127 count_max=2127 avg_min=9315.26531891553 avg_max=15317.084782949381 median_min=9000.0 median_max=16000.0 std_dev_min=2578.855395744559 std_dev_max=3929.014794237795
2026-09-30 14:53:00,059 - modules.salary_history - INFO - Looking for salary history:, ('data_analytics', 'senior')
2026-09-30 14:53:00,059 - modules.salary_history - INFO - Salary lookup: ('data_analytics', 'senior'), count_min=147 count_max=147 avg_min=14075.659863945579 avg_max=22422.34693877551 median_min=12833.0 median_max=22400.0 std_dev_min=3546.299007506042 std_dev_max=2954.6965786624764
2026-09-30 14:53:00,062 - modules.salary_history - INFO - Looking for salary history:, ('data_analytics', 'mid')
2026-09-30 14:53:00,062 - modules.salary_history - INFO - Salary lookup: ('data_analytics', 'mid'), count_min=2127 count_max=2127 avg_min=9315.26531891553 avg_max=15317.084782949381 median_min=9000.0 median_max=16000.0 std_dev_min=2578.855395744559 std_dev_max=3929.014794237795
2026-09-30 14:53:00,068 - modules.salary_history - INFO - Looking for salary history:, ('data_analytics', 'mid')
2026-09-30 14:53:00,068 - modules.salary_history - INFO - Salary lookup: ('data_analytics', 'mid'), count_min=2127 count_max=2127 avg_min=9315.26531891553 avg_max=15317.084782949381 median_min=9000.0 median_max=16000.0 std_dev_min=2578.855395744559 std_dev_max=3929.014794237795
2026-09-30 14:53:00,074 - modules.salary_history - INFO - Looking for salary history:, ('logistics_supply_chain', 'mid')
2026-09-30 14:53:00,075 - modules.salary_history - INFO - Salary lookup: ('logistics_supply_chain', 'mid'), count_min=1142 count_max=1142 avg_min=7061.37302977233 avg_max=9427.69877408056 median_min=7000.0 median_max=8500.0 std_dev_min=1502.211187945818 std_dev_max=5502.350087223172
2026-09-30 14:53:00,078 - modules.salary_history - INFO - Looking for salary history:, ('hr', 'mid')
2026-09-30 14:53:00,078 - modules.salary_history - INFO - Salary lookup: ('hr', 'mid'), count_min=191 count_max=191 avg_min=6673.507853403142 avg_max=9544.397905759162 median_min=6600.0 median_max=9500.0 std_dev_min=682.5522911844611 std_dev_max=1038.3456116624893
2026-09-30 14:53:00,084 - modules.salary_history - INFO - Looking for salary history:, ('data_analytics', 'mid')
2026-09-30 14:53:00,084 - modules.salary_history - INFO - Salary lookup: ('data_analytics', 'mid'), count_min=2127 count_max=2127 avg_min=9315.26531891553 avg_max=15317.084782949381 median_min=9000.0 median_max=16000.0 std_dev_min=2578.855395744559 std_dev_max=3929.014794237795
2026-09-30 14:53:00,091 - modules.salary_history - INFO - Looking for salary history:, ('logistics_supply_chain', 'mid')
2026-09-30 14:53:00,091 - modules.salary_history - INFO - Salary lookup: ('logistics_supply_chain', 'mid'), count_min=1142 count_max=1142 avg_min=7061.37302977233 avg_max=9427.69877408056 median_min=7000.0 median_max=8500.0 std_dev_min=1502.211187945818 std_dev_max=5502.350087223172
2026-09-30 14:53:00,095 - modules.salary_history - INFO - Looking for salary history:, ('hr', 'mid')
2026-09-30 14:53:00,095 - modules.salary_history - INFO - Salary lookup: ('hr', 'mid'), count_min=191 count_max=191 avg_min=6673.507853403142 avg_max=9544.397905759162 median_min=6600.0 median_max=9500.0 std_dev_min=682.5522911844611 std_dev_max=1038.3456116624893
2026-09-30 14:53:00,098 - modules.salary_history - INFO - Looking for salary history:, ('data_analytics', 'mid')
2026-09-30 14:53:00,099 - modules.salary_history - INFO - Salary lookup: ('data_analytics', 'mid'), count_min=2127 count_max=2127 avg_min=9315.26531891553 avg_max=15317.084782949381 median_min=9000.0 median_max=16000.0 std_dev_min=2578.855395744559 std_dev_max=3929.014794237795
2026-09-30 14:53:00,102 - modules.salary_history - INFO - Looking for salary history:, ('software_it', 'junior')
2026-09-30 14:53:00,102 - modules.salary_history - INFO - Salary lookup: ('software_it', 'junior'), count_min=318 count_max=318 avg_min=6835.6163522012575 avg_max=9213.905660377359 median_min=6500.0 median_max=8750.0 std_dev_min=1693.5370236452802 std_dev_max=2162.1758648563323
2026-09-30 14:53:00,106 - modules.salary_history - INFO - Looking for salary history:, ('software_it', 'senior')
2026-09-30 14:53:00,106 - modules.salary_history - INFO - Salary lookup: ('software_it', 'senior'), count_min=48 count_max=48 avg_min=12662.916666666666 avg_max=18005.694444444445 median_min=7000.0 median_max=14000.0 std_dev_min=9390.36422340619 std_dev_max=9364.09416626977
2026-09-30 14:53:00,114 - modules.salary_history - INFO - Looking for salary history:, ('finance_accounting', 'intern')
2026-09-30 14:53:00,114 - modules.salary_history - INFO - Salary lookup: ('finance_accounting', 'intern'), count_min=86 count_max=86 avg_min=6440.232558139535 avg_max=7224.186046511628 median_min=5120.0 median_max=5600.0 std_dev_min=3774.0120566982782 std_dev_max=3798.8433116089363
2026-09-30 14:53:00,117 - modules.salary_history - INFO - Looking for salary history:, ('administration', 'senior')
2026-09-30 14:53:00,118 - modules.salary_history - INFO - Salary lookup: ('administration', 'senior'), count_min=8 count_max=8 avg_min=7250.0 avg_max=9925.0 median_min=7000.0 median_max=9400.0 std_dev_min=1164.964745021435 std_dev_max=2108.3168642308015
2026-09-30 14:53:00,125 - modules.salary_history - INFO - Looking for salary history:, ('logistics_supply_chain', 'mid')
2026-09-30 14:53:00,125 - modules.salary_history - INFO - Salary lookup: ('logistics_supply_chain', 'mid'), count_min=1142 count_max=1142 avg_min=7061.37302977233 avg_max=9427.69877408056 median_min=7000.0 median_max=8500.0 std_dev_min=1502.211187945818 std_dev_max=5502.350087223172
2026-09-30 14:53:00,129 - modules.salary_history - INFO - Looking for salary history:, ('finance_accounting', 'junior')
2026-09-30 14:53:00,129 - modules.salary_history - INFO - Salary lookup: ('finance_accounting', 'junior'), count_min=696 count_max=696 avg_min=5279.14367816092 avg_max=7454.270114942528 median_min=5000.0 median_max=7500.0 std_dev_min=969.1517388912574 std_dev_max=1463.5155610503543
2026-09-30 14:53:00,135 - modules.salary_history - INFO - Looking for salary history:, ('logistics_supply_chain', 'mid')
2026-09-30 14:53:00,135 - modules.salary_history - INFO - Salary lookup: ('logistics_supply_chain', 'mid'), count_min=1142 count_max=1142 avg_min=7061.37302977233 avg_max=9427.69877408056 median_min=7000.0 median_max=8500.0 std_dev_min=1502.211187945818 std_dev_max=5502.350087223172
2026-09-30 14:53:00,139 - modules.salary_history - INFO - Looking for salary history:, ('sales_customer_service', 'manager')
2026-09-30 14:53:00,139 - modules.salary_history - INFO - Salary lookup: ('sales_customer_service', 'manager'), None
2026-09-30 14:53:00,143 - modules.salary_history - INFO - Looking for salary history:, ('data_analytics', 'mid')
2026-09-30 14:53:00,143 - modules.salary_history - INFO - Salary lookup: ('data_analytics', 'mid'), count_min=2127 count_max=2127 avg_min=9315.26531891553 avg_max=15317.084782949381 median_min=9000.0 median_max=16000.0 std_dev_min=2578.855395744559 std_dev_max=3929.014794237795
2026-09-30 14:53:00,149 - modules.salary_history - INFO - Looking for salary history:, ('administration', 'mid')
2026-09-30 14:53:00,149 - modules.salary_history - INFO - Salary lookup: ('administration', 'mid'), count_min=894 count_max=894 avg_min=6190.884787472036 avg_max=7772.890380313199 median_min=6000.0 median_max=7000.0 std_dev_min=1715.7885545983888 std_dev_max=2719.2228332075842
2026-09-30 14:53:00,166 - modules.salary_history - INFO - Looking for salary history:, ('software_it', 'junior')
2026-09-30 14:53:00,166 - modules.salary_history - INFO - Salary lookup: ('software_it', 'junior'), count_min=318 count_max=318 avg_min=6835.6163522012575 avg_max=9213.905660377359 median_min=6500.0 median_max=8750.0 std_dev_min=1693.5370236452802 std_dev_max=2162.1758648563323
2026-09-30 14:53:00,170 - modules.salary_history - INFO - Looking for salary history:, ('procurement', 'mid')
2026-09-30 14:53:00,170 - modules.salary_history - INFO - Salary lookup: ('procurement', 'mid'), count_min=350 count_max=350 avg_min=6694.042857142857 avg_max=9492.102857142858 median_min=6550.0 median_max=9500.0 std_dev_min=1031.9430505003918 std_dev_max=1729.4754693641116
2026-09-30 14:53:00,174 - modules.salary_history - INFO - Looking for salary history:, ('finance_accounting', 'junior')
2026-09-30 14:53:00,175 - modules.salary_history - INFO - Salary lookup: ('finance_accounting', 'junior'), count_min=696 count_max=696 avg_min=5279.14367816092 avg_max=7454.270114942528 median_min=5000.0 median_max=7500.0 std_dev_min=969.1517388912574 std_dev_max=1463.5155610503543
2026-09-30 14:53:00,178 - modules.salary_history - INFO - Looking for salary history:, ('logistics_supply_chain', 'mid')
2026-09-30 14:53:00,178 - modules.salary_history - INFO - Salary lookup: ('logistics_supply_chain', 'mid'), count_min=1142 count_max=1142 avg_min=7061.37302977233 avg_max=9427.69877408056 median_min=7000.0 median_max=8500.0 std_dev_min=1502.211187945818 std_dev_max=5502.350087223172
2026-09-30 14:53:00,182 - modules.salary_history - INFO - Looking for salary history:, ('data_analytics', 'junior')
2026-09-30 14:53:00,182 - modules.salary_history - INFO - Salary lookup: ('data_analytics', 'junior'), count_min=831 count_max=831 avg_min=7001.696750902527 avg_max=9231.386281588448 median_min=7000.0 median_max=9100.0 std_dev_min=1524.4586270278216 std_dev_max=1924.9261763355235
2026-09-30 14:53:00,187 - modules.salary_history - INFO - Looking for salary history:, ('data_analytics', 'mid')
2026-09-30 14:53:00,188 - modules.salary_history - INFO - Salary lookup: ('data_analytics', 'mid'), count_min=2127 count_max=2127 avg_min=9315.26531891553 avg_max=15317.084782949381 median_min=9000.0 median_max=16000.0 std_dev_min=2578.855395744559 std_dev_max=3929.014794237795
2026-09-30 14:53:00,194 - modules.salary_history - INFO - Looking for salary history:, ('finance_accounting', 'mid')
2026-09-30 14:53:00,194 - modules.salary_history - INFO - Salary lookup: ('finance_accounting', 'mid'), count_min=1002 count_max=1002 avg_min=7232.041916167665 avg_max=10088.20359281437 median_min=7000.0 median_max=10000.0 std_dev_min=1511.6394888647312 std_dev_max=1987.2566461052725
2026-09-30 14:53:00,203 - modules.salary_history - INFO - Looking for salary history:, ('legal_compliance_risk', 'mid')
2026-09-30 14:53:00,203 - modules.salary_history - INFO - Salary lookup: ('legal_compliance_risk', 'mid'), count_min=112 count_max=112 avg_min=6901.410714285715 avg_max=9742.57142857143 median_min=6750.0 median_max=9750.0 std_dev_min=2148.6118315710387 std_dev_max=2218.8355915297966
2026-09-30 14:53:00,212 - modules.salary_history - INFO - Looking for salary history:, ('software_it', 'junior')
2026-09-30 14:53:00,212 - modules.salary_history - INFO - Salary lookup: ('software_it', 'junior'), count_min=318 count_max=318 avg_min=6835.6163522012575 avg_max=9213.905660377359 median_min=6500.0 median_max=8750.0 std_dev_min=1693.5370236452802 std_dev_max=2162.1758648563323
2026-09-30 14:53:00,215 - modules.salary_history - INFO - Looking for salary history:, ('legal_compliance_risk', 'mid')
2026-09-30 14:53:00,215 - modules.salary_history - INFO - Salary lookup: ('legal_compliance_risk', 'mid'), count_min=112 count_max=112 avg_min=6901.410714285715 avg_max=9742.57142857143 median_min=6750.0 median_max=9750.0 std_dev_min=2148.6118315710387 std_dev_max=2218.8355915297966
2026-09-30 14:53:00,225 - modules.salary_history - INFO - Looking for salary history:, ('software_it', 'junior')
2026-09-30 14:53:00,226 - modules.salary_history - INFO - Salary lookup: ('software_it', 'junior'), count_min=318 count_max=318 avg_min=6835.6163522012575 avg_max=9213.905660377359 median_min=6500.0 median_max=8750.0 std_dev_min=1693.5370236452802 std_dev_max=2162.1758648563323
2026-09-30 14:53:00,229 - modules.salary_history - INFO - Looking for salary history:, ('legal_compliance_risk', 'mid')
2026-09-30 14:53:00,229 - modules.salary_history - INFO - Salary lookup: ('legal_compliance_risk', 'mid'), count_min=112 count_max=112 avg_min=6901.410714285715 avg_max=9742.57142857143 median_min=6750.0 median_max=9750.0 std_dev_min=2148.6118315710387 std_dev_max=2218.8355915297966
2026-09-30 14:53:00,234 - modules.salary_history - INFO - Looking for salary history:, ('software_it', 'junior')
2026-09-30 14:53:00,234 - modules.salary_history - INFO - Salary lookup: ('software_it', 'junior'), count_min=318 count_max=318 avg_min=6835.6163522012575 avg_max=9213.905660377359 median_min=6500.0 median_max=8750.0 std_dev_min=1693.5370236452802 std_dev_max=2162.1758648563323
2026-09-30 14:53:00,243 - modules.salary_history - INFO - Looking for salary history:, ('software_it', 'junior')
2026-09-30 14:53:00,244 - modules.salary_history - INFO - Salary lookup: ('software_it', 'junior'), count_min=318 count_max=318 avg_min=6835.6163522012575 avg_max=9213.905660377359 median_min=6500.0 median_max=8750.0 std_dev_min=1693.5370236452802 std_dev_max=2162.1758648563323
2026-09-30 14:53:00,250 - modules.salary_history - INFO - Looking for salary history:, ('logistics_supply_chain', 'mid')
2026-09-30 14:53:00,250 - modules.salary_history - INFO - Salary lookup: ('logistics_supply_chain', 'mid'), count_min=1142 count_max=1142 avg_min=7061.37302977233 avg_max=9427.69877408056 median_min=7000.0 median_max=8500.0 std_dev_min=1502.211187945818 std_dev_max=5502.350087223172
2026-09-30 14:53:00,260 - modules.salary_history - INFO - Looking for salary history:, ('data_analytics', 'junior')
2026-09-30 14:53:00,260 - modules.salary_history - INFO - Salary lookup: ('data_analytics', 'junior'), count_min=831 count_max=831 avg_min=7001.696750902527 avg_max=9231.386281588448 median_min=7000.0 median_max=9100.0 std_dev_min=1524.4586270278216 std_dev_max=1924.9261763355235
2026-09-30 14:53:00,268 - modules.salary_history - INFO - Looking for salary history:, ('data_analytics', 'mid')
2026-09-30 14:53:00,268 - modules.salary_history - INFO - Salary lookup: ('data_analytics', 'mid'), count_min=2127 count_max=2127 avg_min=9315.26531891553 avg_max=15317.084782949381 median_min=9000.0 median_max=16000.0 std_dev_min=2578.855395744559 std_dev_max=3929.014794237795
2026-09-30 14:53:00,272 - modules.salary_history - INFO - Looking for salary history:, ('procurement', 'mid')
2026-09-30 14:53:00,272 - modules.salary_history - INFO - Salary lookup: ('procurement', 'mid'), count_min=350 count_max=350 avg_min=6694.042857142857 avg_max=9492.102857142858 median_min=6550.0 median_max=9500.0 std_dev_min=1031.9430505003918 std_dev_max=1729.4754693641116
2026-09-30 14:53:00,275 - modules.salary_history - INFO - Looking for salary history:, ('data_analytics', 'mid')
2026-09-30 14:53:00,276 - modules.salary_history - INFO - Salary lookup: ('data_analytics', 'mid'), count_min=2127 count_max=2127 avg_min=9315.26531891553 avg_max=15317.084782949381 median_min=9000.0 median_max=16000.0 std_dev_min=2578.855395744559 std_dev_max=3929.014794237795
2026-09-30 14:53:00,278 - modules.salary_history - INFO - Looking for salary history:, ('legal_compliance_risk', 'mid')
2026-09-30 14:53:00,279 - modules.salary_history - INFO - Salary lookup: ('legal_compliance_risk', 'mid'), count_min=112 count_max=112 avg_min=6901.410714285715 avg_max=9742.57142857143 median_min=6750.0 median_max=9750.0 std_dev_min=2148.6118315710387 std_dev_max=2218.8355915297966
2026-09-30 14:53:00,282 - modules.salary_history - INFO - Looking for salary history:, ('customer_operations', 'intern')
2026-09-30 14:53:00,282 - modules.salary_history - INFO - Salary lookup: ('customer_operations', 'intern'), count_min=1 count_max=1 avg_min=3000.0 avg_max=3000.0 median_min=3000.0 median_max=3000.0 std_dev_min=None std_dev_max=None
2026-09-30 14:53:00,285 - modules.salary_history - INFO - Looking for salary history:, ('logistics_supply_chain', 'mid')
2026-09-30 14:53:00,285 - modules.salary_history - INFO - Salary lookup: ('logistics_supply_chain', 'mid'), count_min=1142 count_max=1142 avg_min=7061.37302977233 avg_max=9427.69877408056 median_min=7000.0 median_max=8500.0 std_dev_min=1502.211187945818 std_dev_max=5502.350087223172
2026-09-30 14:53:00,289 - modules.salary_history - INFO - Looking for salary history:, ('logistics_supply_chain', 'mid')
2026-09-30 14:53:00,289 - modules.salary_history - INFO - Salary lookup: ('logistics_supply_chain', 'mid'), count_min=1142 count_max=1142 avg_min=7061.37302977233 avg_max=9427.69877408056 median_min=7000.0 median_max=8500.0 std_dev_min=1502.211187945818 std_dev_max=5502.350087223172
2026-09-30 14:53:00,292 - modules.salary_history - INFO - Looking for salary history:, ('logistics_supply_chain', 'mid')
2026-09-30 14:53:00,292 - modules.salary_history - INFO - Salary lookup: ('logistics_supply_chain', 'mid'), count_min=1142 count_max=1142 avg_min=7061.37302977233 avg_max=9427.69877408056 median_min=7000.0 median_max=8500.0 std_dev_min=1502.211187945818 std_dev_max=5502.350087223172
2026-09-30 14:53:00,295 - modules.salary_history - INFO - Looking for salary history:, ('data_analytics', 'manager')
2026-09-30 14:53:00,295 - modules.salary_history - INFO - Salary lookup: ('data_analytics', 'manager'), count_min=1 count_max=1 avg_min=24000.0 avg_max=27000.0 median_min=24000.0 median_max=27000.0 std_dev_min=None std_dev_max=None
2026-09-30 14:53:00,298 - modules.salary_history - INFO - Looking for salary history:, ('hr', 'senior')
2026-09-30 14:53:00,298 - modules.salary_history - INFO - Salary lookup: ('hr', 'senior'), count_min=6 count_max=6 avg_min=6500.0 avg_max=7500.0 median_min=6500.0 median_max=7500.0 std_dev_min=0.0 std_dev_max=0.0
2026-09-30 14:53:00,302 - modules.salary_history - INFO - Looking for salary history:, ('finance_accounting', 'senior')
2026-09-30 14:53:00,302 - modules.salary_history - INFO - Salary lookup: ('finance_accounting', 'senior'), count_min=114 count_max=114 avg_min=8882.982456140351 avg_max=13023.333333333334 median_min=8000.0 median_max=12000.0 std_dev_min=2908.9951827290497 std_dev_max=3768.116749094733
2026-09-30 14:53:00,314 - modules.salary_history - INFO - Looking for salary history:, ('it_support', 'junior')
2026-09-30 14:53:00,314 - modules.salary_history - INFO - Salary lookup: ('it_support', 'junior'), count_min=73 count_max=73 avg_min=5685.890410958904 avg_max=7214.767123287671 median_min=5500.0 median_max=7000.0 std_dev_min=1266.0819216258813 std_dev_max=1863.1818850240809
2026-09-30 14:53:00,317 - modules.salary_history - INFO - Looking for salary history:, ('logistics_supply_chain', 'mid')
2026-09-30 14:53:00,317 - modules.salary_history - INFO - Salary lookup: ('logistics_supply_chain', 'mid'), count_min=1142 count_max=1142 avg_min=7061.37302977233 avg_max=9427.69877408056 median_min=7000.0 median_max=8500.0 std_dev_min=1502.211187945818 std_dev_max=5502.350087223172
2026-09-30 14:53:00,321 - modules.salary_history - INFO - Looking for salary history:, ('finance_accounting', 'intern')
2026-09-30 14:53:00,322 - modules.salary_history - INFO - Salary lookup: ('finance_accounting', 'intern'), count_min=86 count_max=86 avg_min=6440.232558139535 avg_max=7224.186046511628 median_min=5120.0 median_max=5600.0 std_dev_min=3774.0120566982782 std_dev_max=3798.8433116089363
2026-09-30 14:53:00,325 - modules.salary_history - INFO - Looking for salary history:, ('data_analytics', 'junior')
2026-09-30 14:53:00,325 - modules.salary_history - INFO - Salary lookup: ('data_analytics', 'junior'), count_min=831 count_max=831 avg_min=7001.696750902527 avg_max=9231.386281588448 median_min=7000.0 median_max=9100.0 std_dev_min=1524.4586270278216 std_dev_max=1924.9261763355235
2026-09-30 14:53:00,328 - modules.salary_history - INFO - Looking for salary history:, ('logistics_supply_chain', 'intern')
2026-09-30 14:53:00,329 - modules.salary_history - INFO - Salary lookup: ('logistics_supply_chain', 'intern'), count_min=37 count_max=37 avg_min=6161.405405405405 avg_max=7028.4324324324325 median_min=5720.0 median_max=6470.0 std_dev_min=904.9406198892419 std_dev_max=1222.3432992171804
2026-09-30 14:53:00,331 - modules.salary_history - INFO - Looking for salary history:, ('administration', 'junior')
2026-09-30 14:53:00,332 - modules.salary_history - INFO - Salary lookup: ('administration', 'junior'), count_min=520 count_max=520 avg_min=5589.9365384615385 avg_max=7111.6442307692305 median_min=5500.0 median_max=7000.0 std_dev_min=782.7420417127731 std_dev_max=1493.4086349778422
2026-09-30 14:53:00,334 - modules.salary_history - INFO - Looking for salary history:, ('hr', 'junior')
2026-09-30 14:53:00,335 - modules.salary_history - INFO - Salary lookup: ('hr', 'junior'), count_min=97 count_max=97 avg_min=5934.639175257732 avg_max=6970.103092783505 median_min=6000.0 median_max=7000.0 std_dev_min=368.3353936282973 std_dev_max=654.0204106864721
2026-09-30 14:53:00,338 - modules.salary_history - INFO - Looking for salary history:, ('finance_accounting', 'junior')
2026-09-30 14:53:00,338 - modules.salary_history - INFO - Salary lookup: ('finance_accounting', 'junior'), count_min=696 count_max=696 avg_min=5279.14367816092 avg_max=7454.270114942528 median_min=5000.0 median_max=7500.0 std_dev_min=969.1517388912574 std_dev_max=1463.5155610503543
2026-09-30 14:53:00,341 - modules.salary_history - INFO - Looking for salary history:, ('procurement', 'junior')
2026-09-30 14:53:00,341 - modules.salary_history - INFO - Salary lookup: ('procurement', 'junior'), count_min=141 count_max=141 avg_min=6523.404255319149 avg_max=8736.170212765957 median_min=6500.0 median_max=8500.0 std_dev_min=657.4450871009619 std_dev_max=1202.4544301282083
2026-09-30 14:53:00,344 - modules.salary_history - INFO - Looking for salary history:, ('software_it', 'junior')
2026-09-30 14:53:00,345 - modules.salary_history - INFO - Salary lookup: ('software_it', 'junior'), count_min=318 count_max=318 avg_min=6835.6163522012575 avg_max=9213.905660377359 median_min=6500.0 median_max=8750.0 std_dev_min=1693.5370236452802 std_dev_max=2162.1758648563323
2026-09-30 14:53:00,351 - modules.salary_history - INFO - Looking for salary history:, ('software_it', 'junior')
2026-09-30 14:53:00,352 - modules.salary_history - INFO - Salary lookup: ('software_it', 'junior'), count_min=318 count_max=318 avg_min=6835.6163522012575 avg_max=9213.905660377359 median_min=6500.0 median_max=8750.0 std_dev_min=1693.5370236452802 std_dev_max=2162.1758648563323
2026-09-30 14:53:00,356 - modules.salary_history - INFO - Looking for salary history:, ('data_analytics', 'junior')
2026-09-30 14:53:00,356 - modules.salary_history - INFO - Salary lookup: ('data_analytics', 'junior'), count_min=831 count_max=831 avg_min=7001.696750902527 avg_max=9231.386281588448 median_min=7000.0 median_max=9100.0 std_dev_min=1524.4586270278216 std_dev_max=1924.9261763355235
2026-09-30 14:53:00,360 - modules.salary_history - INFO - Looking for salary history:, ('finance_accounting', 'junior')
2026-09-30 14:53:00,360 - modules.salary_history - INFO - Salary lookup: ('finance_accounting', 'junior'), count_min=696 count_max=696 avg_min=5279.14367816092 avg_max=7454.270114942528 median_min=5000.0 median_max=7500.0 std_dev_min=969.1517388912574 std_dev_max=1463.5155610503543
2026-09-30 14:53:00,374 - modules.salary_history - INFO - Looking for salary history:, ('procurement', 'mid')
2026-09-30 14:53:00,374 - modules.salary_history - INFO - Salary lookup: ('procurement', 'mid'), count_min=350 count_max=350 avg_min=6694.042857142857 avg_max=9492.102857142858 median_min=6550.0 median_max=9500.0 std_dev_min=1031.9430505003918 std_dev_max=1729.4754693641116
2026-09-30 14:53:00,377 - modules.salary_history - INFO - Looking for salary history:, ('finance_accounting', 'intern')
2026-09-30 14:53:00,377 - modules.salary_history - INFO - Salary lookup: ('finance_accounting', 'intern'), count_min=86 count_max=86 avg_min=6440.232558139535 avg_max=7224.186046511628 median_min=5120.0 median_max=5600.0 std_dev_min=3774.0120566982782 std_dev_max=3798.8433116089363
2026-09-30 14:53:00,380 - modules.salary_history - INFO - Looking for salary history:, ('administration', 'junior')
2026-09-30 14:53:00,380 - modules.salary_history - INFO - Salary lookup: ('administration', 'junior'), count_min=520 count_max=520 avg_min=5589.9365384615385 avg_max=7111.6442307692305 median_min=5500.0 median_max=7000.0 std_dev_min=782.7420417127731 std_dev_max=1493.4086349778422
2026-09-30 14:53:00,384 - modules.salary_history - INFO - Looking for salary history:, ('project_management', 'junior')
2026-09-30 14:53:00,384 - modules.salary_history - INFO - Salary lookup: ('project_management', 'junior'), count_min=61 count_max=61 avg_min=5889.836065573771 avg_max=7457.377049180328 median_min=5500.0 median_max=7000.0 std_dev_min=1751.7139148115089 std_dev_max=1975.2180484184055
2026-09-30 14:53:00,387 - modules.salary_history - INFO - Looking for salary history:, ('data_analytics', 'mid')
2026-09-30 14:53:00,387 - modules.salary_history - INFO - Salary lookup: ('data_analytics', 'mid'), count_min=2127 count_max=2127 avg_min=9315.26531891553 avg_max=15317.084782949381 median_min=9000.0 median_max=16000.0 std_dev_min=2578.855395744559 std_dev_max=3929.014794237795
2026-09-30 14:53:00,392 - modules.salary_history - INFO - Looking for salary history:, ('data_analytics', 'mid')
2026-09-30 14:53:00,423 - modules.salary_history - INFO - Salary lookup: ('data_analytics', 'mid'), count_min=2127 count_max=2127 avg_min=9315.26531891553 avg_max=15317.084782949381 median_min=9000.0 median_max=16000.0 std_dev_min=2578.855395744559 std_dev_max=3929.014794237795
2026-09-30 14:53:00,442 - modules.salary_history - INFO - Looking for salary history:, ('data_analytics', 'mid')
2026-09-30 14:53:00,442 - modules.salary_history - INFO - Salary lookup: ('data_analytics', 'mid'), count_min=2127 count_max=2127 avg_min=9315.26531891553 avg_max=15317.084782949381 median_min=9000.0 median_max=16000.0 std_dev_min=2578.855395744559 std_dev_max=3929.014794237795
2026-09-30 14:53:00,446 - modules.salary_history - INFO - Looking for salary history:, ('data_analytics', 'mid')
2026-09-30 14:53:00,446 - modules.salary_history - INFO - Salary lookup: ('data_analytics', 'mid'), count_min=2127 count_max=2127 avg_min=9315.26531891553 avg_max=15317.084782949381 median_min=9000.0 median_max=16000.0 std_dev_min=2578.855395744559 std_dev_max=3929.014794237795
2026-09-30 14:53:00,450 - modules.salary_history - INFO - Looking for salary history:, ('data_analytics', 'mid')
2026-09-30 14:53:00,453 - modules.salary_history - INFO - Salary lookup: ('data_analytics', 'mid'), count_min=2127 count_max=2127 avg_min=9315.26531891553 avg_max=15317.084782949381 median_min=9000.0 median_max=16000.0 std_dev_min=2578.855395744559 std_dev_max=3929.014794237795
2026-09-30 14:53:00,460 - modules.salary_history - INFO - Looking for salary history:, ('data_analytics', 'mid')
2026-09-30 14:53:00,461 - modules.salary_history - INFO - Salary lookup: ('data_analytics', 'mid'), count_min=2127 count_max=2127 avg_min=9315.26531891553 avg_max=15317.084782949381 median_min=9000.0 median_max=16000.0 std_dev_min=2578.855395744559 std_dev_max=3929.014794237795
2026-09-30 14:53:00,745 - modules.salary_history - INFO - Looking for salary history:, ('data_analytics', 'mid')
2026-09-30 14:53:00,745 - modules.salary_history - INFO - Salary lookup: ('data_analytics', 'mid'), count_min=2127 count_max=2127 avg_min=9315.26531891553 avg_max=15317.084782949381 median_min=9000.0 median_max=16000.0 std_dev_min=2578.855395744559 std_dev_max=3929.014794237795
2026-09-30 14:53:00,748 - modules.salary_history - INFO - Looking for salary history:, ('data_analytics', 'mid')
2026-09-30 14:53:00,748 - modules.salary_history - INFO - Salary lookup: ('data_analytics', 'mid'), count_min=2127 count_max=2127 avg_min=9315.26531891553 avg_max=15317.084782949381 median_min=9000.0 median_max=16000.0 std_dev_min=2578.855395744559 std_dev_max=3929.014794237795
2026-09-30 14:53:00,751 - modules.salary_history - INFO - Looking for salary history:, ('data_analytics', 'mid')
2026-09-30 14:53:00,752 - modules.salary_history - INFO - Salary lookup: ('data_analytics', 'mid'), count_min=2127 count_max=2127 avg_min=9315.26531891553 avg_max=15317.084782949381 median_min=9000.0 median_max=16000.0 std_dev_min=2578.855395744559 std_dev_max=3929.014794237795
2026-09-30 14:53:00,756 - modules.salary_history - INFO - Looking for salary history:, ('data_analytics', 'mid')
2026-09-30 14:53:00,756 - modules.salary_history - INFO - Salary lookup: ('data_analytics', 'mid'), count_min=2127 count_max=2127 avg_min=9315.26531891553 avg_max=15317.084782949381 median_min=9000.0 median_max=16000.0 std_dev_min=2578.855395744559 std_dev_max=3929.014794237795
2026-09-30 14:53:00,762 - modules.salary_history - INFO - Looking for salary history:, ('data_analytics', 'mid')
2026-09-30 14:53:00,763 - modules.salary_history - INFO - Salary lookup: ('data_analytics', 'mid'), count_min=2127 count_max=2127 avg_min=9315.26531891553 avg_max=15317.084782949381 median_min=9000.0 median_max=16000.0 std_dev_min=2578.855395744559 std_dev_max=3929.014794237795
2026-09-30 14:53:00,768 - modules.salary_history - INFO - Looking for salary history:, ('data_analytics', 'senior')
2026-09-30 14:53:00,768 - modules.salary_history - INFO - Salary lookup: ('data_analytics', 'senior'), count_min=147 count_max=147 avg_min=14075.659863945579 avg_max=22422.34693877551 median_min=12833.0 median_max=22400.0 std_dev_min=3546.299007506042 std_dev_max=2954.6965786624764
2026-09-30 14:53:00,778 - modules.salary_history - INFO - Looking for salary history:, ('software_it', 'junior')
2026-09-30 14:53:00,778 - modules.salary_history - INFO - Salary lookup: ('software_it', 'junior'), count_min=318 count_max=318 avg_min=6835.6163522012575 avg_max=9213.905660377359 median_min=6500.0 median_max=8750.0 std_dev_min=1693.5370236452802 std_dev_max=2162.1758648563323
2026-09-30 14:53:00,782 - modules.salary_history - INFO - Looking for salary history:, ('logistics_supply_chain', 'mid')
2026-09-30 14:53:00,782 - modules.salary_history - INFO - Salary lookup: ('logistics_supply_chain', 'mid'), count_min=1142 count_max=1142 avg_min=7061.37302977233 avg_max=9427.69877408056 median_min=7000.0 median_max=8500.0 std_dev_min=1502.211187945818 std_dev_max=5502.350087223172
2026-09-30 14:53:00,790 - modules.salary_history - INFO - Looking for salary history:, ('software_it', 'junior')
2026-09-30 14:53:00,790 - modules.salary_history - INFO - Salary lookup: ('software_it', 'junior'), count_min=318 count_max=318 avg_min=6835.6163522012575 avg_max=9213.905660377359 median_min=6500.0 median_max=8750.0 std_dev_min=1693.5370236452802 std_dev_max=2162.1758648563323
2026-09-30 14:53:00,793 - modules.salary_history - INFO - Looking for salary history:, ('software_it', 'junior')
2026-09-30 14:53:00,794 - modules.salary_history - INFO - Salary lookup: ('software_it', 'junior'), count_min=318 count_max=318 avg_min=6835.6163522012575 avg_max=9213.905660377359 median_min=6500.0 median_max=8750.0 std_dev_min=1693.5370236452802 std_dev_max=2162.1758648563323
2026-09-30 14:53:00,801 - modules.salary_history - INFO - Looking for salary history:, ('data_analytics', 'junior')
2026-09-30 14:53:00,801 - modules.salary_history - INFO - Salary lookup: ('data_analytics', 'junior'), count_min=831 count_max=831 avg_min=7001.696750902527 avg_max=9231.386281588448 median_min=7000.0 median_max=9100.0 std_dev_min=1524.4586270278216 std_dev_max=1924.9261763355235
2026-09-30 14:53:00,811 - modules.salary_history - INFO - Looking for salary history:, ('data_analytics', 'mid')
2026-09-30 14:53:00,811 - modules.salary_history - INFO - Salary lookup: ('data_analytics', 'mid'), count_min=2127 count_max=2127 avg_min=9315.26531891553 avg_max=15317.084782949381 median_min=9000.0 median_max=16000.0 std_dev_min=2578.855395744559 std_dev_max=3929.014794237795
2026-09-30 14:53:00,814 - modules.salary_history - INFO - Looking for salary history:, ('finance_accounting', 'junior')
2026-09-30 14:53:00,814 - modules.salary_history - INFO - Salary lookup: ('finance_accounting', 'junior'), count_min=696 count_max=696 avg_min=5279.14367816092 avg_max=7454.270114942528 median_min=5000.0 median_max=7500.0 std_dev_min=969.1517388912574 std_dev_max=1463.5155610503543
2026-09-30 14:53:00,827 - modules.salary_history - INFO - Looking for salary history:, ('software_it', 'junior')
2026-09-30 14:53:00,827 - modules.salary_history - INFO - Salary lookup: ('software_it', 'junior'), count_min=318 count_max=318 avg_min=6835.6163522012575 avg_max=9213.905660377359 median_min=6500.0 median_max=8750.0 std_dev_min=1693.5370236452802 std_dev_max=2162.1758648563323
2026-09-30 14:53:00,830 - modules.salary_history - INFO - Looking for salary history:, ('hr', 'junior')
2026-09-30 14:53:00,831 - modules.salary_history - INFO - Salary lookup: ('hr', 'junior'), count_min=97 count_max=97 avg_min=5934.639175257732 avg_max=6970.103092783505 median_min=6000.0 median_max=7000.0 std_dev_min=368.3353936282973 std_dev_max=654.0204106864721
2026-09-30 14:53:00,833 - modules.salary_history - INFO - Looking for salary history:, ('data_analytics', 'mid')
2026-09-30 14:53:00,834 - modules.salary_history - INFO - Salary lookup: ('data_analytics', 'mid'), count_min=2127 count_max=2127 avg_min=9315.26531891553 avg_max=15317.084782949381 median_min=9000.0 median_max=16000.0 std_dev_min=2578.855395744559 std_dev_max=3929.014794237795
2026-09-30 14:53:00,837 - modules.salary_history - INFO - Looking for salary history:, ('software_it', 'junior')
2026-09-30 14:53:00,837 - modules.salary_history - INFO - Salary lookup: ('software_it', 'junior'), count_min=318 count_max=318 avg_min=6835.6163522012575 avg_max=9213.905660377359 median_min=6500.0 median_max=8750.0 std_dev_min=1693.5370236452802 std_dev_max=2162.1758648563323
2026-09-30 14:53:00,843 - modules.salary_history - INFO - Looking for salary history:, ('finance_accounting', 'manager')
2026-09-30 14:53:00,844 - modules.salary_history - INFO - Salary lookup: ('finance_accounting', 'manager'), count_min=26 count_max=26 avg_min=10000.0 avg_max=14000.0 median_min=10000.0 median_max=14000.0 std_dev_min=0.0 std_dev_max=0.0
2026-09-30 14:53:00,847 - modules.salary_history - INFO - Looking for salary history:, ('engineering_production', 'manager')
2026-09-30 14:53:00,847 - modules.salary_history - INFO - Salary lookup: ('engineering_production', 'manager'), count_min=10 count_max=10 avg_min=13196.0 avg_max=17596.0 median_min=15000.0 median_max=20000.0 std_dev_min=3833.441157903837 std_dev_max=5264.234037350543
2026-09-30 14:53:00,851 - modules.salary_history - INFO - Looking for salary history:, ('engineering_production', 'manager')
2026-09-30 14:53:00,852 - modules.salary_history - INFO - Salary lookup: ('engineering_production', 'manager'), count_min=10 count_max=10 avg_min=13196.0 avg_max=17596.0 median_min=15000.0 median_max=20000.0 std_dev_min=3833.441157903837 std_dev_max=5264.234037350543
2026-09-30 14:53:00,856 - modules.salary_history - INFO - Looking for salary history:, ('engineering_production', 'manager')
2026-09-30 14:53:00,856 - modules.salary_history - INFO - Salary lookup: ('engineering_production', 'manager'), count_min=10 count_max=10 avg_min=13196.0 avg_max=17596.0 median_min=15000.0 median_max=20000.0 std_dev_min=3833.441157903837 std_dev_max=5264.234037350543
2026-09-30 14:53:00,860 - modules.salary_history - INFO - Looking for salary history:, ('software_it', 'junior')
2026-09-30 14:53:00,860 - modules.salary_history - INFO - Salary lookup: ('software_it', 'junior'), count_min=318 count_max=318 avg_min=6835.6163522012575 avg_max=9213.905660377359 median_min=6500.0 median_max=8750.0 std_dev_min=1693.5370236452802 std_dev_max=2162.1758648563323
2026-09-30 14:53:00,866 - modules.salary_history - INFO - Looking for salary history:, ('data_analytics', 'mid')
2026-09-30 14:53:00,867 - modules.salary_history - INFO - Salary lookup: ('data_analytics', 'mid'), count_min=2127 count_max=2127 avg_min=9315.26531891553 avg_max=15317.084782949381 median_min=9000.0 median_max=16000.0 std_dev_min=2578.855395744559 std_dev_max=3929.014794237795
2026-09-30 14:53:00,874 - modules.salary_history - INFO - Looking for salary history:, ('software_it', 'junior')
2026-09-30 14:53:00,874 - modules.salary_history - INFO - Salary lookup: ('software_it', 'junior'), count_min=318 count_max=318 avg_min=6835.6163522012575 avg_max=9213.905660377359 median_min=6500.0 median_max=8750.0 std_dev_min=1693.5370236452802 std_dev_max=2162.1758648563323
2026-09-30 14:53:00,878 - modules.salary_history - INFO - Looking for salary history:, ('data_analytics', 'mid')
2026-09-30 14:53:00,878 - modules.salary_history - INFO - Salary lookup: ('data_analytics', 'mid'), count_min=2127 count_max=2127 avg_min=9315.26531891553 avg_max=15317.084782949381 median_min=9000.0 median_max=16000.0 std_dev_min=2578.855395744559 std_dev_max=3929.014794237795
2026-09-30 14:53:00,883 - modules.salary_history - INFO - Looking for salary history:, ('data_analytics', 'mid')
2026-09-30 14:53:00,883 - modules.salary_history - INFO - Salary lookup: ('data_analytics', 'mid'), count_min=2127 count_max=2127 avg_min=9315.26531891553 avg_max=15317.084782949381 median_min=9000.0 median_max=16000.0 std_dev_min=2578.855395744559 std_dev_max=3929.014794237795
2026-09-30 14:53:00,886 - modules.salary_history - INFO - Looking for salary history:, ('data_analytics', 'senior')
2026-09-30 14:53:00,887 - modules.salary_history - INFO - Salary lookup: ('data_analytics', 'senior'), count_min=147 count_max=147 avg_min=14075.659863945579 avg_max=22422.34693877551 median_min=12833.0 median_max=22400.0 std_dev_min=3546.299007506042 std_dev_max=2954.6965786624764
2026-09-30 14:53:00,892 - modules.salary_history - INFO - Looking for salary history:, ('software_it', 'senior')
2026-09-30 14:53:00,892 - modules.salary_history - INFO - Salary lookup: ('software_it', 'senior'), count_min=48 count_max=48 avg_min=12662.916666666666 avg_max=18005.694444444445 median_min=7000.0 median_max=14000.0 std_dev_min=9390.36422340619 std_dev_max=9364.09416626977
2026-09-30 14:53:00,895 - modules.salary_history - INFO - Looking for salary history:, ('software_it', 'senior')
2026-09-30 14:53:00,896 - modules.salary_history - INFO - Salary lookup: ('software_it', 'senior'), count_min=48 count_max=48 avg_min=12662.916666666666 avg_max=18005.694444444445 median_min=7000.0 median_max=14000.0 std_dev_min=9390.36422340619 std_dev_max=9364.09416626977
2026-09-30 14:53:00,899 - modules.salary_history - INFO - Looking for salary history:, ('software_it', 'senior')
2026-09-30 14:53:00,899 - modules.salary_history - INFO - Salary lookup: ('software_it', 'senior'), count_min=48 count_max=48 avg_min=12662.916666666666 avg_max=18005.694444444445 median_min=7000.0 median_max=14000.0 std_dev_min=9390.36422340619 std_dev_max=9364.09416626977
2026-09-30 14:53:00,904 - modules.salary_history - INFO - Looking for salary history:, ('software_it', 'senior')
2026-09-30 14:53:00,904 - modules.salary_history - INFO - Salary lookup: ('software_it', 'senior'), count_min=48 count_max=48 avg_min=12662.916666666666 avg_max=18005.694444444445 median_min=7000.0 median_max=14000.0 std_dev_min=9390.36422340619 std_dev_max=9364.09416626977
2026-09-30 14:53:00,908 - modules.salary_history - INFO - Looking for salary history:, ('software_it', 'senior')
2026-09-30 14:53:00,908 - modules.salary_history - INFO - Salary lookup: ('software_it', 'senior'), count_min=48 count_max=48 avg_min=12662.916666666666 avg_max=18005.694444444445 median_min=7000.0 median_max=14000.0 std_dev_min=9390.36422340619 std_dev_max=9364.09416626977
2026-09-30 14:53:00,911 - modules.salary_history - INFO - Looking for salary history:, ('software_it', 'senior')
2026-09-30 14:53:00,911 - modules.salary_history - INFO - Salary lookup: ('software_it', 'senior'), count_min=48 count_max=48 avg_min=12662.916666666666 avg_max=18005.694444444445 median_min=7000.0 median_max=14000.0 std_dev_min=9390.36422340619 std_dev_max=9364.09416626977
2026-09-30 14:53:00,918 - modules.salary_history - INFO - Looking for salary history:, ('software_it', 'junior')
2026-09-30 14:53:00,918 - modules.salary_history - INFO - Salary lookup: ('software_it', 'junior'), count_min=318 count_max=318 avg_min=6835.6163522012575 avg_max=9213.905660377359 median_min=6500.0 median_max=8750.0 std_dev_min=1693.5370236452802 std_dev_max=2162.1758648563323
2026-09-30 14:53:00,925 - modules.salary_history - INFO - Looking for salary history:, ('software_it', 'junior')
2026-09-30 14:53:00,925 - modules.salary_history - INFO - Salary lookup: ('software_it', 'junior'), count_min=318 count_max=318 avg_min=6835.6163522012575 avg_max=9213.905660377359 median_min=6500.0 median_max=8750.0 std_dev_min=1693.5370236452802 std_dev_max=2162.1758648563323
2026-09-30 14:53:00,931 - modules.salary_history - INFO - Looking for salary history:, ('data_analytics', 'mid')
2026-09-30 14:53:00,931 - modules.salary_history - INFO - Salary lookup: ('data_analytics', 'mid'), count_min=2127 count_max=2127 avg_min=9315.26531891553 avg_max=15317.084782949381 median_min=9000.0 median_max=16000.0 std_dev_min=2578.855395744559 std_dev_max=3929.014794237795
2026-09-30 14:53:00,935 - modules.salary_history - INFO - Looking for salary history:, ('data_analytics', 'mid')
2026-09-30 14:53:00,935 - modules.salary_history - INFO - Salary lookup: ('data_analytics', 'mid'), count_min=2127 count_max=2127 avg_min=9315.26531891553 avg_max=15317.084782949381 median_min=9000.0 median_max=16000.0 std_dev_min=2578.855395744559 std_dev_max=3929.014794237795
2026-09-30 14:53:00,939 - modules.salary_history - INFO - Looking for salary history:, ('software_it', 'junior')
2026-09-30 14:53:00,939 - modules.salary_history - INFO - Salary lookup: ('software_it', 'junior'), count_min=318 count_max=318 avg_min=6835.6163522012575 avg_max=9213.905660377359 median_min=6500.0 median_max=8750.0 std_dev_min=1693.5370236452802 std_dev_max=2162.1758648563323
2026-09-30 14:53:00,958 - modules.salary_history - INFO - Looking for salary history:, ('data_analytics', 'senior')
2026-09-30 14:53:00,958 - modules.salary_history - INFO - Salary lookup: ('data_analytics', 'senior'), count_min=147 count_max=147 avg_min=14075.659863945579 avg_max=22422.34693877551 median_min=12833.0 median_max=22400.0 std_dev_min=3546.299007506042 std_dev_max=2954.6965786624764
2026-09-30 14:53:00,961 - modules.salary_history - INFO - Looking for salary history:, ('finance_accounting', 'mid')
2026-09-30 14:53:00,962 - modules.salary_history - INFO - Salary lookup: ('finance_accounting', 'mid'), count_min=1002 count_max=1002 avg_min=7232.041916167665 avg_max=10088.20359281437 median_min=7000.0 median_max=10000.0 std_dev_min=1511.6394888647312 std_dev_max=1987.2566461052725
2026-09-30 14:53:00,966 - modules.salary_history - INFO - Looking for salary history:, ('software_it', 'mid')
2026-09-30 14:53:00,967 - modules.salary_history - INFO - Salary lookup: ('software_it', 'mid'), count_min=505 count_max=505 avg_min=8676.440264026403 avg_max=12354.390099009901 median_min=7450.0 median_max=11100.0 std_dev_min=3595.8981301534177 std_dev_max=4288.264336088859
2026-09-30 14:53:00,970 - modules.salary_history - INFO - Looking for salary history:, ('data_analytics', 'mid')
2026-09-30 14:53:00,971 - modules.salary_history - INFO - Salary lookup: ('data_analytics', 'mid'), count_min=2127 count_max=2127 avg_min=9315.26531891553 avg_max=15317.084782949381 median_min=9000.0 median_max=16000.0 std_dev_min=2578.855395744559 std_dev_max=3929.014794237795
2026-09-30 14:53:00,975 - modules.salary_history - INFO - Looking for salary history:, ('data_analytics', 'mid')
2026-09-30 14:53:00,975 - modules.salary_history - INFO - Salary lookup: ('data_analytics', 'mid'), count_min=2127 count_max=2127 avg_min=9315.26531891553 avg_max=15317.084782949381 median_min=9000.0 median_max=16000.0 std_dev_min=2578.855395744559 std_dev_max=3929.014794237795
2026-09-30 14:53:00,981 - modules.salary_history - INFO - Looking for salary history:, ('data_analytics', 'mid')
2026-09-30 14:53:00,981 - modules.salary_history - INFO - Salary lookup: ('data_analytics', 'mid'), count_min=2127 count_max=2127 avg_min=9315.26531891553 avg_max=15317.084782949381 median_min=9000.0 median_max=16000.0 std_dev_min=2578.855395744559 std_dev_max=3929.014794237795
2026-09-30 14:53:00,984 - modules.salary_history - INFO - Looking for salary history:, ('data_analytics', 'senior')
2026-09-30 14:53:00,984 - modules.salary_history - INFO - Salary lookup: ('data_analytics', 'senior'), count_min=147 count_max=147 avg_min=14075.659863945579 avg_max=22422.34693877551 median_min=12833.0 median_max=22400.0 std_dev_min=3546.299007506042 std_dev_max=2954.6965786624764
2026-09-30 14:53:00,987 - modules.salary_history - INFO - Looking for salary history:, ('data_analytics', 'mid')
2026-09-30 14:53:00,988 - modules.salary_history - INFO - Salary lookup: ('data_analytics', 'mid'), count_min=2127 count_max=2127 avg_min=9315.26531891553 avg_max=15317.084782949381 median_min=9000.0 median_max=16000.0 std_dev_min=2578.855395744559 std_dev_max=3929.014794237795
2026-09-30 14:53:01,001 - modules.salary_history - INFO - Looking for salary history:, ('data_analytics', 'mid')
2026-09-30 14:53:01,001 - modules.salary_history - INFO - Salary lookup: ('data_analytics', 'mid'), count_min=2127 count_max=2127 avg_min=9315.26531891553 avg_max=15317.084782949381 median_min=9000.0 median_max=16000.0 std_dev_min=2578.855395744559 std_dev_max=3929.014794237795
2026-09-30 14:53:01,005 - modules.salary_history - INFO - Looking for salary history:, ('data_analytics', 'mid')
2026-09-30 14:53:01,006 - modules.salary_history - INFO - Salary lookup: ('data_analytics', 'mid'), count_min=2127 count_max=2127 avg_min=9315.26531891553 avg_max=15317.084782949381 median_min=9000.0 median_max=16000.0 std_dev_min=2578.855395744559 std_dev_max=3929.014794237795
2026-09-30 14:53:01,009 - modules.salary_history - INFO - Looking for salary history:, ('data_analytics', 'senior')
2026-09-30 14:53:01,009 - modules.salary_history - INFO - Salary lookup: ('data_analytics', 'senior'), count_min=147 count_max=147 avg_min=14075.659863945579 avg_max=22422.34693877551 median_min=12833.0 median_max=22400.0 std_dev_min=3546.299007506042 std_dev_max=2954.6965786624764
2026-09-30 14:53:01,012 - modules.salary_history - INFO - Looking for salary history:, ('data_analytics', 'mid')
2026-09-30 14:53:01,012 - modules.salary_history - INFO - Salary lookup: ('data_analytics', 'mid'), count_min=2127 count_max=2127 avg_min=9315.26531891553 avg_max=15317.084782949381 median_min=9000.0 median_max=16000.0 std_dev_min=2578.855395744559 std_dev_max=3929.014794237795
2026-09-30 14:53:01,015 - modules.salary_history - INFO - Looking for salary history:, ('data_analytics', 'mid')
2026-09-30 14:53:01,015 - modules.salary_history - INFO - Salary lookup: ('data_analytics', 'mid'), count_min=2127 count_max=2127 avg_min=9315.26531891553 avg_max=15317.084782949381 median_min=9000.0 median_max=16000.0 std_dev_min=2578.855395744559 std_dev_max=3929.014794237795
2026-09-30 14:53:01,020 - modules.salary_history - INFO - Looking for salary history:, ('data_analytics', 'mid')
2026-09-30 14:53:01,020 - modules.salary_history - INFO - Salary lookup: ('data_analytics', 'mid'), count_min=2127 count_max=2127 avg_min=9315.26531891553 avg_max=15317.084782949381 median_min=9000.0 median_max=16000.0 std_dev_min=2578.855395744559 std_dev_max=3929.014794237795
2026-09-30 14:53:01,029 - modules.salary_history - INFO - Looking for salary history:, ('data_analytics', 'mid')
2026-09-30 14:53:01,029 - modules.salary_history - INFO - Salary lookup: ('data_analytics', 'mid'), count_min=2127 count_max=2127 avg_min=9315.26531891553 avg_max=15317.084782949381 median_min=9000.0 median_max=16000.0 std_dev_min=2578.855395744559 std_dev_max=3929.014794237795
2026-09-30 14:53:01,033 - modules.salary_history - INFO - Looking for salary history:, ('sales_customer_service', 'mid')
2026-09-30 14:53:01,034 - modules.salary_history - INFO - Salary lookup: ('sales_customer_service', 'mid'), count_min=396 count_max=396 avg_min=5881.416666666667 avg_max=8385.348484848484 median_min=5677.0 median_max=8000.0 std_dev_min=1083.4858632316275 std_dev_max=1805.6980219863158
2026-09-30 14:53:01,037 - modules.salary_history - INFO - Looking for salary history:, ('data_analytics', 'manager')
2026-09-30 14:53:01,037 - modules.salary_history - INFO - Salary lookup: ('data_analytics', 'manager'), count_min=1 count_max=1 avg_min=24000.0 avg_max=27000.0 median_min=24000.0 median_max=27000.0 std_dev_min=None std_dev_max=None
2026-09-30 14:53:01,047 - modules.salary_history - INFO - Looking for salary history:, ('legal_compliance_risk', 'mid')
2026-09-30 14:53:01,048 - modules.salary_history - INFO - Salary lookup: ('legal_compliance_risk', 'mid'), count_min=112 count_max=112 avg_min=6901.410714285715 avg_max=9742.57142857143 median_min=6750.0 median_max=9750.0 std_dev_min=2148.6118315710387 std_dev_max=2218.8355915297966
2026-09-30 14:53:01,053 - modules.salary_history - INFO - Looking for salary history:, ('sales_customer_service', 'junior')
2026-09-30 14:53:01,053 - modules.salary_history - INFO - Salary lookup: ('sales_customer_service', 'junior'), count_min=164 count_max=164 avg_min=5749.426829268293 avg_max=8203.19512195122 median_min=5500.0 median_max=8000.0 std_dev_min=1608.8244882139884 std_dev_max=1570.0371176029264
2026-09-30 14:53:01,066 - modules.salary_history - INFO - Looking for salary history:, ('data_analytics', 'junior')
2026-09-30 14:53:01,067 - modules.salary_history - INFO - Salary lookup: ('data_analytics', 'junior'), count_min=831 count_max=831 avg_min=7001.696750902527 avg_max=9231.386281588448 median_min=7000.0 median_max=9100.0 std_dev_min=1524.4586270278216 std_dev_max=1924.9261763355235
2026-09-30 14:53:01,075 - modules.salary_history - INFO - Looking for salary history:, ('data_analytics', 'mid')
2026-09-30 14:53:01,076 - modules.salary_history - INFO - Salary lookup: ('data_analytics', 'mid'), count_min=2127 count_max=2127 avg_min=9315.26531891553 avg_max=15317.084782949381 median_min=9000.0 median_max=16000.0 std_dev_min=2578.855395744559 std_dev_max=3929.014794237795
2026-09-30 14:53:01,084 - modules.salary_history - INFO - Looking for salary history:, ('data_analytics', 'mid')
2026-09-30 14:53:01,084 - modules.salary_history - INFO - Salary lookup: ('data_analytics', 'mid'), count_min=2127 count_max=2127 avg_min=9315.26531891553 avg_max=15317.084782949381 median_min=9000.0 median_max=16000.0 std_dev_min=2578.855395744559 std_dev_max=3929.014794237795
2026-09-30 14:53:01,088 - modules.salary_history - INFO - Looking for salary history:, ('sales_customer_service', 'mid')
2026-09-30 14:53:01,089 - modules.salary_history - INFO - Salary lookup: ('sales_customer_service', 'mid'), count_min=396 count_max=396 avg_min=5881.416666666667 avg_max=8385.348484848484 median_min=5677.0 median_max=8000.0 std_dev_min=1083.4858632316275 std_dev_max=1805.6980219863158
2026-09-30 14:53:01,092 - modules.salary_history - INFO - Looking for salary history:, ('data_analytics', 'senior')
2026-09-30 14:53:01,093 - modules.salary_history - INFO - Salary lookup: ('data_analytics', 'senior'), count_min=147 count_max=147 avg_min=14075.659863945579 avg_max=22422.34693877551 median_min=12833.0 median_max=22400.0 std_dev_min=3546.299007506042 std_dev_max=2954.6965786624764
2026-09-30 14:53:01,095 - modules.salary_history - INFO - Looking for salary history:, ('data_analytics', 'mid')
2026-09-30 14:53:01,095 - modules.salary_history - INFO - Salary lookup: ('data_analytics', 'mid'), count_min=2127 count_max=2127 avg_min=9315.26531891553 avg_max=15317.084782949381 median_min=9000.0 median_max=16000.0 std_dev_min=2578.855395744559 std_dev_max=3929.014794237795
2026-09-30 14:53:01,098 - modules.salary_history - INFO - Looking for salary history:, ('data_analytics', 'senior')
2026-09-30 14:53:01,098 - modules.salary_history - INFO - Salary lookup: ('data_analytics', 'senior'), count_min=147 count_max=147 avg_min=14075.659863945579 avg_max=22422.34693877551 median_min=12833.0 median_max=22400.0 std_dev_min=3546.299007506042 std_dev_max=2954.6965786624764
2026-09-30 14:53:01,105 - modules.salary_history - INFO - Looking for salary history:, ('data_analytics', 'mid')
2026-09-30 14:53:01,106 - modules.salary_history - INFO - Salary lookup: ('data_analytics', 'mid'), count_min=2127 count_max=2127 avg_min=9315.26531891553 avg_max=15317.084782949381 median_min=9000.0 median_max=16000.0 std_dev_min=2578.855395744559 std_dev_max=3929.014794237795
2026-09-30 14:53:01,109 - modules.salary_history - INFO - Looking for salary history:, ('data_analytics', 'mid')
2026-09-30 14:53:01,109 - modules.salary_history - INFO - Salary lookup: ('data_analytics', 'mid'), count_min=2127 count_max=2127 avg_min=9315.26531891553 avg_max=15317.084782949381 median_min=9000.0 median_max=16000.0 std_dev_min=2578.855395744559 std_dev_max=3929.014794237795
2026-09-30 14:53:01,112 - modules.salary_history - INFO - Looking for salary history:, ('data_analytics', 'senior')
2026-09-30 14:53:01,112 - modules.salary_history - INFO - Salary lookup: ('data_analytics', 'senior'), count_min=147 count_max=147 avg_min=14075.659863945579 avg_max=22422.34693877551 median_min=12833.0 median_max=22400.0 std_dev_min=3546.299007506042 std_dev_max=2954.6965786624764
2026-09-30 14:53:01,115 - modules.salary_history - INFO - Looking for salary history:, ('software_it', 'mid')
2026-09-30 14:53:01,116 - modules.salary_history - INFO - Salary lookup: ('software_it', 'mid'), count_min=505 count_max=505 avg_min=8676.440264026403 avg_max=12354.390099009901 median_min=7450.0 median_max=11100.0 std_dev_min=3595.8981301534177 std_dev_max=4288.264336088859
2026-09-30 14:53:01,118 - modules.salary_history - INFO - Looking for salary history:, ('software_it', 'mid')
2026-09-30 14:53:01,119 - modules.salary_history - INFO - Salary lookup: ('software_it', 'mid'), count_min=505 count_max=505 avg_min=8676.440264026403 avg_max=12354.390099009901 median_min=7450.0 median_max=11100.0 std_dev_min=3595.8981301534177 std_dev_max=4288.264336088859
2026-09-30 14:53:01,123 - modules.salary_history - INFO - Looking for salary history:, ('data_analytics', 'mid')
2026-09-30 14:53:01,123 - modules.salary_history - INFO - Salary lookup: ('data_analytics', 'mid'), count_min=2127 count_max=2127 avg_min=9315.26531891553 avg_max=15317.084782949381 median_min=9000.0 median_max=16000.0 std_dev_min=2578.855395744559 std_dev_max=3929.014794237795
2026-09-30 14:53:01,126 - modules.salary_history - INFO - Looking for salary history:, ('software_it', 'mid')
2026-09-30 14:53:01,127 - modules.salary_history - INFO - Salary lookup: ('software_it', 'mid'), count_min=505 count_max=505 avg_min=8676.440264026403 avg_max=12354.390099009901 median_min=7450.0 median_max=11100.0 std_dev_min=3595.8981301534177 std_dev_max=4288.264336088859
2026-09-30 14:53:01,130 - modules.salary_history - INFO - Looking for salary history:, ('data_analytics', 'mid')
2026-09-30 14:53:01,130 - modules.salary_history - INFO - Salary lookup: ('data_analytics', 'mid'), count_min=2127 count_max=2127 avg_min=9315.26531891553 avg_max=15317.084782949381 median_min=9000.0 median_max=16000.0 std_dev_min=2578.855395744559 std_dev_max=3929.014794237795
2026-09-30 14:53:01,136 - modules.salary_history - INFO - Looking for salary history:, ('data_analytics', 'mid')
2026-09-30 14:53:01,136 - modules.salary_history - INFO - Salary lookup: ('data_analytics', 'mid'), count_min=2127 count_max=2127 avg_min=9315.26531891553 avg_max=15317.084782949381 median_min=9000.0 median_max=16000.0 std_dev_min=2578.855395744559 std_dev_max=3929.014794237795
2026-09-30 14:53:01,140 - modules.salary_history - INFO - Looking for salary history:, ('hr', 'senior')
2026-09-30 14:53:01,140 - modules.salary_history - INFO - Salary lookup: ('hr', 'senior'), count_min=6 count_max=6 avg_min=6500.0 avg_max=7500.0 median_min=6500.0 median_max=7500.0 std_dev_min=0.0 std_dev_max=0.0
2026-09-30 14:53:01,143 - modules.salary_history - INFO - Looking for salary history:, ('data_analytics', 'mid')
2026-09-30 14:53:01,144 - modules.salary_history - INFO - Salary lookup: ('data_analytics', 'mid'), count_min=2127 count_max=2127 avg_min=9315.26531891553 avg_max=15317.084782949381 median_min=9000.0 median_max=16000.0 std_dev_min=2578.855395744559 std_dev_max=3929.014794237795
2026-09-30 14:53:01,146 - modules.salary_history - INFO - Looking for salary history:, ('software_it', 'junior')
2026-09-30 14:53:01,147 - modules.salary_history - INFO - Salary lookup: ('software_it', 'junior'), count_min=318 count_max=318 avg_min=6835.6163522012575 avg_max=9213.905660377359 median_min=6500.0 median_max=8750.0 std_dev_min=1693.5370236452802 std_dev_max=2162.1758648563323
2026-09-30 14:53:01,162 - modules.salary_history - INFO - Looking for salary history:, ('procurement', 'mid')
2026-09-30 14:53:01,163 - modules.salary_history - INFO - Salary lookup: ('procurement', 'mid'), count_min=350 count_max=350 avg_min=6694.042857142857 avg_max=9492.102857142858 median_min=6550.0 median_max=9500.0 std_dev_min=1031.9430505003918 std_dev_max=1729.4754693641116
2026-09-30 14:53:01,167 - modules.salary_history - INFO - Looking for salary history:, ('data_analytics', 'mid')
2026-09-30 14:53:01,167 - modules.salary_history - INFO - Salary lookup: ('data_analytics', 'mid'), count_min=2127 count_max=2127 avg_min=9315.26531891553 avg_max=15317.084782949381 median_min=9000.0 median_max=16000.0 std_dev_min=2578.855395744559 std_dev_max=3929.014794237795
2026-09-30 14:53:01,173 - modules.salary_history - INFO - Looking for salary history:, ('data_analytics', 'junior')
2026-09-30 14:53:01,173 - modules.salary_history - INFO - Salary lookup: ('data_analytics', 'junior'), count_min=831 count_max=831 avg_min=7001.696750902527 avg_max=9231.386281588448 median_min=7000.0 median_max=9100.0 std_dev_min=1524.4586270278216 std_dev_max=1924.9261763355235
2026-09-30 14:53:01,177 - modules.salary_history - INFO - Looking for salary history:, ('logistics_supply_chain', 'mid')
2026-09-30 14:53:01,177 - modules.salary_history - INFO - Salary lookup: ('logistics_supply_chain', 'mid'), count_min=1142 count_max=1142 avg_min=7061.37302977233 avg_max=9427.69877408056 median_min=7000.0 median_max=8500.0 std_dev_min=1502.211187945818 std_dev_max=5502.350087223172
2026-09-30 14:53:01,180 - modules.salary_history - INFO - Looking for salary history:, ('hr', 'mid')
2026-09-30 14:53:01,180 - modules.salary_history - INFO - Salary lookup: ('hr', 'mid'), count_min=191 count_max=191 avg_min=6673.507853403142 avg_max=9544.397905759162 median_min=6600.0 median_max=9500.0 std_dev_min=682.5522911844611 std_dev_max=1038.3456116624893
2026-09-30 14:53:01,184 - modules.salary_history - INFO - Looking for salary history:, ('data_analytics', 'mid')
2026-09-30 14:53:01,184 - modules.salary_history - INFO - Salary lookup: ('data_analytics', 'mid'), count_min=2127 count_max=2127 avg_min=9315.26531891553 avg_max=15317.084782949381 median_min=9000.0 median_max=16000.0 std_dev_min=2578.855395744559 std_dev_max=3929.014794237795
2026-09-30 14:53:01,187 - modules.salary_history - INFO - Looking for salary history:, ('procurement', 'mid')
2026-09-30 14:53:01,187 - modules.salary_history - INFO - Salary lookup: ('procurement', 'mid'), count_min=350 count_max=350 avg_min=6694.042857142857 avg_max=9492.102857142858 median_min=6550.0 median_max=9500.0 std_dev_min=1031.9430505003918 std_dev_max=1729.4754693641116
2026-09-30 14:53:01,194 - modules.salary_history - INFO - Looking for salary history:, ('finance_accounting', 'junior')
2026-09-30 14:53:01,194 - modules.salary_history - INFO - Salary lookup: ('finance_accounting', 'junior'), count_min=696 count_max=696 avg_min=5279.14367816092 avg_max=7454.270114942528 median_min=5000.0 median_max=7500.0 std_dev_min=969.1517388912574 std_dev_max=1463.5155610503543
2026-09-30 14:53:01,197 - modules.salary_history - INFO - Looking for salary history:, ('procurement', 'mid')
2026-09-30 14:53:01,197 - modules.salary_history - INFO - Salary lookup: ('procurement', 'mid'), count_min=350 count_max=350 avg_min=6694.042857142857 avg_max=9492.102857142858 median_min=6550.0 median_max=9500.0 std_dev_min=1031.9430505003918 std_dev_max=1729.4754693641116
2026-09-30 14:53:01,202 - modules.salary_history - INFO - Looking for salary history:, ('software_it', 'mid')
2026-09-30 14:53:01,202 - modules.salary_history - INFO - Salary lookup: ('software_it', 'mid'), count_min=505 count_max=505 avg_min=8676.440264026403 avg_max=12354.390099009901 median_min=7450.0 median_max=11100.0 std_dev_min=3595.8981301534177 std_dev_max=4288.264336088859
2026-09-30 14:53:01,208 - modules.salary_history - INFO - Looking for salary history:, ('data_analytics', 'junior')
2026-09-30 14:53:01,208 - modules.salary_history - INFO - Salary lookup: ('data_analytics', 'junior'), count_min=831 count_max=831 avg_min=7001.696750902527 avg_max=9231.386281588448 median_min=7000.0 median_max=9100.0 std_dev_min=1524.4586270278216 std_dev_max=1924.9261763355235
2026-09-30 14:53:01,212 - modules.salary_history - INFO - Looking for salary history:, ('finance_accounting', 'intern')
2026-09-30 14:53:01,212 - modules.salary_history - INFO - Salary lookup: ('finance_accounting', 'intern'), count_min=86 count_max=86 avg_min=6440.232558139535 avg_max=7224.186046511628 median_min=5120.0 median_max=5600.0 std_dev_min=3774.0120566982782 std_dev_max=3798.8433116089363
2026-09-30 14:53:01,214 - modules.salary_history - INFO - Looking for salary history:, ('logistics_supply_chain', 'mid')
2026-09-30 14:53:01,215 - modules.salary_history - INFO - Salary lookup: ('logistics_supply_chain', 'mid'), count_min=1142 count_max=1142 avg_min=7061.37302977233 avg_max=9427.69877408056 median_min=7000.0 median_max=8500.0 std_dev_min=1502.211187945818 std_dev_max=5502.350087223172
2026-09-30 14:53:01,219 - modules.salary_history - INFO - Looking for salary history:, ('software_it', 'junior')
2026-09-30 14:53:01,219 - modules.salary_history - INFO - Salary lookup: ('software_it', 'junior'), count_min=318 count_max=318 avg_min=6835.6163522012575 avg_max=9213.905660377359 median_min=6500.0 median_max=8750.0 std_dev_min=1693.5370236452802 std_dev_max=2162.1758648563323
2026-09-30 14:53:01,223 - modules.salary_history - INFO - Looking for salary history:, ('logistics_supply_chain', 'mid')
2026-09-30 14:53:01,223 - modules.salary_history - INFO - Salary lookup: ('logistics_supply_chain', 'mid'), count_min=1142 count_max=1142 avg_min=7061.37302977233 avg_max=9427.69877408056 median_min=7000.0 median_max=8500.0 std_dev_min=1502.211187945818 std_dev_max=5502.350087223172
2026-09-30 14:53:01,226 - modules.salary_history - INFO - Looking for salary history:, ('administration', 'mid')
2026-09-30 14:53:01,226 - modules.salary_history - INFO - Salary lookup: ('administration', 'mid'), count_min=894 count_max=894 avg_min=6190.884787472036 avg_max=7772.890380313199 median_min=6000.0 median_max=7000.0 std_dev_min=1715.7885545983888 std_dev_max=2719.2228332075842
2026-09-30 14:53:01,230 - modules.salary_history - INFO - Looking for salary history:, ('customer_operations', 'intern')
2026-09-30 14:53:01,230 - modules.salary_history - INFO - Salary lookup: ('customer_operations', 'intern'), count_min=1 count_max=1 avg_min=3000.0 avg_max=3000.0 median_min=3000.0 median_max=3000.0 std_dev_min=None std_dev_max=None
2026-09-30 14:53:01,243 - modules.salary_history - INFO - Looking for salary history:, ('data_analytics', 'mid')
2026-09-30 14:53:01,243 - modules.salary_history - INFO - Salary lookup: ('data_analytics', 'mid'), count_min=2127 count_max=2127 avg_min=9315.26531891553 avg_max=15317.084782949381 median_min=9000.0 median_max=16000.0 std_dev_min=2578.855395744559 std_dev_max=3929.014794237795
2026-09-30 14:53:01,249 - modules.salary_history - INFO - Looking for salary history:, ('data_analytics', 'mid')
2026-09-30 14:53:01,249 - modules.salary_history - INFO - Salary lookup: ('data_analytics', 'mid'), count_min=2127 count_max=2127 avg_min=9315.26531891553 avg_max=15317.084782949381 median_min=9000.0 median_max=16000.0 std_dev_min=2578.855395744559 std_dev_max=3929.014794237795
2026-09-30 14:53:01,254 - modules.salary_history - INFO - Looking for salary history:, ('data_analytics', 'mid')
2026-09-30 14:53:01,255 - modules.salary_history - INFO - Salary lookup: ('data_analytics', 'mid'), count_min=2127 count_max=2127 avg_min=9315.26531891553 avg_max=15317.084782949381 median_min=9000.0 median_max=16000.0 std_dev_min=2578.855395744559 std_dev_max=3929.014794237795
2026-09-30 14:53:01,258 - modules.salary_history - INFO - Looking for salary history:, ('data_analytics', 'mid')
2026-09-30 14:53:01,259 - modules.salary_history - INFO - Salary lookup: ('data_analytics', 'mid'), count_min=2127 count_max=2127 avg_min=9315.26531891553 avg_max=15317.084782949381 median_min=9000.0 median_max=16000.0 std_dev_min=2578.855395744559 std_dev_max=3929.014794237795
2026-09-30 14:53:01,263 - modules.salary_history - INFO - Looking for salary history:, ('data_analytics', 'mid')
2026-09-30 14:53:01,264 - modules.salary_history - INFO - Salary lookup: ('data_analytics', 'mid'), count_min=2127 count_max=2127 avg_min=9315.26531891553 avg_max=15317.084782949381 median_min=9000.0 median_max=16000.0 std_dev_min=2578.855395744559 std_dev_max=3929.014794237795
2026-09-30 14:53:01,269 - modules.salary_history - INFO - Looking for salary history:, ('data_analytics', 'senior')
2026-09-30 14:53:01,270 - modules.salary_history - INFO - Salary lookup: ('data_analytics', 'senior'), count_min=147 count_max=147 avg_min=14075.659863945579 avg_max=22422.34693877551 median_min=12833.0 median_max=22400.0 std_dev_min=3546.299007506042 std_dev_max=2954.6965786624764
2026-09-30 14:53:01,274 - modules.salary_history - INFO - Looking for salary history:, ('data_analytics', 'mid')
2026-09-30 14:53:01,274 - modules.salary_history - INFO - Salary lookup: ('data_analytics', 'mid'), count_min=2127 count_max=2127 avg_min=9315.26531891553 avg_max=15317.084782949381 median_min=9000.0 median_max=16000.0 std_dev_min=2578.855395744559 std_dev_max=3929.014794237795
2026-09-30 14:53:01,277 - modules.salary_history - INFO - Looking for salary history:, ('data_analytics', 'mid')
2026-09-30 14:53:01,277 - modules.salary_history - INFO - Salary lookup: ('data_analytics', 'mid'), count_min=2127 count_max=2127 avg_min=9315.26531891553 avg_max=15317.084782949381 median_min=9000.0 median_max=16000.0 std_dev_min=2578.855395744559 std_dev_max=3929.014794237795
2026-09-30 14:53:01,280 - modules.salary_history - INFO - Looking for salary history:, ('it_support', 'mid')
2026-09-30 14:53:01,280 - modules.salary_history - INFO - Salary lookup: ('it_support', 'mid'), count_min=130 count_max=130 avg_min=6961.4384615384615 avg_max=9987.030769230769 median_min=7000.0 median_max=10000.0 std_dev_min=1171.6752996507046 std_dev_max=2041.5886994325194
2026-09-30 14:53:01,284 - modules.salary_history - INFO - Looking for salary history:, ('data_analytics', 'mid')
2026-09-30 14:53:01,285 - modules.salary_history - INFO - Salary lookup: ('data_analytics', 'mid'), count_min=2127 count_max=2127 avg_min=9315.26531891553 avg_max=15317.084782949381 median_min=9000.0 median_max=16000.0 std_dev_min=2578.855395744559 std_dev_max=3929.014794237795
2026-09-30 14:53:01,288 - modules.salary_history - INFO - Looking for salary history:, ('software_it', 'mid')
2026-09-30 14:53:01,288 - modules.salary_history - INFO - Salary lookup: ('software_it', 'mid'), count_min=505 count_max=505 avg_min=8676.440264026403 avg_max=12354.390099009901 median_min=7450.0 median_max=11100.0 std_dev_min=3595.8981301534177 std_dev_max=4288.264336088859
2026-09-30 14:53:01,296 - modules.salary_history - INFO - Looking for salary history:, ('data_analytics', 'mid')
2026-09-30 14:53:01,296 - modules.salary_history - INFO - Salary lookup: ('data_analytics', 'mid'), count_min=2127 count_max=2127 avg_min=9315.26531891553 avg_max=15317.084782949381 median_min=9000.0 median_max=16000.0 std_dev_min=2578.855395744559 std_dev_max=3929.014794237795
2026-09-30 14:53:01,300 - modules.salary_history - INFO - Looking for salary history:, ('data_analytics', 'mid')
2026-09-30 14:53:01,300 - modules.salary_history - INFO - Salary lookup: ('data_analytics', 'mid'), count_min=2127 count_max=2127 avg_min=9315.26531891553 avg_max=15317.084782949381 median_min=9000.0 median_max=16000.0 std_dev_min=2578.855395744559 std_dev_max=3929.014794237795
2026-09-30 14:53:01,305 - modules.salary_history - INFO - Looking for salary history:, ('data_analytics', 'mid')
2026-09-30 14:53:01,306 - modules.salary_history - INFO - Salary lookup: ('data_analytics', 'mid'), count_min=2127 count_max=2127 avg_min=9315.26531891553 avg_max=15317.084782949381 median_min=9000.0 median_max=16000.0 std_dev_min=2578.855395744559 std_dev_max=3929.014794237795
2026-09-30 14:53:01,309 - modules.salary_history - INFO - Looking for salary history:, ('data_analytics', 'mid')
2026-09-30 14:53:01,309 - modules.salary_history - INFO - Salary lookup: ('data_analytics', 'mid'), count_min=2127 count_max=2127 avg_min=9315.26531891553 avg_max=15317.084782949381 median_min=9000.0 median_max=16000.0 std_dev_min=2578.855395744559 std_dev_max=3929.014794237795
2026-09-30 14:53:01,312 - modules.salary_history - INFO - Looking for salary history:, ('data_analytics', 'mid')
2026-09-30 14:53:01,312 - modules.salary_history - INFO - Salary lookup: ('data_analytics', 'mid'), count_min=2127 count_max=2127 avg_min=9315.26531891553 avg_max=15317.084782949381 median_min=9000.0 median_max=16000.0 std_dev_min=2578.855395744559 std_dev_max=3929.014794237795
2026-09-30 14:53:01,315 - modules.salary_history - INFO - Looking for salary history:, ('data_analytics', 'mid')
2026-09-30 14:53:01,315 - modules.salary_history - INFO - Salary lookup: ('data_analytics', 'mid'), count_min=2127 count_max=2127 avg_min=9315.26531891553 avg_max=15317.084782949381 median_min=9000.0 median_max=16000.0 std_dev_min=2578.855395744559 std_dev_max=3929.014794237795
2026-09-30 14:53:01,319 - modules.salary_history - INFO - Looking for salary history:, ('finance_accounting', 'junior')
2026-09-30 14:53:01,319 - modules.salary_history - INFO - Salary lookup: ('finance_accounting', 'junior'), count_min=696 count_max=696 avg_min=5279.14367816092 avg_max=7454.270114942528 median_min=5000.0 median_max=7500.0 std_dev_min=969.1517388912574 std_dev_max=1463.5155610503543
2026-09-30 14:53:01,323 - modules.salary_history - INFO - Looking for salary history:, ('data_analytics', 'mid')
2026-09-30 14:53:01,323 - modules.salary_history - INFO - Salary lookup: ('data_analytics', 'mid'), count_min=2127 count_max=2127 avg_min=9315.26531891553 avg_max=15317.084782949381 median_min=9000.0 median_max=16000.0 std_dev_min=2578.855395744559 std_dev_max=3929.014794237795
2026-09-30 14:53:01,326 - modules.salary_history - INFO - Looking for salary history:, ('software_it', 'junior')
2026-09-30 14:53:01,327 - modules.salary_history - INFO - Salary lookup: ('software_it', 'junior'), count_min=318 count_max=318 avg_min=6835.6163522012575 avg_max=9213.905660377359 median_min=6500.0 median_max=8750.0 std_dev_min=1693.5370236452802 std_dev_max=2162.1758648563323
2026-09-30 14:53:01,329 - modules.salary_history - INFO - Looking for salary history:, ('logistics_supply_chain', 'junior')
2026-09-30 14:53:01,330 - modules.salary_history - INFO - Salary lookup: ('logistics_supply_chain', 'junior'), count_min=312 count_max=312 avg_min=5309.846153846154 avg_max=6689.733974358975 median_min=5000.0 median_max=6500.0 std_dev_min=671.2836113493227 std_dev_max=1010.0578680691826
2026-09-30 14:53:01,333 - modules.salary_history - INFO - Looking for salary history:, ('data_analytics', 'junior')
2026-09-30 14:53:01,333 - modules.salary_history - INFO - Salary lookup: ('data_analytics', 'junior'), count_min=831 count_max=831 avg_min=7001.696750902527 avg_max=9231.386281588448 median_min=7000.0 median_max=9100.0 std_dev_min=1524.4586270278216 std_dev_max=1924.9261763355235
2026-09-30 14:53:01,336 - modules.salary_history - INFO - Looking for salary history:, ('software_it', 'mid')
2026-09-30 14:53:01,336 - modules.salary_history - INFO - Salary lookup: ('software_it', 'mid'), count_min=505 count_max=505 avg_min=8676.440264026403 avg_max=12354.390099009901 median_min=7450.0 median_max=11100.0 std_dev_min=3595.8981301534177 std_dev_max=4288.264336088859
2026-09-30 14:53:01,340 - modules.salary_history - INFO - Looking for salary history:, ('software_it', 'mid')
2026-09-30 14:53:01,340 - modules.salary_history - INFO - Salary lookup: ('software_it', 'mid'), count_min=505 count_max=505 avg_min=8676.440264026403 avg_max=12354.390099009901 median_min=7450.0 median_max=11100.0 std_dev_min=3595.8981301534177 std_dev_max=4288.264336088859
2026-09-30 14:53:01,343 - modules.salary_history - INFO - Looking for salary history:, ('software_it', 'senior')
2026-09-30 14:53:01,343 - modules.salary_history - INFO - Salary lookup: ('software_it', 'senior'), count_min=48 count_max=48 avg_min=12662.916666666666 avg_max=18005.694444444445 median_min=7000.0 median_max=14000.0 std_dev_min=9390.36422340619 std_dev_max=9364.09416626977
2026-09-30 14:53:01,352 - modules.salary_history - INFO - Looking for salary history:, ('it_support', 'junior')
2026-09-30 14:53:01,353 - modules.salary_history - INFO - Salary lookup: ('it_support', 'junior'), count_min=73 count_max=73 avg_min=5685.890410958904 avg_max=7214.767123287671 median_min=5500.0 median_max=7000.0 std_dev_min=1266.0819216258813 std_dev_max=1863.1818850240809
2026-09-30 14:53:01,356 - modules.salary_history - INFO - Looking for salary history:, ('it_support', 'junior')
2026-09-30 14:53:01,357 - modules.salary_history - INFO - Salary lookup: ('it_support', 'junior'), count_min=73 count_max=73 avg_min=5685.890410958904 avg_max=7214.767123287671 median_min=5500.0 median_max=7000.0 std_dev_min=1266.0819216258813 std_dev_max=1863.1818850240809
2026-09-30 14:53:01,360 - modules.salary_history - INFO - Looking for salary history:, ('it_support', 'junior')
2026-09-30 14:53:01,361 - modules.salary_history - INFO - Salary lookup: ('it_support', 'junior'), count_min=73 count_max=73 avg_min=5685.890410958904 avg_max=7214.767123287671 median_min=5500.0 median_max=7000.0 std_dev_min=1266.0819216258813 std_dev_max=1863.1818850240809
2026-09-30 14:53:01,364 - modules.salary_history - INFO - Looking for salary history:, ('software_it', 'junior')
2026-09-30 14:53:01,364 - modules.salary_history - INFO - Salary lookup: ('software_it', 'junior'), count_min=318 count_max=318 avg_min=6835.6163522012575 avg_max=9213.905660377359 median_min=6500.0 median_max=8750.0 std_dev_min=1693.5370236452802 std_dev_max=2162.1758648563323
2026-09-30 14:53:01,368 - modules.salary_history - INFO - Looking for salary history:, ('software_it', 'mid')
2026-09-30 14:53:01,369 - modules.salary_history - INFO - Salary lookup: ('software_it', 'mid'), count_min=505 count_max=505 avg_min=8676.440264026403 avg_max=12354.390099009901 median_min=7450.0 median_max=11100.0 std_dev_min=3595.8981301534177 std_dev_max=4288.264336088859
2026-09-30 14:53:01,374 - modules.salary_history - INFO - Looking for salary history:, ('data_analytics', 'intern')
2026-09-30 14:53:01,374 - modules.salary_history - INFO - Salary lookup: ('data_analytics', 'intern'), count_min=60 count_max=60 avg_min=10345.76 avg_max=10370.76 median_min=11000.0 median_max=11000.0 std_dev_min=1816.906807419538 std_dev_max=1756.687418361761
2026-09-30 14:53:01,378 - modules.salary_history - INFO - Looking for salary history:, ('data_analytics', 'senior')
2026-09-30 14:53:01,379 - modules.salary_history - INFO - Salary lookup: ('data_analytics', 'senior'), count_min=147 count_max=147 avg_min=14075.659863945579 avg_max=22422.34693877551 median_min=12833.0 median_max=22400.0 std_dev_min=3546.299007506042 std_dev_max=2954.6965786624764
2026-09-30 14:53:01,383 - modules.salary_history - INFO - Looking for salary history:, ('data_analytics', 'senior')
2026-09-30 14:53:01,383 - modules.salary_history - INFO - Salary lookup: ('data_analytics', 'senior'), count_min=147 count_max=147 avg_min=14075.659863945579 avg_max=22422.34693877551 median_min=12833.0 median_max=22400.0 std_dev_min=3546.299007506042 std_dev_max=2954.6965786624764
2026-09-30 14:53:01,387 - modules.salary_history - INFO - Looking for salary history:, ('data_analytics', 'mid')
2026-09-30 14:53:01,388 - modules.salary_history - INFO - Salary lookup: ('data_analytics', 'mid'), count_min=2127 count_max=2127 avg_min=9315.26531891553 avg_max=15317.084782949381 median_min=9000.0 median_max=16000.0 std_dev_min=2578.855395744559 std_dev_max=3929.014794237795
2026-09-30 14:53:01,391 - modules.salary_history - INFO - Looking for salary history:, ('logistics_supply_chain', 'intern')
2026-09-30 14:53:01,391 - modules.salary_history - INFO - Salary lookup: ('logistics_supply_chain', 'intern'), count_min=37 count_max=37 avg_min=6161.405405405405 avg_max=7028.4324324324325 median_min=5720.0 median_max=6470.0 std_dev_min=904.9406198892419 std_dev_max=1222.3432992171804
2026-09-30 14:53:01,394 - modules.salary_history - INFO - Looking for salary history:, ('software_it', 'mid')
2026-09-30 14:53:01,395 - modules.salary_history - INFO - Salary lookup: ('software_it', 'mid'), count_min=505 count_max=505 avg_min=8676.440264026403 avg_max=12354.390099009901 median_min=7450.0 median_max=11100.0 std_dev_min=3595.8981301534177 std_dev_max=4288.264336088859
2026-09-30 14:53:01,400 - modules.salary_history - INFO - Looking for salary history:, ('engineering_production', 'mid')
2026-09-30 14:53:01,401 - modules.salary_history - INFO - Salary lookup: ('engineering_production', 'mid'), count_min=162 count_max=162 avg_min=6460.123456790124 avg_max=9375.061728395061 median_min=6000.0 median_max=9000.0 std_dev_min=1832.4710898736598 std_dev_max=2557.960233305465
2026-09-30 14:53:01,404 - modules.salary_history - INFO - Looking for salary history:, ('software_it', 'mid')
2026-09-30 14:53:01,405 - modules.salary_history - INFO - Salary lookup: ('software_it', 'mid'), count_min=505 count_max=505 avg_min=8676.440264026403 avg_max=12354.390099009901 median_min=7450.0 median_max=11100.0 std_dev_min=3595.8981301534177 std_dev_max=4288.264336088859
2026-09-30 14:53:01,408 - modules.salary_history - INFO - Looking for salary history:, ('hr', 'mid')
2026-09-30 14:53:01,408 - modules.salary_history - INFO - Salary lookup: ('hr', 'mid'), count_min=191 count_max=191 avg_min=6673.507853403142 avg_max=9544.397905759162 median_min=6600.0 median_max=9500.0 std_dev_min=682.5522911844611 std_dev_max=1038.3456116624893
2026-09-30 14:53:01,411 - modules.salary_history - INFO - Looking for salary history:, ('software_it', 'junior')
2026-09-30 14:53:01,411 - modules.salary_history - INFO - Salary lookup: ('software_it', 'junior'), count_min=318 count_max=318 avg_min=6835.6163522012575 avg_max=9213.905660377359 median_min=6500.0 median_max=8750.0 std_dev_min=1693.5370236452802 std_dev_max=2162.1758648563323
2026-09-30 14:53:01,414 - modules.salary_history - INFO - Looking for salary history:, ('administration', 'senior')
2026-09-30 14:53:01,414 - modules.salary_history - INFO - Salary lookup: ('administration', 'senior'), count_min=8 count_max=8 avg_min=7250.0 avg_max=9925.0 median_min=7000.0 median_max=9400.0 std_dev_min=1164.964745021435 std_dev_max=2108.3168642308015
2026-09-30 14:53:01,421 - modules.salary_history - INFO - Looking for salary history:, ('project_management', 'junior')
2026-09-30 14:53:01,421 - modules.salary_history - INFO - Salary lookup: ('project_management', 'junior'), count_min=61 count_max=61 avg_min=5889.836065573771 avg_max=7457.377049180328 median_min=5500.0 median_max=7000.0 std_dev_min=1751.7139148115089 std_dev_max=1975.2180484184055
2026-09-30 14:53:01,424 - modules.salary_history - INFO - Looking for salary history:, ('procurement', 'junior')
2026-09-30 14:53:01,425 - modules.salary_history - INFO - Salary lookup: ('procurement', 'junior'), count_min=141 count_max=141 avg_min=6523.404255319149 avg_max=8736.170212765957 median_min=6500.0 median_max=8500.0 std_dev_min=657.4450871009619 std_dev_max=1202.4544301282083
2026-09-30 14:53:01,428 - modules.salary_history - INFO - Looking for salary history:, ('procurement', 'mid')
2026-09-30 14:53:01,428 - modules.salary_history - INFO - Salary lookup: ('procurement', 'mid'), count_min=350 count_max=350 avg_min=6694.042857142857 avg_max=9492.102857142858 median_min=6550.0 median_max=9500.0 std_dev_min=1031.9430505003918 std_dev_max=1729.4754693641116
2026-09-30 14:53:01,431 - modules.salary_history - INFO - Looking for salary history:, ('software_it', 'mid')
2026-09-30 14:53:01,431 - modules.salary_history - INFO - Salary lookup: ('software_it', 'mid'), count_min=505 count_max=505 avg_min=8676.440264026403 avg_max=12354.390099009901 median_min=7450.0 median_max=11100.0 std_dev_min=3595.8981301534177 std_dev_max=4288.264336088859
2026-09-30 14:53:01,434 - modules.salary_history - INFO - Looking for salary history:, ('logistics_supply_chain', 'mid')
2026-09-30 14:53:01,434 - modules.salary_history - INFO - Salary lookup: ('logistics_supply_chain', 'mid'), count_min=1142 count_max=1142 avg_min=7061.37302977233 avg_max=9427.69877408056 median_min=7000.0 median_max=8500.0 std_dev_min=1502.211187945818 std_dev_max=5502.350087223172
2026-09-30 14:53:01,437 - modules.salary_history - INFO - Looking for salary history:, ('logistics_supply_chain', 'mid')
2026-09-30 14:53:01,438 - modules.salary_history - INFO - Salary lookup: ('logistics_supply_chain', 'mid'), count_min=1142 count_max=1142 avg_min=7061.37302977233 avg_max=9427.69877408056 median_min=7000.0 median_max=8500.0 std_dev_min=1502.211187945818 std_dev_max=5502.350087223172
2026-09-30 14:53:01,443 - modules.salary_history - INFO - Looking for salary history:, ('software_it', 'mid')
2026-09-30 14:53:01,444 - modules.salary_history - INFO - Salary lookup: ('software_it', 'mid'), count_min=505 count_max=505 avg_min=8676.440264026403 avg_max=12354.390099009901 median_min=7450.0 median_max=11100.0 std_dev_min=3595.8981301534177 std_dev_max=4288.264336088859
2026-09-30 14:53:01,448 - modules.salary_history - INFO - Looking for salary history:, ('software_it', 'senior')
2026-09-30 14:53:01,448 - modules.salary_history - INFO - Salary lookup: ('software_it', 'senior'), count_min=48 count_max=48 avg_min=12662.916666666666 avg_max=18005.694444444445 median_min=7000.0 median_max=14000.0 std_dev_min=9390.36422340619 std_dev_max=9364.09416626977
2026-09-30 14:53:01,451 - modules.salary_history - INFO - Looking for salary history:, ('software_it', 'junior')
2026-09-30 14:53:01,451 - modules.salary_history - INFO - Salary lookup: ('software_it', 'junior'), count_min=318 count_max=318 avg_min=6835.6163522012575 avg_max=9213.905660377359 median_min=6500.0 median_max=8750.0 std_dev_min=1693.5370236452802 std_dev_max=2162.1758648563323
2026-09-30 14:53:01,454 - modules.salary_history - INFO - Looking for salary history:, ('logistics_supply_chain', 'mid')
2026-09-30 14:53:01,454 - modules.salary_history - INFO - Salary lookup: ('logistics_supply_chain', 'mid'), count_min=1142 count_max=1142 avg_min=7061.37302977233 avg_max=9427.69877408056 median_min=7000.0 median_max=8500.0 std_dev_min=1502.211187945818 std_dev_max=5502.350087223172
2026-09-30 14:53:01,458 - modules.salary_history - INFO - Looking for salary history:, ('administration', 'mid')
2026-09-30 14:53:01,458 - modules.salary_history - INFO - Salary lookup: ('administration', 'mid'), count_min=894 count_max=894 avg_min=6190.884787472036 avg_max=7772.890380313199 median_min=6000.0 median_max=7000.0 std_dev_min=1715.7885545983888 std_dev_max=2719.2228332075842
2026-09-30 14:53:01,461 - modules.salary_history - INFO - Looking for salary history:, ('software_it', 'mid')
2026-09-30 14:53:01,461 - modules.salary_history - INFO - Salary lookup: ('software_it', 'mid'), count_min=505 count_max=505 avg_min=8676.440264026403 avg_max=12354.390099009901 median_min=7450.0 median_max=11100.0 std_dev_min=3595.8981301534177 std_dev_max=4288.264336088859
2026-09-30 14:53:01,465 - modules.salary_history - INFO - Looking for salary history:, ('software_it', 'mid')
2026-09-30 14:53:01,465 - modules.salary_history - INFO - Salary lookup: ('software_it', 'mid'), count_min=505 count_max=505 avg_min=8676.440264026403 avg_max=12354.390099009901 median_min=7450.0 median_max=11100.0 std_dev_min=3595.8981301534177 std_dev_max=4288.264336088859
2026-09-30 14:53:01,468 - modules.salary_history - INFO - Looking for salary history:, ('logistics_supply_chain', 'mid')
2026-09-30 14:53:01,468 - modules.salary_history - INFO - Salary lookup: ('logistics_supply_chain', 'mid'), count_min=1142 count_max=1142 avg_min=7061.37302977233 avg_max=9427.69877408056 median_min=7000.0 median_max=8500.0 std_dev_min=1502.211187945818 std_dev_max=5502.350087223172
2026-09-30 14:53:01,476 - modules.salary_history - INFO - Looking for salary history:, ('logistics_supply_chain', 'mid')
2026-09-30 14:53:01,476 - modules.salary_history - INFO - Salary lookup: ('logistics_supply_chain', 'mid'), count_min=1142 count_max=1142 avg_min=7061.37302977233 avg_max=9427.69877408056 median_min=7000.0 median_max=8500.0 std_dev_min=1502.211187945818 std_dev_max=5502.350087223172
2026-09-30 14:53:01,479 - modules.salary_history - INFO - Looking for salary history:, ('legal_compliance_risk', 'junior')
2026-09-30 14:53:01,480 - modules.salary_history - INFO - Salary lookup: ('legal_compliance_risk', 'junior'), count_min=36 count_max=36 avg_min=6231.444444444444 avg_max=8353.666666666666 median_min=6000.0 median_max=7900.0 std_dev_min=1103.5878745371376 std_dev_max=1860.9078276091868
2026-09-30 14:53:01,483 - modules.salary_history - INFO - Looking for salary history:, ('hr', 'mid')
2026-09-30 14:53:01,483 - modules.salary_history - INFO - Salary lookup: ('hr', 'mid'), count_min=191 count_max=191 avg_min=6673.507853403142 avg_max=9544.397905759162 median_min=6600.0 median_max=9500.0 std_dev_min=682.5522911844611 std_dev_max=1038.3456116624893
2026-09-30 14:53:01,487 - modules.salary_history - INFO - Looking for salary history:, ('finance_accounting', 'junior')
2026-09-30 14:53:01,487 - modules.salary_history - INFO - Salary lookup: ('finance_accounting', 'junior'), count_min=696 count_max=696 avg_min=5279.14367816092 avg_max=7454.270114942528 median_min=5000.0 median_max=7500.0 std_dev_min=969.1517388912574 std_dev_max=1463.5155610503543
2026-09-30 14:53:01,492 - modules.salary_history - INFO - Looking for salary history:, ('logistics_supply_chain', 'mid')
2026-09-30 14:53:01,492 - modules.salary_history - INFO - Salary lookup: ('logistics_supply_chain', 'mid'), count_min=1142 count_max=1142 avg_min=7061.37302977233 avg_max=9427.69877408056 median_min=7000.0 median_max=8500.0 std_dev_min=1502.211187945818 std_dev_max=5502.350087223172
2026-09-30 14:53:01,495 - modules.salary_history - INFO - Looking for salary history:, ('legal_compliance_risk', 'mid')
2026-09-30 14:53:01,495 - modules.salary_history - INFO - Salary lookup: ('legal_compliance_risk', 'mid'), count_min=112 count_max=112 avg_min=6901.410714285715 avg_max=9742.57142857143 median_min=6750.0 median_max=9750.0 std_dev_min=2148.6118315710387 std_dev_max=2218.8355915297966
2026-09-30 14:53:01,497 - modules.salary_history - INFO - Looking for salary history:, ('software_it', 'junior')
2026-09-30 14:53:01,498 - modules.salary_history - INFO - Salary lookup: ('software_it', 'junior'), count_min=318 count_max=318 avg_min=6835.6163522012575 avg_max=9213.905660377359 median_min=6500.0 median_max=8750.0 std_dev_min=1693.5370236452802 std_dev_max=2162.1758648563323
2026-09-30 14:53:01,504 - modules.salary_history - INFO - Looking for salary history:, ('marketing', 'mid')
2026-09-30 14:53:01,504 - modules.salary_history - INFO - Salary lookup: ('marketing', 'mid'), count_min=107 count_max=107 avg_min=7885.046728971963 avg_max=10598.130841121496 median_min=8000.0 median_max=10500.0 std_dev_min=1607.3418662979864 std_dev_max=2336.3809018582892
2026-09-30 14:53:01,508 - modules.salary_history - INFO - Looking for salary history:, ('logistics_supply_chain', 'mid')
2026-09-30 14:53:01,508 - modules.salary_history - INFO - Salary lookup: ('logistics_supply_chain', 'mid'), count_min=1142 count_max=1142 avg_min=7061.37302977233 avg_max=9427.69877408056 median_min=7000.0 median_max=8500.0 std_dev_min=1502.211187945818 std_dev_max=5502.350087223172
2026-09-30 14:53:01,511 - modules.salary_history - INFO - Looking for salary history:, ('software_it', 'junior')
2026-09-30 14:53:01,511 - modules.salary_history - INFO - Salary lookup: ('software_it', 'junior'), count_min=318 count_max=318 avg_min=6835.6163522012575 avg_max=9213.905660377359 median_min=6500.0 median_max=8750.0 std_dev_min=1693.5370236452802 std_dev_max=2162.1758648563323
2026-09-30 14:53:01,516 - modules.salary_history - INFO - Looking for salary history:, ('data_analytics', 'junior')
2026-09-30 14:53:01,516 - modules.salary_history - INFO - Salary lookup: ('data_analytics', 'junior'), count_min=831 count_max=831 avg_min=7001.696750902527 avg_max=9231.386281588448 median_min=7000.0 median_max=9100.0 std_dev_min=1524.4586270278216 std_dev_max=1924.9261763355235
2026-09-30 14:53:01,521 - modules.salary_history - INFO - Looking for salary history:, ('logistics_supply_chain', 'mid')
2026-09-30 14:53:01,521 - modules.salary_history - INFO - Salary lookup: ('logistics_supply_chain', 'mid'), count_min=1142 count_max=1142 avg_min=7061.37302977233 avg_max=9427.69877408056 median_min=7000.0 median_max=8500.0 std_dev_min=1502.211187945818 std_dev_max=5502.350087223172
2026-09-30 14:53:01,525 - modules.salary_history - INFO - Looking for salary history:, ('legal_compliance_risk', 'mid')
2026-09-30 14:53:01,525 - modules.salary_history - INFO - Salary lookup: ('legal_compliance_risk', 'mid'), count_min=112 count_max=112 avg_min=6901.410714285715 avg_max=9742.57142857143 median_min=6750.0 median_max=9750.0 std_dev_min=2148.6118315710387 std_dev_max=2218.8355915297966
2026-09-30 14:53:01,528 - modules.salary_history - INFO - Looking for salary history:, ('software_it', 'junior')
2026-09-30 14:53:01,528 - modules.salary_history - INFO - Salary lookup: ('software_it', 'junior'), count_min=318 count_max=318 avg_min=6835.6163522012575 avg_max=9213.905660377359 median_min=6500.0 median_max=8750.0 std_dev_min=1693.5370236452802 std_dev_max=2162.1758648563323
2026-09-30 14:53:01,533 - modules.salary_history - INFO - Looking for salary history:, ('data_analytics', 'junior')
2026-09-30 14:53:01,533 - modules.salary_history - INFO - Salary lookup: ('data_analytics', 'junior'), count_min=831 count_max=831 avg_min=7001.696750902527 avg_max=9231.386281588448 median_min=7000.0 median_max=9100.0 std_dev_min=1524.4586270278216 std_dev_max=1924.9261763355235
2026-09-30 14:53:01,536 - modules.salary_history - INFO - Looking for salary history:, ('logistics_supply_chain', 'mid')
2026-09-30 14:53:01,537 - modules.salary_history - INFO - Salary lookup: ('logistics_supply_chain', 'mid'), count_min=1142 count_max=1142 avg_min=7061.37302977233 avg_max=9427.69877408056 median_min=7000.0 median_max=8500.0 std_dev_min=1502.211187945818 std_dev_max=5502.350087223172
2026-09-30 14:53:01,540 - modules.salary_history - INFO - Looking for salary history:, ('legal_compliance_risk', 'mid')
2026-09-30 14:53:01,541 - modules.salary_history - INFO - Salary lookup: ('legal_compliance_risk', 'mid'), count_min=112 count_max=112 avg_min=6901.410714285715 avg_max=9742.57142857143 median_min=6750.0 median_max=9750.0 std_dev_min=2148.6118315710387 std_dev_max=2218.8355915297966
2026-09-30 14:53:01,543 - modules.salary_history - INFO - Looking for salary history:, ('software_it', 'junior')
2026-09-30 14:53:01,543 - modules.salary_history - INFO - Salary lookup: ('software_it', 'junior'), count_min=318 count_max=318 avg_min=6835.6163522012575 avg_max=9213.905660377359 median_min=6500.0 median_max=8750.0 std_dev_min=1693.5370236452802 std_dev_max=2162.1758648563323
2026-09-30 14:53:01,551 - modules.salary_history - INFO - Looking for salary history:, ('finance_accounting', 'junior')
2026-09-30 14:53:01,551 - modules.salary_history - INFO - Salary lookup: ('finance_accounting', 'junior'), count_min=696 count_max=696 avg_min=5279.14367816092 avg_max=7454.270114942528 median_min=5000.0 median_max=7500.0 std_dev_min=969.1517388912574 std_dev_max=1463.5155610503543
2026-09-30 14:53:01,555 - modules.salary_history - INFO - Looking for salary history:, ('finance_accounting', 'junior')
2026-09-30 14:53:01,555 - modules.salary_history - INFO - Salary lookup: ('finance_accounting', 'junior'), count_min=696 count_max=696 avg_min=5279.14367816092 avg_max=7454.270114942528 median_min=5000.0 median_max=7500.0 std_dev_min=969.1517388912574 std_dev_max=1463.5155610503543
2026-09-30 14:53:01,558 - modules.salary_history - INFO - Looking for salary history:, ('software_it', 'junior')
2026-09-30 14:53:01,558 - modules.salary_history - INFO - Salary lookup: ('software_it', 'junior'), count_min=318 count_max=318 avg_min=6835.6163522012575 avg_max=9213.905660377359 median_min=6500.0 median_max=8750.0 std_dev_min=1693.5370236452802 std_dev_max=2162.1758648563323
2026-09-30 14:53:01,563 - modules.salary_history - INFO - Looking for salary history:, ('software_it', 'mid')
2026-09-30 14:53:01,564 - modules.salary_history - INFO - Salary lookup: ('software_it', 'mid'), count_min=505 count_max=505 avg_min=8676.440264026403 avg_max=12354.390099009901 median_min=7450.0 median_max=11100.0 std_dev_min=3595.8981301534177 std_dev_max=4288.264336088859
2026-09-30 14:53:01,569 - modules.salary_history - INFO - Looking for salary history:, ('software_it', 'mid')
2026-09-30 14:53:01,570 - modules.salary_history - INFO - Salary lookup: ('software_it', 'mid'), count_min=505 count_max=505 avg_min=8676.440264026403 avg_max=12354.390099009901 median_min=7450.0 median_max=11100.0 std_dev_min=3595.8981301534177 std_dev_max=4288.264336088859
2026-09-30 14:53:01,574 - modules.salary_history - INFO - Looking for salary history:, ('project_management', 'junior')
2026-09-30 14:53:01,575 - modules.salary_history - INFO - Salary lookup: ('project_management', 'junior'), count_min=61 count_max=61 avg_min=5889.836065573771 avg_max=7457.377049180328 median_min=5500.0 median_max=7000.0 std_dev_min=1751.7139148115089 std_dev_max=1975.2180484184055
2026-09-30 14:53:01,578 - modules.salary_history - INFO - Looking for salary history:, ('software_it', 'junior')
2026-09-30 14:53:01,578 - modules.salary_history - INFO - Salary lookup: ('software_it', 'junior'), count_min=318 count_max=318 avg_min=6835.6163522012575 avg_max=9213.905660377359 median_min=6500.0 median_max=8750.0 std_dev_min=1693.5370236452802 std_dev_max=2162.1758648563323
2026-09-30 14:53:01,584 - modules.salary_history - INFO - Looking for salary history:, ('project_management', 'manager')
2026-09-30 14:53:01,584 - modules.salary_history - INFO - Salary lookup: ('project_management', 'manager'), count_min=35 count_max=35 avg_min=8704.57142857143 avg_max=15853.142857142857 median_min=6000.0 median_max=14000.0 std_dev_min=5560.799954543751 std_dev_max=5877.136042940208
2026-09-30 14:53:01,588 - modules.salary_history - INFO - Looking for salary history:, ('project_management', 'manager')
2026-09-30 14:53:01,588 - modules.salary_history - INFO - Salary lookup: ('project_management', 'manager'), count_min=35 count_max=35 avg_min=8704.57142857143 avg_max=15853.142857142857 median_min=6000.0 median_max=14000.0 std_dev_min=5560.799954543751 std_dev_max=5877.136042940208
2026-09-30 14:53:01,592 - modules.salary_history - INFO - Looking for salary history:, ('project_management', 'manager')
2026-09-30 14:53:01,592 - modules.salary_history - INFO - Salary lookup: ('project_management', 'manager'), count_min=35 count_max=35 avg_min=8704.57142857143 avg_max=15853.142857142857 median_min=6000.0 median_max=14000.0 std_dev_min=5560.799954543751 std_dev_max=5877.136042940208
2026-09-30 14:53:01,595 - modules.salary_history - INFO - Looking for salary history:, ('project_management', 'manager')
2026-09-30 14:53:01,595 - modules.salary_history - INFO - Salary lookup: ('project_management', 'manager'), count_min=35 count_max=35 avg_min=8704.57142857143 avg_max=15853.142857142857 median_min=6000.0 median_max=14000.0 std_dev_min=5560.799954543751 std_dev_max=5877.136042940208
2026-09-30 14:53:01,597 - modules.salary_history - INFO - Looking for salary history:, ('software_it', 'junior')
2026-09-30 14:53:01,598 - modules.salary_history - INFO - Salary lookup: ('software_it', 'junior'), count_min=318 count_max=318 avg_min=6835.6163522012575 avg_max=9213.905660377359 median_min=6500.0 median_max=8750.0 std_dev_min=1693.5370236452802 std_dev_max=2162.1758648563323
2026-09-30 14:53:01,605 - modules.salary_history - INFO - Looking for salary history:, ('data_analytics', 'junior')
2026-09-30 14:53:01,605 - modules.salary_history - INFO - Salary lookup: ('data_analytics', 'junior'), count_min=831 count_max=831 avg_min=7001.696750902527 avg_max=9231.386281588448 median_min=7000.0 median_max=9100.0 std_dev_min=1524.4586270278216 std_dev_max=1924.9261763355235
2026-09-30 14:53:01,608 - modules.salary_history - INFO - Looking for salary history:, ('software_it', 'junior')
2026-09-30 14:53:01,609 - modules.salary_history - INFO - Salary lookup: ('software_it', 'junior'), count_min=318 count_max=318 avg_min=6835.6163522012575 avg_max=9213.905660377359 median_min=6500.0 median_max=8750.0 std_dev_min=1693.5370236452802 std_dev_max=2162.1758648563323
2026-09-30 14:53:01,614 - modules.salary_history - INFO - Looking for salary history:, ('data_analytics', 'junior')
2026-09-30 14:53:01,614 - modules.salary_history - INFO - Salary lookup: ('data_analytics', 'junior'), count_min=831 count_max=831 avg_min=7001.696750902527 avg_max=9231.386281588448 median_min=7000.0 median_max=9100.0 std_dev_min=1524.4586270278216 std_dev_max=1924.9261763355235
2026-09-30 14:53:01,618 - modules.salary_history - INFO - Looking for salary history:, ('software_it', 'mid')
2026-09-30 14:53:01,618 - modules.salary_history - INFO - Salary lookup: ('software_it', 'mid'), count_min=505 count_max=505 avg_min=8676.440264026403 avg_max=12354.390099009901 median_min=7450.0 median_max=11100.0 std_dev_min=3595.8981301534177 std_dev_max=4288.264336088859
2026-09-30 14:53:01,622 - modules.salary_history - INFO - Looking for salary history:, ('software_it', 'mid')
2026-09-30 14:53:01,622 - modules.salary_history - INFO - Salary lookup: ('software_it', 'mid'), count_min=505 count_max=505 avg_min=8676.440264026403 avg_max=12354.390099009901 median_min=7450.0 median_max=11100.0 std_dev_min=3595.8981301534177 std_dev_max=4288.264336088859
2026-09-30 14:53:01,625 - modules.salary_history - INFO - Looking for salary history:, ('administration', 'senior')
2026-09-30 14:53:01,626 - modules.salary_history - INFO - Salary lookup: ('administration', 'senior'), count_min=8 count_max=8 avg_min=7250.0 avg_max=9925.0 median_min=7000.0 median_max=9400.0 std_dev_min=1164.964745021435 std_dev_max=2108.3168642308015
2026-09-30 14:53:01,629 - modules.salary_history - INFO - Looking for salary history:, ('it_support', 'mid')
2026-09-30 14:53:01,629 - modules.salary_history - INFO - Salary lookup: ('it_support', 'mid'), count_min=130 count_max=130 avg_min=6961.4384615384615 avg_max=9987.030769230769 median_min=7000.0 median_max=10000.0 std_dev_min=1171.6752996507046 std_dev_max=2041.5886994325194
2026-09-30 14:53:01,632 - modules.salary_history - INFO - Looking for salary history:, ('legal_compliance_risk', 'mid')
2026-09-30 14:53:01,632 - modules.salary_history - INFO - Salary lookup: ('legal_compliance_risk', 'mid'), count_min=112 count_max=112 avg_min=6901.410714285715 avg_max=9742.57142857143 median_min=6750.0 median_max=9750.0 std_dev_min=2148.6118315710387 std_dev_max=2218.8355915297966
2026-09-30 14:53:01,635 - modules.salary_history - INFO - Looking for salary history:, ('software_it', 'mid')
2026-09-30 14:53:01,636 - modules.salary_history - INFO - Salary lookup: ('software_it', 'mid'), count_min=505 count_max=505 avg_min=8676.440264026403 avg_max=12354.390099009901 median_min=7450.0 median_max=11100.0 std_dev_min=3595.8981301534177 std_dev_max=4288.264336088859
2026-09-30 14:53:01,640 - modules.salary_history - INFO - Looking for salary history:, ('software_it', 'mid')
2026-09-30 14:53:01,640 - modules.salary_history - INFO - Salary lookup: ('software_it', 'mid'), count_min=505 count_max=505 avg_min=8676.440264026403 avg_max=12354.390099009901 median_min=7450.0 median_max=11100.0 std_dev_min=3595.8981301534177 std_dev_max=4288.264336088859
2026-09-30 14:53:01,643 - modules.salary_history - INFO - Looking for salary history:, ('software_it', 'junior')
2026-09-30 14:53:01,643 - modules.salary_history - INFO - Salary lookup: ('software_it', 'junior'), count_min=318 count_max=318 avg_min=6835.6163522012575 avg_max=9213.905660377359 median_min=6500.0 median_max=8750.0 std_dev_min=1693.5370236452802 std_dev_max=2162.1758648563323
2026-09-30 14:53:01,649 - modules.salary_history - INFO - Looking for salary history:, ('data_analytics', 'junior')
2026-09-30 14:53:01,649 - modules.salary_history - INFO - Salary lookup: ('data_analytics', 'junior'), count_min=831 count_max=831 avg_min=7001.696750902527 avg_max=9231.386281588448 median_min=7000.0 median_max=9100.0 std_dev_min=1524.4586270278216 std_dev_max=1924.9261763355235
2026-09-30 14:53:01,653 - modules.salary_history - INFO - Looking for salary history:, ('software_it', 'mid')
2026-09-30 14:53:01,653 - modules.salary_history - INFO - Salary lookup: ('software_it', 'mid'), count_min=505 count_max=505 avg_min=8676.440264026403 avg_max=12354.390099009901 median_min=7450.0 median_max=11100.0 std_dev_min=3595.8981301534177 std_dev_max=4288.264336088859
2026-09-30 14:53:01,657 - modules.salary_history - INFO - Looking for salary history:, ('software_it', 'junior')
2026-09-30 14:53:01,657 - modules.salary_history - INFO - Salary lookup: ('software_it', 'junior'), count_min=318 count_max=318 avg_min=6835.6163522012575 avg_max=9213.905660377359 median_min=6500.0 median_max=8750.0 std_dev_min=1693.5370236452802 std_dev_max=2162.1758648563323
2026-09-30 14:53:01,663 - modules.salary_history - INFO - Looking for salary history:, ('data_analytics', 'junior')
2026-09-30 14:53:01,663 - modules.salary_history - INFO - Salary lookup: ('data_analytics', 'junior'), count_min=831 count_max=831 avg_min=7001.696750902527 avg_max=9231.386281588448 median_min=7000.0 median_max=9100.0 std_dev_min=1524.4586270278216 std_dev_max=1924.9261763355235
2026-09-30 14:53:01,666 - modules.salary_history - INFO - Looking for salary history:, ('software_it', 'mid')
2026-09-30 14:53:01,666 - modules.salary_history - INFO - Salary lookup: ('software_it', 'mid'), count_min=505 count_max=505 avg_min=8676.440264026403 avg_max=12354.390099009901 median_min=7450.0 median_max=11100.0 std_dev_min=3595.8981301534177 std_dev_max=4288.264336088859
2026-09-30 14:53:01,669 - modules.salary_history - INFO - Looking for salary history:, ('software_it', 'mid')
2026-09-30 14:53:01,670 - modules.salary_history - INFO - Salary lookup: ('software_it', 'mid'), count_min=505 count_max=505 avg_min=8676.440264026403 avg_max=12354.390099009901 median_min=7450.0 median_max=11100.0 std_dev_min=3595.8981301534177 std_dev_max=4288.264336088859
2026-09-30 14:53:01,674 - modules.salary_history - INFO - Looking for salary history:, ('it_support', 'mid')
2026-09-30 14:53:01,674 - modules.salary_history - INFO - Salary lookup: ('it_support', 'mid'), count_min=130 count_max=130 avg_min=6961.4384615384615 avg_max=9987.030769230769 median_min=7000.0 median_max=10000.0 std_dev_min=1171.6752996507046 std_dev_max=2041.5886994325194
2026-09-30 14:53:01,677 - modules.salary_history - INFO - Looking for salary history:, ('legal_compliance_risk', 'mid')
2026-09-30 14:53:01,677 - modules.salary_history - INFO - Salary lookup: ('legal_compliance_risk', 'mid'), count_min=112 count_max=112 avg_min=6901.410714285715 avg_max=9742.57142857143 median_min=6750.0 median_max=9750.0 std_dev_min=2148.6118315710387 std_dev_max=2218.8355915297966
2026-09-30 14:53:01,681 - modules.salary_history - INFO - Looking for salary history:, ('data_analytics', 'mid')
2026-09-30 14:53:01,681 - modules.salary_history - INFO - Salary lookup: ('data_analytics', 'mid'), count_min=2127 count_max=2127 avg_min=9315.26531891553 avg_max=15317.084782949381 median_min=9000.0 median_max=16000.0 std_dev_min=2578.855395744559 std_dev_max=3929.014794237795
2026-09-30 14:53:01,685 - modules.salary_history - INFO - Looking for salary history:, ('data_analytics', 'mid')
2026-09-30 14:53:01,685 - modules.salary_history - INFO - Salary lookup: ('data_analytics', 'mid'), count_min=2127 count_max=2127 avg_min=9315.26531891553 avg_max=15317.084782949381 median_min=9000.0 median_max=16000.0 std_dev_min=2578.855395744559 std_dev_max=3929.014794237795
2026-09-30 14:53:01,689 - modules.salary_history - INFO - Looking for salary history:, ('software_it', 'junior')
2026-09-30 14:53:01,689 - modules.salary_history - INFO - Salary lookup: ('software_it', 'junior'), count_min=318 count_max=318 avg_min=6835.6163522012575 avg_max=9213.905660377359 median_min=6500.0 median_max=8750.0 std_dev_min=1693.5370236452802 std_dev_max=2162.1758648563323
2026-09-30 14:53:01,695 - modules.salary_history - INFO - Looking for salary history:, ('data_analytics', 'junior')
2026-09-30 14:53:01,695 - modules.salary_history - INFO - Salary lookup: ('data_analytics', 'junior'), count_min=831 count_max=831 avg_min=7001.696750902527 avg_max=9231.386281588448 median_min=7000.0 median_max=9100.0 std_dev_min=1524.4586270278216 std_dev_max=1924.9261763355235
2026-09-30 14:53:01,698 - modules.salary_history - INFO - Looking for salary history:, ('it_support', 'junior')
2026-09-30 14:53:01,698 - modules.salary_history - INFO - Salary lookup: ('it_support', 'junior'), count_min=73 count_max=73 avg_min=5685.890410958904 avg_max=7214.767123287671 median_min=5500.0 median_max=7000.0 std_dev_min=1266.0819216258813 std_dev_max=1863.1818850240809
2026-09-30 14:53:01,702 - modules.salary_history - INFO - Looking for salary history:, ('finance_accounting', 'mid')
2026-09-30 14:53:01,702 - modules.salary_history - INFO - Salary lookup: ('finance_accounting', 'mid'), count_min=1002 count_max=1002 avg_min=7232.041916167665 avg_max=10088.20359281437 median_min=7000.0 median_max=10000.0 std_dev_min=1511.6394888647312 std_dev_max=1987.2566461052725
2026-09-30 14:53:01,706 - modules.salary_history - INFO - Looking for salary history:, ('data_analytics', 'mid')
2026-09-30 14:53:01,706 - modules.salary_history - INFO - Salary lookup: ('data_analytics', 'mid'), count_min=2127 count_max=2127 avg_min=9315.26531891553 avg_max=15317.084782949381 median_min=9000.0 median_max=16000.0 std_dev_min=2578.855395744559 std_dev_max=3929.014794237795
2026-09-30 14:53:01,709 - modules.salary_history - INFO - Looking for salary history:, ('it_support', 'junior')
2026-09-30 14:53:01,710 - modules.salary_history - INFO - Salary lookup: ('it_support', 'junior'), count_min=73 count_max=73 avg_min=5685.890410958904 avg_max=7214.767123287671 median_min=5500.0 median_max=7000.0 std_dev_min=1266.0819216258813 std_dev_max=1863.1818850240809
2026-09-30 14:53:01,713 - modules.salary_history - INFO - Looking for salary history:, ('procurement', 'junior')
2026-09-30 14:53:01,713 - modules.salary_history - INFO - Salary lookup: ('procurement', 'junior'), count_min=141 count_max=141 avg_min=6523.404255319149 avg_max=8736.170212765957 median_min=6500.0 median_max=8500.0 std_dev_min=657.4450871009619 std_dev_max=1202.4544301282083
2026-09-30 14:53:01,716 - modules.salary_history - INFO - Looking for salary history:, ('administration', 'mid')
2026-09-30 14:53:01,716 - modules.salary_history - INFO - Salary lookup: ('administration', 'mid'), count_min=894 count_max=894 avg_min=6190.884787472036 avg_max=7772.890380313199 median_min=6000.0 median_max=7000.0 std_dev_min=1715.7885545983888 std_dev_max=2719.2228332075842
2026-09-30 14:53:01,719 - modules.salary_history - INFO - Looking for salary history:, ('finance_accounting', 'junior')
2026-09-30 14:53:01,719 - modules.salary_history - INFO - Salary lookup: ('finance_accounting', 'junior'), count_min=696 count_max=696 avg_min=5279.14367816092 avg_max=7454.270114942528 median_min=5000.0 median_max=7500.0 std_dev_min=969.1517388912574 std_dev_max=1463.5155610503543
2026-09-30 14:53:01,723 - modules.salary_history - INFO - Looking for salary history:, ('finance_accounting', 'mid')
2026-09-30 14:53:01,724 - modules.salary_history - INFO - Salary lookup: ('finance_accounting', 'mid'), count_min=1002 count_max=1002 avg_min=7232.041916167665 avg_max=10088.20359281437 median_min=7000.0 median_max=10000.0 std_dev_min=1511.6394888647312 std_dev_max=1987.2566461052725
2026-09-30 14:53:01,726 - modules.salary_history - INFO - Looking for salary history:, ('finance_accounting', 'mid')
2026-09-30 14:53:01,727 - modules.salary_history - INFO - Salary lookup: ('finance_accounting', 'mid'), count_min=1002 count_max=1002 avg_min=7232.041916167665 avg_max=10088.20359281437 median_min=7000.0 median_max=10000.0 std_dev_min=1511.6394888647312 std_dev_max=1987.2566461052725
2026-09-30 14:53:01,730 - modules.salary_history - INFO - Looking for salary history:, ('data_analytics', 'mid')
2026-09-30 14:53:01,730 - modules.salary_history - INFO - Salary lookup: ('data_analytics', 'mid'), count_min=2127 count_max=2127 avg_min=9315.26531891553 avg_max=15317.084782949381 median_min=9000.0 median_max=16000.0 std_dev_min=2578.855395744559 std_dev_max=3929.014794237795
2026-09-30 14:53:01,734 - modules.salary_history - INFO - Looking for salary history:, ('data_analytics', 'mid')
2026-09-30 14:53:01,734 - modules.salary_history - INFO - Salary lookup: ('data_analytics', 'mid'), count_min=2127 count_max=2127 avg_min=9315.26531891553 avg_max=15317.084782949381 median_min=9000.0 median_max=16000.0 std_dev_min=2578.855395744559 std_dev_max=3929.014794237795
2026-09-30 14:53:01,738 - modules.salary_history - INFO - Looking for salary history:, ('finance_accounting', 'mid')
2026-09-30 14:53:01,738 - modules.salary_history - INFO - Salary lookup: ('finance_accounting', 'mid'), count_min=1002 count_max=1002 avg_min=7232.041916167665 avg_max=10088.20359281437 median_min=7000.0 median_max=10000.0 std_dev_min=1511.6394888647312 std_dev_max=1987.2566461052725
2026-09-30 14:53:01,744 - modules.salary_history - INFO - Looking for salary history:, ('data_analytics', 'mid')
2026-09-30 14:53:01,744 - modules.salary_history - INFO - Salary lookup: ('data_analytics', 'mid'), count_min=2127 count_max=2127 avg_min=9315.26531891553 avg_max=15317.084782949381 median_min=9000.0 median_max=16000.0 std_dev_min=2578.855395744559 std_dev_max=3929.014794237795
2026-09-30 14:53:01,747 - modules.salary_history - INFO - Looking for salary history:, ('administration', 'mid')
2026-09-30 14:53:01,747 - modules.salary_history - INFO - Salary lookup: ('administration', 'mid'), count_min=894 count_max=894 avg_min=6190.884787472036 avg_max=7772.890380313199 median_min=6000.0 median_max=7000.0 std_dev_min=1715.7885545983888 std_dev_max=2719.2228332075842
2026-09-30 14:53:01,751 - modules.salary_history - INFO - Looking for salary history:, ('logistics_supply_chain', 'mid')
2026-09-30 14:53:01,752 - modules.salary_history - INFO - Salary lookup: ('logistics_supply_chain', 'mid'), count_min=1142 count_max=1142 avg_min=7061.37302977233 avg_max=9427.69877408056 median_min=7000.0 median_max=8500.0 std_dev_min=1502.211187945818 std_dev_max=5502.350087223172
2026-09-30 14:53:01,759 - modules.salary_history - INFO - Looking for salary history:, ('administration', 'mid')
2026-09-30 14:53:01,759 - modules.salary_history - INFO - Salary lookup: ('administration', 'mid'), count_min=894 count_max=894 avg_min=6190.884787472036 avg_max=7772.890380313199 median_min=6000.0 median_max=7000.0 std_dev_min=1715.7885545983888 std_dev_max=2719.2228332075842
2026-09-30 14:53:01,766 - modules.salary_history - INFO - Looking for salary history:, ('software_it', 'mid')
2026-09-30 14:53:01,767 - modules.salary_history - INFO - Salary lookup: ('software_it', 'mid'), count_min=505 count_max=505 avg_min=8676.440264026403 avg_max=12354.390099009901 median_min=7450.0 median_max=11100.0 std_dev_min=3595.8981301534177 std_dev_max=4288.264336088859
2026-09-30 14:53:01,775 - modules.salary_history - INFO - Looking for salary history:, ('finance_accounting', 'mid')
2026-09-30 14:53:01,775 - modules.salary_history - INFO - Salary lookup: ('finance_accounting', 'mid'), count_min=1002 count_max=1002 avg_min=7232.041916167665 avg_max=10088.20359281437 median_min=7000.0 median_max=10000.0 std_dev_min=1511.6394888647312 std_dev_max=1987.2566461052725
2026-09-30 14:53:01,780 - modules.salary_history - INFO - Looking for salary history:, ('finance_accounting', 'senior')
2026-09-30 14:53:01,781 - modules.salary_history - INFO - Salary lookup: ('finance_accounting', 'senior'), count_min=114 count_max=114 avg_min=8882.982456140351 avg_max=13023.333333333334 median_min=8000.0 median_max=12000.0 std_dev_min=2908.9951827290497 std_dev_max=3768.116749094733
2026-09-30 14:53:01,784 - modules.salary_history - INFO - Looking for salary history:, ('data_analytics', 'mid')
2026-09-30 14:53:01,784 - modules.salary_history - INFO - Salary lookup: ('data_analytics', 'mid'), count_min=2127 count_max=2127 avg_min=9315.26531891553 avg_max=15317.084782949381 median_min=9000.0 median_max=16000.0 std_dev_min=2578.855395744559 std_dev_max=3929.014794237795
2026-09-30 14:53:01,788 - modules.salary_history - INFO - Looking for salary history:, ('data_analytics', 'mid')
2026-09-30 14:53:01,789 - modules.salary_history - INFO - Salary lookup: ('data_analytics', 'mid'), count_min=2127 count_max=2127 avg_min=9315.26531891553 avg_max=15317.084782949381 median_min=9000.0 median_max=16000.0 std_dev_min=2578.855395744559 std_dev_max=3929.014794237795
2026-09-30 14:53:01,794 - modules.salary_history - INFO - Looking for salary history:, ('data_analytics', 'mid')
2026-09-30 14:53:01,794 - modules.salary_history - INFO - Salary lookup: ('data_analytics', 'mid'), count_min=2127 count_max=2127 avg_min=9315.26531891553 avg_max=15317.084782949381 median_min=9000.0 median_max=16000.0 std_dev_min=2578.855395744559 std_dev_max=3929.014794237795
2026-09-30 14:53:01,797 - modules.salary_history - INFO - Looking for salary history:, ('finance_accounting', 'mid')
2026-09-30 14:53:01,798 - modules.salary_history - INFO - Salary lookup: ('finance_accounting', 'mid'), count_min=1002 count_max=1002 avg_min=7232.041916167665 avg_max=10088.20359281437 median_min=7000.0 median_max=10000.0 std_dev_min=1511.6394888647312 std_dev_max=1987.2566461052725
2026-09-30 14:53:01,801 - modules.salary_history - INFO - Looking for salary history:, ('administration', 'mid')
2026-09-30 14:53:01,801 - modules.salary_history - INFO - Salary lookup: ('administration', 'mid'), count_min=894 count_max=894 avg_min=6190.884787472036 avg_max=7772.890380313199 median_min=6000.0 median_max=7000.0 std_dev_min=1715.7885545983888 std_dev_max=2719.2228332075842
2026-09-30 14:53:01,807 - modules.salary_history - INFO - Looking for salary history:, ('data_analytics', 'mid')
2026-09-30 14:53:01,807 - modules.salary_history - INFO - Salary lookup: ('data_analytics', 'mid'), count_min=2127 count_max=2127 avg_min=9315.26531891553 avg_max=15317.084782949381 median_min=9000.0 median_max=16000.0 std_dev_min=2578.855395744559 std_dev_max=3929.014794237795
2026-09-30 14:53:01,810 - modules.salary_history - INFO - Looking for salary history:, ('data_analytics', 'mid')
2026-09-30 14:53:01,811 - modules.salary_history - INFO - Salary lookup: ('data_analytics', 'mid'), count_min=2127 count_max=2127 avg_min=9315.26531891553 avg_max=15317.084782949381 median_min=9000.0 median_max=16000.0 std_dev_min=2578.855395744559 std_dev_max=3929.014794237795
2026-09-30 14:53:01,814 - modules.salary_history - INFO - Looking for salary history:, ('data_analytics', 'mid')
2026-09-30 14:53:01,815 - modules.salary_history - INFO - Salary lookup: ('data_analytics', 'mid'), count_min=2127 count_max=2127 avg_min=9315.26531891553 avg_max=15317.084782949381 median_min=9000.0 median_max=16000.0 std_dev_min=2578.855395744559 std_dev_max=3929.014794237795
2026-09-30 14:53:01,818 - modules.salary_history - INFO - Looking for salary history:, ('data_analytics', 'mid')
2026-09-30 14:53:01,819 - modules.salary_history - INFO - Salary lookup: ('data_analytics', 'mid'), count_min=2127 count_max=2127 avg_min=9315.26531891553 avg_max=15317.084782949381 median_min=9000.0 median_max=16000.0 std_dev_min=2578.855395744559 std_dev_max=3929.014794237795
2026-09-30 14:53:01,822 - modules.salary_history - INFO - Looking for salary history:, ('data_analytics', 'mid')
2026-09-30 14:53:01,822 - modules.salary_history - INFO - Salary lookup: ('data_analytics', 'mid'), count_min=2127 count_max=2127 avg_min=9315.26531891553 avg_max=15317.084782949381 median_min=9000.0 median_max=16000.0 std_dev_min=2578.855395744559 std_dev_max=3929.014794237795
2026-09-30 14:53:01,825 - modules.salary_history - INFO - Looking for salary history:, ('data_analytics', 'senior')
2026-09-30 14:53:01,825 - modules.salary_history - INFO - Salary lookup: ('data_analytics', 'senior'), count_min=147 count_max=147 avg_min=14075.659863945579 avg_max=22422.34693877551 median_min=12833.0 median_max=22400.0 std_dev_min=3546.299007506042 std_dev_max=2954.6965786624764
2026-09-30 14:53:01,830 - modules.salary_history - INFO - Looking for salary history:, ('data_analytics', 'mid')
2026-09-30 14:53:01,830 - modules.salary_history - INFO - Salary lookup: ('data_analytics', 'mid'), count_min=2127 count_max=2127 avg_min=9315.26531891553 avg_max=15317.084782949381 median_min=9000.0 median_max=16000.0 std_dev_min=2578.855395744559 std_dev_max=3929.014794237795
2026-09-30 14:53:01,834 - modules.salary_history - INFO - Looking for salary history:, ('software_it', 'mid')
2026-09-30 14:53:01,834 - modules.salary_history - INFO - Salary lookup: ('software_it', 'mid'), count_min=505 count_max=505 avg_min=8676.440264026403 avg_max=12354.390099009901 median_min=7450.0 median_max=11100.0 std_dev_min=3595.8981301534177 std_dev_max=4288.264336088859
2026-09-30 14:53:01,841 - modules.salary_history - INFO - Looking for salary history:, ('software_it', 'mid')
2026-09-30 14:53:01,842 - modules.salary_history - INFO - Salary lookup: ('software_it', 'mid'), count_min=505 count_max=505 avg_min=8676.440264026403 avg_max=12354.390099009901 median_min=7450.0 median_max=11100.0 std_dev_min=3595.8981301534177 std_dev_max=4288.264336088859
2026-09-30 14:53:01,844 - modules.salary_history - INFO - Looking for salary history:, ('procurement', 'mid')
2026-09-30 14:53:01,845 - modules.salary_history - INFO - Salary lookup: ('procurement', 'mid'), count_min=350 count_max=350 avg_min=6694.042857142857 avg_max=9492.102857142858 median_min=6550.0 median_max=9500.0 std_dev_min=1031.9430505003918 std_dev_max=1729.4754693641116
2026-09-30 14:53:01,847 - modules.salary_history - INFO - Looking for salary history:, ('software_it', 'mid')
2026-09-30 14:53:01,847 - modules.salary_history - INFO - Salary lookup: ('software_it', 'mid'), count_min=505 count_max=505 avg_min=8676.440264026403 avg_max=12354.390099009901 median_min=7450.0 median_max=11100.0 std_dev_min=3595.8981301534177 std_dev_max=4288.264336088859
2026-09-30 14:53:01,850 - modules.salary_history - INFO - Looking for salary history:, ('finance_accounting', 'junior')
2026-09-30 14:53:01,850 - modules.salary_history - INFO - Salary lookup: ('finance_accounting', 'junior'), count_min=696 count_max=696 avg_min=5279.14367816092 avg_max=7454.270114942528 median_min=5000.0 median_max=7500.0 std_dev_min=969.1517388912574 std_dev_max=1463.5155610503543
2026-09-30 14:53:01,852 - modules.salary_history - INFO - Looking for salary history:, ('logistics_supply_chain', 'mid')
2026-09-30 14:53:01,852 - modules.salary_history - INFO - Salary lookup: ('logistics_supply_chain', 'mid'), count_min=1142 count_max=1142 avg_min=7061.37302977233 avg_max=9427.69877408056 median_min=7000.0 median_max=8500.0 std_dev_min=1502.211187945818 std_dev_max=5502.350087223172
2026-09-30 14:53:01,856 - modules.salary_history - INFO - Looking for salary history:, ('logistics_supply_chain', 'manager')
2026-09-30 14:53:01,857 - modules.salary_history - INFO - Salary lookup: ('logistics_supply_chain', 'manager'), count_min=123 count_max=123 avg_min=7410.032520325203 avg_max=12176.991869918698 median_min=7000.0 median_max=11000.0 std_dev_min=2029.6244986428246 std_dev_max=4109.349383100976
2026-09-30 14:53:01,860 - modules.salary_history - INFO - Looking for salary history:, ('administration', 'junior')
2026-09-30 14:53:01,860 - modules.salary_history - INFO - Salary lookup: ('administration', 'junior'), count_min=520 count_max=520 avg_min=5589.9365384615385 avg_max=7111.6442307692305 median_min=5500.0 median_max=7000.0 std_dev_min=782.7420417127731 std_dev_max=1493.4086349778422
2026-09-30 14:53:01,863 - modules.salary_history - INFO - Looking for salary history:, ('logistics_supply_chain', 'junior')
2026-09-30 14:53:01,863 - modules.salary_history - INFO - Salary lookup: ('logistics_supply_chain', 'junior'), count_min=312 count_max=312 avg_min=5309.846153846154 avg_max=6689.733974358975 median_min=5000.0 median_max=6500.0 std_dev_min=671.2836113493227 std_dev_max=1010.0578680691826
2026-09-30 14:53:01,868 - modules.salary_history - INFO - Looking for salary history:, ('hr', 'mid')
2026-09-30 14:53:01,868 - modules.salary_history - INFO - Salary lookup: ('hr', 'mid'), count_min=191 count_max=191 avg_min=6673.507853403142 avg_max=9544.397905759162 median_min=6600.0 median_max=9500.0 std_dev_min=682.5522911844611 std_dev_max=1038.3456116624893
2026-09-30 14:53:01,872 - modules.salary_history - INFO - Looking for salary history:, ('logistics_supply_chain', 'mid')
2026-09-30 14:53:01,873 - modules.salary_history - INFO - Salary lookup: ('logistics_supply_chain', 'mid'), count_min=1142 count_max=1142 avg_min=7061.37302977233 avg_max=9427.69877408056 median_min=7000.0 median_max=8500.0 std_dev_min=1502.211187945818 std_dev_max=5502.350087223172
2026-09-30 14:53:01,876 - modules.salary_history - INFO - Looking for salary history:, ('finance_accounting', 'mid')
2026-09-30 14:53:01,876 - modules.salary_history - INFO - Salary lookup: ('finance_accounting', 'mid'), count_min=1002 count_max=1002 avg_min=7232.041916167665 avg_max=10088.20359281437 median_min=7000.0 median_max=10000.0 std_dev_min=1511.6394888647312 std_dev_max=1987.2566461052725
2026-09-30 14:53:01,879 - modules.salary_history - INFO - Looking for salary history:, ('sales_customer_service', 'mid')
2026-09-30 14:53:01,879 - modules.salary_history - INFO - Salary lookup: ('sales_customer_service', 'mid'), count_min=396 count_max=396 avg_min=5881.416666666667 avg_max=8385.348484848484 median_min=5677.0 median_max=8000.0 std_dev_min=1083.4858632316275 std_dev_max=1805.6980219863158
2026-09-30 14:53:01,882 - modules.salary_history - INFO - Looking for salary history:, ('logistics_supply_chain', 'mid')
2026-09-30 14:53:01,882 - modules.salary_history - INFO - Salary lookup: ('logistics_supply_chain', 'mid'), count_min=1142 count_max=1142 avg_min=7061.37302977233 avg_max=9427.69877408056 median_min=7000.0 median_max=8500.0 std_dev_min=1502.211187945818 std_dev_max=5502.350087223172
2026-09-30 14:53:01,890 - modules.salary_history - INFO - Looking for salary history:, ('administration', 'senior')
2026-09-30 14:53:01,890 - modules.salary_history - INFO - Salary lookup: ('administration', 'senior'), count_min=8 count_max=8 avg_min=7250.0 avg_max=9925.0 median_min=7000.0 median_max=9400.0 std_dev_min=1164.964745021435 std_dev_max=2108.3168642308015
2026-09-30 14:53:01,895 - modules.salary_history - INFO - Looking for salary history:, ('it_support', 'junior')
2026-09-30 14:53:01,895 - modules.salary_history - INFO - Salary lookup: ('it_support', 'junior'), count_min=73 count_max=73 avg_min=5685.890410958904 avg_max=7214.767123287671 median_min=5500.0 median_max=7000.0 std_dev_min=1266.0819216258813 std_dev_max=1863.1818850240809
2026-09-30 14:53:01,902 - modules.salary_history - INFO - Looking for salary history:, ('logistics_supply_chain', 'mid')
2026-09-30 14:53:01,902 - modules.salary_history - INFO - Salary lookup: ('logistics_supply_chain', 'mid'), count_min=1142 count_max=1142 avg_min=7061.37302977233 avg_max=9427.69877408056 median_min=7000.0 median_max=8500.0 std_dev_min=1502.211187945818 std_dev_max=5502.350087223172
2026-09-30 14:53:01,907 - modules.salary_history - INFO - Looking for salary history:, ('software_it', 'mid')
2026-09-30 14:53:01,907 - modules.salary_history - INFO - Salary lookup: ('software_it', 'mid'), count_min=505 count_max=505 avg_min=8676.440264026403 avg_max=12354.390099009901 median_min=7450.0 median_max=11100.0 std_dev_min=3595.8981301534177 std_dev_max=4288.264336088859
2026-09-30 14:53:01,911 - modules.salary_history - INFO - Looking for salary history:, ('procurement', 'junior')
2026-09-30 14:53:01,911 - modules.salary_history - INFO - Salary lookup: ('procurement', 'junior'), count_min=141 count_max=141 avg_min=6523.404255319149 avg_max=8736.170212765957 median_min=6500.0 median_max=8500.0 std_dev_min=657.4450871009619 std_dev_max=1202.4544301282083
2026-09-30 14:53:01,914 - modules.salary_history - INFO - Looking for salary history:, ('hr', 'junior')
2026-09-30 14:53:01,914 - modules.salary_history - INFO - Salary lookup: ('hr', 'junior'), count_min=97 count_max=97 avg_min=5934.639175257732 avg_max=6970.103092783505 median_min=6000.0 median_max=7000.0 std_dev_min=368.3353936282973 std_dev_max=654.0204106864721
2026-09-30 14:53:01,917 - modules.salary_history - INFO - Looking for salary history:, ('software_it', 'junior')
2026-09-30 14:53:01,918 - modules.salary_history - INFO - Salary lookup: ('software_it', 'junior'), count_min=318 count_max=318 avg_min=6835.6163522012575 avg_max=9213.905660377359 median_min=6500.0 median_max=8750.0 std_dev_min=1693.5370236452802 std_dev_max=2162.1758648563323
2026-09-30 14:53:01,921 - modules.salary_history - INFO - Looking for salary history:, ('data_analytics', 'mid')
2026-09-30 14:53:01,921 - modules.salary_history - INFO - Salary lookup: ('data_analytics', 'mid'), count_min=2127 count_max=2127 avg_min=9315.26531891553 avg_max=15317.084782949381 median_min=9000.0 median_max=16000.0 std_dev_min=2578.855395744559 std_dev_max=3929.014794237795
2026-09-30 14:53:01,925 - modules.salary_history - INFO - Looking for salary history:, ('finance_accounting', 'mid')
2026-09-30 14:53:01,925 - modules.salary_history - INFO - Salary lookup: ('finance_accounting', 'mid'), count_min=1002 count_max=1002 avg_min=7232.041916167665 avg_max=10088.20359281437 median_min=7000.0 median_max=10000.0 std_dev_min=1511.6394888647312 std_dev_max=1987.2566461052725
2026-09-30 14:53:01,928 - modules.salary_history - INFO - Looking for salary history:, ('logistics_supply_chain', 'junior')
2026-09-30 14:53:01,928 - modules.salary_history - INFO - Salary lookup: ('logistics_supply_chain', 'junior'), count_min=312 count_max=312 avg_min=5309.846153846154 avg_max=6689.733974358975 median_min=5000.0 median_max=6500.0 std_dev_min=671.2836113493227 std_dev_max=1010.0578680691826
2026-09-30 14:53:01,934 - modules.salary_history - INFO - Looking for salary history:, ('software_it', 'junior')
2026-09-30 14:53:01,934 - modules.salary_history - INFO - Salary lookup: ('software_it', 'junior'), count_min=318 count_max=318 avg_min=6835.6163522012575 avg_max=9213.905660377359 median_min=6500.0 median_max=8750.0 std_dev_min=1693.5370236452802 std_dev_max=2162.1758648563323
2026-09-30 14:53:01,938 - modules.salary_history - INFO - Looking for salary history:, ('software_it', 'junior')
2026-09-30 14:53:01,938 - modules.salary_history - INFO - Salary lookup: ('software_it', 'junior'), count_min=318 count_max=318 avg_min=6835.6163522012575 avg_max=9213.905660377359 median_min=6500.0 median_max=8750.0 std_dev_min=1693.5370236452802 std_dev_max=2162.1758648563323
2026-09-30 14:53:01,942 - modules.salary_history - INFO - Looking for salary history:, ('administration', 'mid')
2026-09-30 14:53:01,942 - modules.salary_history - INFO - Salary lookup: ('administration', 'mid'), count_min=894 count_max=894 avg_min=6190.884787472036 avg_max=7772.890380313199 median_min=6000.0 median_max=7000.0 std_dev_min=1715.7885545983888 std_dev_max=2719.2228332075842
2026-09-30 14:53:01,945 - modules.salary_history - INFO - Looking for salary history:, ('administration', 'mid')
2026-09-30 14:53:01,945 - modules.salary_history - INFO - Salary lookup: ('administration', 'mid'), count_min=894 count_max=894 avg_min=6190.884787472036 avg_max=7772.890380313199 median_min=6000.0 median_max=7000.0 std_dev_min=1715.7885545983888 std_dev_max=2719.2228332075842
2026-09-30 14:53:01,948 - modules.salary_history - INFO - Looking for salary history:, ('data_analytics', 'junior')
2026-09-30 14:53:01,948 - modules.salary_history - INFO - Salary lookup: ('data_analytics', 'junior'), count_min=831 count_max=831 avg_min=7001.696750902527 avg_max=9231.386281588448 median_min=7000.0 median_max=9100.0 std_dev_min=1524.4586270278216 std_dev_max=1924.9261763355235
2026-09-30 14:53:01,953 - modules.salary_history - INFO - Looking for salary history:, ('administration', 'mid')
2026-09-30 14:53:01,953 - modules.salary_history - INFO - Salary lookup: ('administration', 'mid'), count_min=894 count_max=894 avg_min=6190.884787472036 avg_max=7772.890380313199 median_min=6000.0 median_max=7000.0 std_dev_min=1715.7885545983888 std_dev_max=2719.2228332075842
2026-09-30 14:53:01,957 - modules.salary_history - INFO - Looking for salary history:, ('logistics_supply_chain', 'manager')
2026-09-30 14:53:01,957 - modules.salary_history - INFO - Salary lookup: ('logistics_supply_chain', 'manager'), count_min=123 count_max=123 avg_min=7410.032520325203 avg_max=12176.991869918698 median_min=7000.0 median_max=11000.0 std_dev_min=2029.6244986428246 std_dev_max=4109.349383100976
2026-09-30 14:53:01,960 - modules.salary_history - INFO - Looking for salary history:, ('administration', 'junior')
2026-09-30 14:53:01,961 - modules.salary_history - INFO - Salary lookup: ('administration', 'junior'), count_min=520 count_max=520 avg_min=5589.9365384615385 avg_max=7111.6442307692305 median_min=5500.0 median_max=7000.0 std_dev_min=782.7420417127731 std_dev_max=1493.4086349778422
2026-09-30 14:53:01,963 - modules.salary_history - INFO - Looking for salary history:, ('logistics_supply_chain', 'mid')
2026-09-30 14:53:01,964 - modules.salary_history - INFO - Salary lookup: ('logistics_supply_chain', 'mid'), count_min=1142 count_max=1142 avg_min=7061.37302977233 avg_max=9427.69877408056 median_min=7000.0 median_max=8500.0 std_dev_min=1502.211187945818 std_dev_max=5502.350087223172
2026-09-30 14:53:01,967 - modules.salary_history - INFO - Looking for salary history:, ('data_analytics', 'mid')
2026-09-30 14:53:01,967 - modules.salary_history - INFO - Salary lookup: ('data_analytics', 'mid'), count_min=2127 count_max=2127 avg_min=9315.26531891553 avg_max=15317.084782949381 median_min=9000.0 median_max=16000.0 std_dev_min=2578.855395744559 std_dev_max=3929.014794237795
2026-09-30 14:53:01,970 - modules.salary_history - INFO - Looking for salary history:, ('software_it', 'mid')
2026-09-30 14:53:01,971 - modules.salary_history - INFO - Salary lookup: ('software_it', 'mid'), count_min=505 count_max=505 avg_min=8676.440264026403 avg_max=12354.390099009901 median_min=7450.0 median_max=11100.0 std_dev_min=3595.8981301534177 std_dev_max=4288.264336088859
2026-09-30 14:53:01,974 - modules.salary_history - INFO - Looking for salary history:, ('finance_accounting', 'mid')
2026-09-30 14:53:01,975 - modules.salary_history - INFO - Salary lookup: ('finance_accounting', 'mid'), count_min=1002 count_max=1002 avg_min=7232.041916167665 avg_max=10088.20359281437 median_min=7000.0 median_max=10000.0 std_dev_min=1511.6394888647312 std_dev_max=1987.2566461052725
2026-09-30 14:53:01,978 - modules.salary_history - INFO - Looking for salary history:, ('administration', 'junior')
2026-09-30 14:53:01,978 - modules.salary_history - INFO - Salary lookup: ('administration', 'junior'), count_min=520 count_max=520 avg_min=5589.9365384615385 avg_max=7111.6442307692305 median_min=5500.0 median_max=7000.0 std_dev_min=782.7420417127731 std_dev_max=1493.4086349778422
2026-09-30 14:53:01,981 - modules.salary_history - INFO - Looking for salary history:, ('software_it', 'senior')
2026-09-30 14:53:01,982 - modules.salary_history - INFO - Salary lookup: ('software_it', 'senior'), count_min=48 count_max=48 avg_min=12662.916666666666 avg_max=18005.694444444445 median_min=7000.0 median_max=14000.0 std_dev_min=9390.36422340619 std_dev_max=9364.09416626977
2026-09-30 14:53:01,985 - modules.salary_history - INFO - Looking for salary history:, ('software_it', 'mid')
2026-09-30 14:53:01,985 - modules.salary_history - INFO - Salary lookup: ('software_it', 'mid'), count_min=505 count_max=505 avg_min=8676.440264026403 avg_max=12354.390099009901 median_min=7450.0 median_max=11100.0 std_dev_min=3595.8981301534177 std_dev_max=4288.264336088859
2026-09-30 14:53:01,988 - modules.salary_history - INFO - Looking for salary history:, ('hr', 'senior')
2026-09-30 14:53:01,988 - modules.salary_history - INFO - Salary lookup: ('hr', 'senior'), count_min=6 count_max=6 avg_min=6500.0 avg_max=7500.0 median_min=6500.0 median_max=7500.0 std_dev_min=0.0 std_dev_max=0.0
2026-09-30 14:53:01,992 - modules.salary_history - INFO - Looking for salary history:, ('procurement', 'junior')
2026-09-30 14:53:01,992 - modules.salary_history - INFO - Salary lookup: ('procurement', 'junior'), count_min=141 count_max=141 avg_min=6523.404255319149 avg_max=8736.170212765957 median_min=6500.0 median_max=8500.0 std_dev_min=657.4450871009619 std_dev_max=1202.4544301282083
2026-09-30 14:53:01,994 - modules.salary_history - INFO - Looking for salary history:, ('logistics_supply_chain', 'mid')
2026-09-30 14:53:01,995 - modules.salary_history - INFO - Salary lookup: ('logistics_supply_chain', 'mid'), count_min=1142 count_max=1142 avg_min=7061.37302977233 avg_max=9427.69877408056 median_min=7000.0 median_max=8500.0 std_dev_min=1502.211187945818 std_dev_max=5502.350087223172
2026-09-30 14:53:01,998 - modules.salary_history - INFO - Looking for salary history:, ('legal_compliance_risk', 'mid')
2026-09-30 14:53:01,998 - modules.salary_history - INFO - Salary lookup: ('legal_compliance_risk', 'mid'), count_min=112 count_max=112 avg_min=6901.410714285715 avg_max=9742.57142857143 median_min=6750.0 median_max=9750.0 std_dev_min=2148.6118315710387 std_dev_max=2218.8355915297966
2026-09-30 14:53:02,001 - modules.salary_history - INFO - Looking for salary history:, ('data_analytics', 'mid')
2026-09-30 14:53:02,001 - modules.salary_history - INFO - Salary lookup: ('data_analytics', 'mid'), count_min=2127 count_max=2127 avg_min=9315.26531891553 avg_max=15317.084782949381 median_min=9000.0 median_max=16000.0 std_dev_min=2578.855395744559 std_dev_max=3929.014794237795
2026-09-30 14:53:02,005 - modules.salary_history - INFO - Looking for salary history:, ('software_it', 'mid')
2026-09-30 14:53:02,005 - modules.salary_history - INFO - Salary lookup: ('software_it', 'mid'), count_min=505 count_max=505 avg_min=8676.440264026403 avg_max=12354.390099009901 median_min=7450.0 median_max=11100.0 std_dev_min=3595.8981301534177 std_dev_max=4288.264336088859
2026-09-30 14:53:02,008 - modules.salary_history - INFO - Looking for salary history:, ('software_it', 'mid')
2026-09-30 14:53:02,008 - modules.salary_history - INFO - Salary lookup: ('software_it', 'mid'), count_min=505 count_max=505 avg_min=8676.440264026403 avg_max=12354.390099009901 median_min=7450.0 median_max=11100.0 std_dev_min=3595.8981301534177 std_dev_max=4288.264336088859
2026-09-30 14:53:02,011 - modules.salary_history - INFO - Looking for salary history:, ('logistics_supply_chain', 'mid')
2026-09-30 14:53:02,012 - modules.salary_history - INFO - Salary lookup: ('logistics_supply_chain', 'mid'), count_min=1142 count_max=1142 avg_min=7061.37302977233 avg_max=9427.69877408056 median_min=7000.0 median_max=8500.0 std_dev_min=1502.211187945818 std_dev_max=5502.350087223172
2026-09-30 14:53:02,014 - modules.salary_history - INFO - Looking for salary history:, ('logistics_supply_chain', 'manager')
2026-09-30 14:53:02,015 - modules.salary_history - INFO - Salary lookup: ('logistics_supply_chain', 'manager'), count_min=123 count_max=123 avg_min=7410.032520325203 avg_max=12176.991869918698 median_min=7000.0 median_max=11000.0 std_dev_min=2029.6244986428246 std_dev_max=4109.349383100976
2026-09-30 14:53:02,018 - modules.salary_history - INFO - Looking for salary history:, ('administration', 'mid')
2026-09-30 14:53:02,018 - modules.salary_history - INFO - Salary lookup: ('administration', 'mid'), count_min=894 count_max=894 avg_min=6190.884787472036 avg_max=7772.890380313199 median_min=6000.0 median_max=7000.0 std_dev_min=1715.7885545983888 std_dev_max=2719.2228332075842
2026-09-30 14:53:02,023 - modules.salary_history - INFO - Looking for salary history:, ('data_analytics', 'junior')
2026-09-30 14:53:02,023 - modules.salary_history - INFO - Salary lookup: ('data_analytics', 'junior'), count_min=831 count_max=831 avg_min=7001.696750902527 avg_max=9231.386281588448 median_min=7000.0 median_max=9100.0 std_dev_min=1524.4586270278216 std_dev_max=1924.9261763355235
2026-09-30 14:53:02,029 - modules.salary_history - INFO - Looking for salary history:, ('software_it', 'junior')
2026-09-30 14:53:02,029 - modules.salary_history - INFO - Salary lookup: ('software_it', 'junior'), count_min=318 count_max=318 avg_min=6835.6163522012575 avg_max=9213.905660377359 median_min=6500.0 median_max=8750.0 std_dev_min=1693.5370236452802 std_dev_max=2162.1758648563323
2026-09-30 14:53:02,032 - modules.salary_history - INFO - Looking for salary history:, ('software_it', 'mid')
2026-09-30 14:53:02,032 - modules.salary_history - INFO - Salary lookup: ('software_it', 'mid'), count_min=505 count_max=505 avg_min=8676.440264026403 avg_max=12354.390099009901 median_min=7450.0 median_max=11100.0 std_dev_min=3595.8981301534177 std_dev_max=4288.264336088859
2026-09-30 14:53:02,035 - modules.salary_history - INFO - Looking for salary history:, ('project_management', 'junior')
2026-09-30 14:53:02,035 - modules.salary_history - INFO - Salary lookup: ('project_management', 'junior'), count_min=61 count_max=61 avg_min=5889.836065573771 avg_max=7457.377049180328 median_min=5500.0 median_max=7000.0 std_dev_min=1751.7139148115089 std_dev_max=1975.2180484184055
2026-09-30 14:53:02,038 - modules.salary_history - INFO - Looking for salary history:, ('administration', 'mid')
2026-09-30 14:53:02,039 - modules.salary_history - INFO - Salary lookup: ('administration', 'mid'), count_min=894 count_max=894 avg_min=6190.884787472036 avg_max=7772.890380313199 median_min=6000.0 median_max=7000.0 std_dev_min=1715.7885545983888 std_dev_max=2719.2228332075842
2026-09-30 14:53:02,042 - modules.salary_history - INFO - Looking for salary history:, ('finance_accounting', 'junior')
2026-09-30 14:53:02,042 - modules.salary_history - INFO - Salary lookup: ('finance_accounting', 'junior'), count_min=696 count_max=696 avg_min=5279.14367816092 avg_max=7454.270114942528 median_min=5000.0 median_max=7500.0 std_dev_min=969.1517388912574 std_dev_max=1463.5155610503543
2026-09-30 14:53:02,045 - modules.salary_history - INFO - Looking for salary history:, ('administration', 'junior')
2026-09-30 14:53:02,045 - modules.salary_history - INFO - Salary lookup: ('administration', 'junior'), count_min=520 count_max=520 avg_min=5589.9365384615385 avg_max=7111.6442307692305 median_min=5500.0 median_max=7000.0 std_dev_min=782.7420417127731 std_dev_max=1493.4086349778422
2026-09-30 14:53:02,048 - modules.salary_history - INFO - Looking for salary history:, ('hr', 'junior')
2026-09-30 14:53:02,048 - modules.salary_history - INFO - Salary lookup: ('hr', 'junior'), count_min=97 count_max=97 avg_min=5934.639175257732 avg_max=6970.103092783505 median_min=6000.0 median_max=7000.0 std_dev_min=368.3353936282973 std_dev_max=654.0204106864721
2026-09-30 14:53:02,057 - modules.salary_history - INFO - Looking for salary history:, ('finance_accounting', 'mid')
2026-09-30 14:53:02,057 - modules.salary_history - INFO - Salary lookup: ('finance_accounting', 'mid'), count_min=1002 count_max=1002 avg_min=7232.041916167665 avg_max=10088.20359281437 median_min=7000.0 median_max=10000.0 std_dev_min=1511.6394888647312 std_dev_max=1987.2566461052725
2026-09-30 14:53:02,060 - modules.salary_history - INFO - Looking for salary history:, ('finance_accounting', 'junior')
2026-09-30 14:53:02,061 - modules.salary_history - INFO - Salary lookup: ('finance_accounting', 'junior'), count_min=696 count_max=696 avg_min=5279.14367816092 avg_max=7454.270114942528 median_min=5000.0 median_max=7500.0 std_dev_min=969.1517388912574 std_dev_max=1463.5155610503543
2026-09-30 14:53:02,064 - modules.salary_history - INFO - Looking for salary history:, ('finance_accounting', 'mid')
2026-09-30 14:53:02,065 - modules.salary_history - INFO - Salary lookup: ('finance_accounting', 'mid'), count_min=1002 count_max=1002 avg_min=7232.041916167665 avg_max=10088.20359281437 median_min=7000.0 median_max=10000.0 std_dev_min=1511.6394888647312 std_dev_max=1987.2566461052725
2026-09-30 14:53:02,068 - modules.salary_history - INFO - Looking for salary history:, ('project_management', 'manager')
2026-09-30 14:53:02,068 - modules.salary_history - INFO - Salary lookup: ('project_management', 'manager'), count_min=35 count_max=35 avg_min=8704.57142857143 avg_max=15853.142857142857 median_min=6000.0 median_max=14000.0 std_dev_min=5560.799954543751 std_dev_max=5877.136042940208
2026-09-30 14:53:02,072 - modules.salary_history - INFO - Looking for salary history:, ('software_it', 'junior')
2026-09-30 14:53:02,072 - modules.salary_history - INFO - Salary lookup: ('software_it', 'junior'), count_min=318 count_max=318 avg_min=6835.6163522012575 avg_max=9213.905660377359 median_min=6500.0 median_max=8750.0 std_dev_min=1693.5370236452802 std_dev_max=2162.1758648563323
2026-09-30 14:53:02,109 - modules.salary_history - INFO - Looking for salary history:, ('hr', 'junior')
2026-09-30 14:53:02,114 - modules.salary_history - INFO - Salary lookup: ('hr', 'junior'), count_min=97 count_max=97 avg_min=5934.639175257732 avg_max=6970.103092783505 median_min=6000.0 median_max=7000.0 std_dev_min=368.3353936282973 std_dev_max=654.0204106864721
2026-09-30 14:53:02,126 - modules.salary_history - INFO - Looking for salary history:, ('administration', 'senior')
2026-09-30 14:53:02,127 - modules.salary_history - INFO - Salary lookup: ('administration', 'senior'), count_min=8 count_max=8 avg_min=7250.0 avg_max=9925.0 median_min=7000.0 median_max=9400.0 std_dev_min=1164.964745021435 std_dev_max=2108.3168642308015
2026-09-30 14:53:02,130 - modules.salary_history - INFO - Looking for salary history:, ('administration', 'mid')
2026-09-30 14:53:02,130 - modules.salary_history - INFO - Salary lookup: ('administration', 'mid'), count_min=894 count_max=894 avg_min=6190.884787472036 avg_max=7772.890380313199 median_min=6000.0 median_max=7000.0 std_dev_min=1715.7885545983888 std_dev_max=2719.2228332075842
2026-09-30 14:53:02,143 - modules.salary_history - INFO - Looking for salary history:, ('logistics_supply_chain', 'mid')
2026-09-30 14:53:02,144 - modules.salary_history - INFO - Salary lookup: ('logistics_supply_chain', 'mid'), count_min=1142 count_max=1142 avg_min=7061.37302977233 avg_max=9427.69877408056 median_min=7000.0 median_max=8500.0 std_dev_min=1502.211187945818 std_dev_max=5502.350087223172
2026-09-30 14:53:02,148 - modules.salary_history - INFO - Looking for salary history:, ('logistics_supply_chain', 'junior')
2026-09-30 14:53:02,149 - modules.salary_history - INFO - Salary lookup: ('logistics_supply_chain', 'junior'), count_min=312 count_max=312 avg_min=5309.846153846154 avg_max=6689.733974358975 median_min=5000.0 median_max=6500.0 std_dev_min=671.2836113493227 std_dev_max=1010.0578680691826
2026-09-30 14:53:02,152 - modules.salary_history - INFO - Looking for salary history:, ('finance_accounting', 'mid')
2026-09-30 14:53:02,152 - modules.salary_history - INFO - Salary lookup: ('finance_accounting', 'mid'), count_min=1002 count_max=1002 avg_min=7232.041916167665 avg_max=10088.20359281437 median_min=7000.0 median_max=10000.0 std_dev_min=1511.6394888647312 std_dev_max=1987.2566461052725
2026-09-30 14:53:02,156 - modules.salary_history - INFO - Looking for salary history:, ('software_it', 'mid')
2026-09-30 14:53:02,156 - modules.salary_history - INFO - Salary lookup: ('software_it', 'mid'), count_min=505 count_max=505 avg_min=8676.440264026403 avg_max=12354.390099009901 median_min=7450.0 median_max=11100.0 std_dev_min=3595.8981301534177 std_dev_max=4288.264336088859
2026-09-30 14:53:02,160 - modules.salary_history - INFO - Looking for salary history:, ('logistics_supply_chain', 'mid')
2026-09-30 14:53:02,160 - modules.salary_history - INFO - Salary lookup: ('logistics_supply_chain', 'mid'), count_min=1142 count_max=1142 avg_min=7061.37302977233 avg_max=9427.69877408056 median_min=7000.0 median_max=8500.0 std_dev_min=1502.211187945818 std_dev_max=5502.350087223172
2026-09-30 14:53:02,163 - modules.salary_history - INFO - Looking for salary history:, ('data_analytics', 'mid')
2026-09-30 14:53:02,163 - modules.salary_history - INFO - Salary lookup: ('data_analytics', 'mid'), count_min=2127 count_max=2127 avg_min=9315.26531891553 avg_max=15317.084782949381 median_min=9000.0 median_max=16000.0 std_dev_min=2578.855395744559 std_dev_max=3929.014794237795
2026-09-30 14:53:02,165 - modules.salary_history - INFO - Looking for salary history:, ('data_analytics', 'mid')
2026-09-30 14:53:02,165 - modules.salary_history - INFO - Salary lookup: ('data_analytics', 'mid'), count_min=2127 count_max=2127 avg_min=9315.26531891553 avg_max=15317.084782949381 median_min=9000.0 median_max=16000.0 std_dev_min=2578.855395744559 std_dev_max=3929.014794237795
2026-09-30 14:53:02,168 - modules.salary_history - INFO - Looking for salary history:, ('data_analytics', 'mid')
2026-09-30 14:53:02,168 - modules.salary_history - INFO - Salary lookup: ('data_analytics', 'mid'), count_min=2127 count_max=2127 avg_min=9315.26531891553 avg_max=15317.084782949381 median_min=9000.0 median_max=16000.0 std_dev_min=2578.855395744559 std_dev_max=3929.014794237795
2026-09-30 14:53:02,171 - modules.salary_history - INFO - Looking for salary history:, ('data_analytics', 'mid')
2026-09-30 14:53:02,172 - modules.salary_history - INFO - Salary lookup: ('data_analytics', 'mid'), count_min=2127 count_max=2127 avg_min=9315.26531891553 avg_max=15317.084782949381 median_min=9000.0 median_max=16000.0 std_dev_min=2578.855395744559 std_dev_max=3929.014794237795
2026-09-30 14:53:02,175 - modules.salary_history - INFO - Looking for salary history:, ('data_analytics', 'senior')
2026-09-30 14:53:02,176 - modules.salary_history - INFO - Salary lookup: ('data_analytics', 'senior'), count_min=147 count_max=147 avg_min=14075.659863945579 avg_max=22422.34693877551 median_min=12833.0 median_max=22400.0 std_dev_min=3546.299007506042 std_dev_max=2954.6965786624764
2026-09-30 14:53:02,179 - modules.salary_history - INFO - Looking for salary history:, ('data_analytics', 'mid')
2026-09-30 14:53:02,179 - modules.salary_history - INFO - Salary lookup: ('data_analytics', 'mid'), count_min=2127 count_max=2127 avg_min=9315.26531891553 avg_max=15317.084782949381 median_min=9000.0 median_max=16000.0 std_dev_min=2578.855395744559 std_dev_max=3929.014794237795
2026-09-30 14:53:02,182 - modules.salary_history - INFO - Looking for salary history:, ('data_analytics', 'mid')
2026-09-30 14:53:02,182 - modules.salary_history - INFO - Salary lookup: ('data_analytics', 'mid'), count_min=2127 count_max=2127 avg_min=9315.26531891553 avg_max=15317.084782949381 median_min=9000.0 median_max=16000.0 std_dev_min=2578.855395744559 std_dev_max=3929.014794237795
2026-09-30 14:53:02,185 - modules.salary_history - INFO - Looking for salary history:, ('legal_compliance_risk', 'mid')
2026-09-30 14:53:02,185 - modules.salary_history - INFO - Salary lookup: ('legal_compliance_risk', 'mid'), count_min=112 count_max=112 avg_min=6901.410714285715 avg_max=9742.57142857143 median_min=6750.0 median_max=9750.0 std_dev_min=2148.6118315710387 std_dev_max=2218.8355915297966
2026-09-30 14:53:02,195 - modules.salary_history - INFO - Looking for salary history:, ('logistics_supply_chain', 'mid')
2026-09-30 14:53:02,195 - modules.salary_history - INFO - Salary lookup: ('logistics_supply_chain', 'mid'), count_min=1142 count_max=1142 avg_min=7061.37302977233 avg_max=9427.69877408056 median_min=7000.0 median_max=8500.0 std_dev_min=1502.211187945818 std_dev_max=5502.350087223172
2026-09-30 14:53:02,198 - modules.salary_history - INFO - Looking for salary history:, ('data_analytics', 'mid')
2026-09-30 14:53:02,198 - modules.salary_history - INFO - Salary lookup: ('data_analytics', 'mid'), count_min=2127 count_max=2127 avg_min=9315.26531891553 avg_max=15317.084782949381 median_min=9000.0 median_max=16000.0 std_dev_min=2578.855395744559 std_dev_max=3929.014794237795
2026-09-30 14:53:02,202 - modules.salary_history - INFO - Looking for salary history:, ('legal_compliance_risk', 'mid')
2026-09-30 14:53:02,202 - modules.salary_history - INFO - Salary lookup: ('legal_compliance_risk', 'mid'), count_min=112 count_max=112 avg_min=6901.410714285715 avg_max=9742.57142857143 median_min=6750.0 median_max=9750.0 std_dev_min=2148.6118315710387 std_dev_max=2218.8355915297966
2026-09-30 14:53:02,206 - modules.salary_history - INFO - Looking for salary history:, ('logistics_supply_chain', 'mid')
2026-09-30 14:53:02,206 - modules.salary_history - INFO - Salary lookup: ('logistics_supply_chain', 'mid'), count_min=1142 count_max=1142 avg_min=7061.37302977233 avg_max=9427.69877408056 median_min=7000.0 median_max=8500.0 std_dev_min=1502.211187945818 std_dev_max=5502.350087223172
2026-09-30 14:53:02,212 - modules.salary_history - INFO - Looking for salary history:, ('data_analytics', 'mid')
2026-09-30 14:53:02,212 - modules.salary_history - INFO - Salary lookup: ('data_analytics', 'mid'), count_min=2127 count_max=2127 avg_min=9315.26531891553 avg_max=15317.084782949381 median_min=9000.0 median_max=16000.0 std_dev_min=2578.855395744559 std_dev_max=3929.014794237795
2026-09-30 14:53:02,215 - modules.salary_history - INFO - Looking for salary history:, ('data_analytics', 'mid')
2026-09-30 14:53:02,215 - modules.salary_history - INFO - Salary lookup: ('data_analytics', 'mid'), count_min=2127 count_max=2127 avg_min=9315.26531891553 avg_max=15317.084782949381 median_min=9000.0 median_max=16000.0 std_dev_min=2578.855395744559 std_dev_max=3929.014794237795
2026-09-30 14:53:02,218 - modules.salary_history - INFO - Looking for salary history:, ('legal_compliance_risk', 'mid')
2026-09-30 14:53:02,218 - modules.salary_history - INFO - Salary lookup: ('legal_compliance_risk', 'mid'), count_min=112 count_max=112 avg_min=6901.410714285715 avg_max=9742.57142857143 median_min=6750.0 median_max=9750.0 std_dev_min=2148.6118315710387 std_dev_max=2218.8355915297966
2026-09-30 14:53:02,221 - modules.salary_history - INFO - Looking for salary history:, ('data_analytics', 'mid')
2026-09-30 14:53:02,222 - modules.salary_history - INFO - Salary lookup: ('data_analytics', 'mid'), count_min=2127 count_max=2127 avg_min=9315.26531891553 avg_max=15317.084782949381 median_min=9000.0 median_max=16000.0 std_dev_min=2578.855395744559 std_dev_max=3929.014794237795
2026-09-30 14:53:02,225 - modules.salary_history - INFO - Looking for salary history:, ('data_analytics', 'mid')
2026-09-30 14:53:02,225 - modules.salary_history - INFO - Salary lookup: ('data_analytics', 'mid'), count_min=2127 count_max=2127 avg_min=9315.26531891553 avg_max=15317.084782949381 median_min=9000.0 median_max=16000.0 std_dev_min=2578.855395744559 std_dev_max=3929.014794237795
2026-09-30 14:53:02,231 - modules.salary_history - INFO - Looking for salary history:, ('legal_compliance_risk', 'mid')
2026-09-30 14:53:02,231 - modules.salary_history - INFO - Salary lookup: ('legal_compliance_risk', 'mid'), count_min=112 count_max=112 avg_min=6901.410714285715 avg_max=9742.57142857143 median_min=6750.0 median_max=9750.0 std_dev_min=2148.6118315710387 std_dev_max=2218.8355915297966
2026-09-30 14:53:02,238 - modules.salary_history - INFO - Looking for salary history:, ('data_analytics', 'mid')
2026-09-30 14:53:02,238 - modules.salary_history - INFO - Salary lookup: ('data_analytics', 'mid'), count_min=2127 count_max=2127 avg_min=9315.26531891553 avg_max=15317.084782949381 median_min=9000.0 median_max=16000.0 std_dev_min=2578.855395744559 std_dev_max=3929.014794237795
2026-09-30 14:53:02,241 - modules.salary_history - INFO - Looking for salary history:, ('data_analytics', 'mid')
2026-09-30 14:53:02,241 - modules.salary_history - INFO - Salary lookup: ('data_analytics', 'mid'), count_min=2127 count_max=2127 avg_min=9315.26531891553 avg_max=15317.084782949381 median_min=9000.0 median_max=16000.0 std_dev_min=2578.855395744559 std_dev_max=3929.014794237795
2026-09-30 14:53:02,245 - modules.salary_history - INFO - Looking for salary history:, ('legal_compliance_risk', 'mid')
2026-09-30 14:53:02,245 - modules.salary_history - INFO - Salary lookup: ('legal_compliance_risk', 'mid'), count_min=112 count_max=112 avg_min=6901.410714285715 avg_max=9742.57142857143 median_min=6750.0 median_max=9750.0 std_dev_min=2148.6118315710387 std_dev_max=2218.8355915297966
2026-09-30 14:53:02,248 - modules.salary_history - INFO - Looking for salary history:, ('data_analytics', 'mid')
2026-09-30 14:53:02,248 - modules.salary_history - INFO - Salary lookup: ('data_analytics', 'mid'), count_min=2127 count_max=2127 avg_min=9315.26531891553 avg_max=15317.084782949381 median_min=9000.0 median_max=16000.0 std_dev_min=2578.855395744559 std_dev_max=3929.014794237795
2026-09-30 14:53:02,251 - modules.salary_history - INFO - Looking for salary history:, ('data_analytics', 'mid')
2026-09-30 14:53:02,252 - modules.salary_history - INFO - Salary lookup: ('data_analytics', 'mid'), count_min=2127 count_max=2127 avg_min=9315.26531891553 avg_max=15317.084782949381 median_min=9000.0 median_max=16000.0 std_dev_min=2578.855395744559 std_dev_max=3929.014794237795
2026-09-30 14:53:02,259 - modules.salary_history - INFO - Looking for salary history:, ('software_it', 'junior')
2026-09-30 14:53:02,259 - modules.salary_history - INFO - Salary lookup: ('software_it', 'junior'), count_min=318 count_max=318 avg_min=6835.6163522012575 avg_max=9213.905660377359 median_min=6500.0 median_max=8750.0 std_dev_min=1693.5370236452802 std_dev_max=2162.1758648563323
2026-09-30 14:53:02,262 - modules.salary_history - INFO - Looking for salary history:, ('data_analytics', 'junior')
2026-09-30 14:53:02,263 - modules.salary_history - INFO - Salary lookup: ('data_analytics', 'junior'), count_min=831 count_max=831 avg_min=7001.696750902527 avg_max=9231.386281588448 median_min=7000.0 median_max=9100.0 std_dev_min=1524.4586270278216 std_dev_max=1924.9261763355235
2026-09-30 14:53:02,266 - modules.salary_history - INFO - Looking for salary history:, ('data_analytics', 'junior')
2026-09-30 14:53:02,266 - modules.salary_history - INFO - Salary lookup: ('data_analytics', 'junior'), count_min=831 count_max=831 avg_min=7001.696750902527 avg_max=9231.386281588448 median_min=7000.0 median_max=9100.0 std_dev_min=1524.4586270278216 std_dev_max=1924.9261763355235
2026-09-30 14:53:02,270 - modules.salary_history - INFO - Looking for salary history:, ('software_it', 'junior')
2026-09-30 14:53:02,270 - modules.salary_history - INFO - Salary lookup: ('software_it', 'junior'), count_min=318 count_max=318 avg_min=6835.6163522012575 avg_max=9213.905660377359 median_min=6500.0 median_max=8750.0 std_dev_min=1693.5370236452802 std_dev_max=2162.1758648563323
2026-09-30 14:53:02,275 - modules.salary_history - INFO - Looking for salary history:, ('data_analytics', 'junior')
2026-09-30 14:53:02,276 - modules.salary_history - INFO - Salary lookup: ('data_analytics', 'junior'), count_min=831 count_max=831 avg_min=7001.696750902527 avg_max=9231.386281588448 median_min=7000.0 median_max=9100.0 std_dev_min=1524.4586270278216 std_dev_max=1924.9261763355235
2026-09-30 14:53:02,279 - modules.salary_history - INFO - Looking for salary history:, ('software_it', 'junior')
2026-09-30 14:53:02,279 - modules.salary_history - INFO - Salary lookup: ('software_it', 'junior'), count_min=318 count_max=318 avg_min=6835.6163522012575 avg_max=9213.905660377359 median_min=6500.0 median_max=8750.0 std_dev_min=1693.5370236452802 std_dev_max=2162.1758648563323
2026-09-30 14:53:02,282 - modules.salary_history - INFO - Looking for salary history:, ('hr', 'manager')
2026-09-30 14:53:02,282 - modules.salary_history - INFO - Salary lookup: ('hr', 'manager'), count_min=1 count_max=1 avg_min=15000.0 avg_max=31700.0 median_min=15000.0 median_max=31700.0 std_dev_min=None std_dev_max=None
2026-09-30 14:53:02,286 - modules.salary_history - INFO - Looking for salary history:, ('project_management', 'manager')
2026-09-30 14:53:02,286 - modules.salary_history - INFO - Salary lookup: ('project_management', 'manager'), count_min=35 count_max=35 avg_min=8704.57142857143 avg_max=15853.142857142857 median_min=6000.0 median_max=14000.0 std_dev_min=5560.799954543751 std_dev_max=5877.136042940208
2026-09-30 14:53:02,290 - modules.salary_history - INFO - Looking for salary history:, ('software_it', 'junior')
2026-09-30 14:53:02,291 - modules.salary_history - INFO - Salary lookup: ('software_it', 'junior'), count_min=318 count_max=318 avg_min=6835.6163522012575 avg_max=9213.905660377359 median_min=6500.0 median_max=8750.0 std_dev_min=1693.5370236452802 std_dev_max=2162.1758648563323
2026-09-30 14:53:02,294 - modules.salary_history - INFO - Looking for salary history:, ('data_analytics', 'junior')
2026-09-30 14:53:02,295 - modules.salary_history - INFO - Salary lookup: ('data_analytics', 'junior'), count_min=831 count_max=831 avg_min=7001.696750902527 avg_max=9231.386281588448 median_min=7000.0 median_max=9100.0 std_dev_min=1524.4586270278216 std_dev_max=1924.9261763355235
2026-09-30 14:53:02,298 - modules.salary_history - INFO - Looking for salary history:, ('software_it', 'senior')
2026-09-30 14:53:02,298 - modules.salary_history - INFO - Salary lookup: ('software_it', 'senior'), count_min=48 count_max=48 avg_min=12662.916666666666 avg_max=18005.694444444445 median_min=7000.0 median_max=14000.0 std_dev_min=9390.36422340619 std_dev_max=9364.09416626977
2026-09-30 14:53:02,305 - modules.salary_history - INFO - Looking for salary history:, ('data_analytics', 'junior')
2026-09-30 14:53:02,305 - modules.salary_history - INFO - Salary lookup: ('data_analytics', 'junior'), count_min=831 count_max=831 avg_min=7001.696750902527 avg_max=9231.386281588448 median_min=7000.0 median_max=9100.0 std_dev_min=1524.4586270278216 std_dev_max=1924.9261763355235
2026-09-30 14:53:02,308 - modules.salary_history - INFO - Looking for salary history:, ('software_it', 'junior')
2026-09-30 14:53:02,308 - modules.salary_history - INFO - Salary lookup: ('software_it', 'junior'), count_min=318 count_max=318 avg_min=6835.6163522012575 avg_max=9213.905660377359 median_min=6500.0 median_max=8750.0 std_dev_min=1693.5370236452802 std_dev_max=2162.1758648563323
2026-09-30 14:53:02,312 - modules.salary_history - INFO - Looking for salary history:, ('data_analytics', 'junior')
2026-09-30 14:53:02,312 - modules.salary_history - INFO - Salary lookup: ('data_analytics', 'junior'), count_min=831 count_max=831 avg_min=7001.696750902527 avg_max=9231.386281588448 median_min=7000.0 median_max=9100.0 std_dev_min=1524.4586270278216 std_dev_max=1924.9261763355235
2026-09-30 14:53:02,315 - modules.salary_history - INFO - Looking for salary history:, ('software_it', 'junior')
2026-09-30 14:53:02,315 - modules.salary_history - INFO - Salary lookup: ('software_it', 'junior'), count_min=318 count_max=318 avg_min=6835.6163522012575 avg_max=9213.905660377359 median_min=6500.0 median_max=8750.0 std_dev_min=1693.5370236452802 std_dev_max=2162.1758648563323
2026-09-30 14:53:02,321 - modules.salary_history - INFO - Looking for salary history:, ('finance_accounting', 'junior')
2026-09-30 14:53:02,322 - modules.salary_history - INFO - Salary lookup: ('finance_accounting', 'junior'), count_min=696 count_max=696 avg_min=5279.14367816092 avg_max=7454.270114942528 median_min=5000.0 median_max=7500.0 std_dev_min=969.1517388912574 std_dev_max=1463.5155610503543
2026-09-30 14:53:02,326 - modules.salary_history - INFO - Looking for salary history:, ('finance_accounting', 'junior')
2026-09-30 14:53:02,326 - modules.salary_history - INFO - Salary lookup: ('finance_accounting', 'junior'), count_min=696 count_max=696 avg_min=5279.14367816092 avg_max=7454.270114942528 median_min=5000.0 median_max=7500.0 std_dev_min=969.1517388912574 std_dev_max=1463.5155610503543
2026-09-30 14:53:02,329 - modules.salary_history - INFO - Looking for salary history:, ('software_it', 'intern')
2026-09-30 14:53:02,329 - modules.salary_history - INFO - Salary lookup: ('software_it', 'intern'), count_min=57 count_max=57 avg_min=5422.0 avg_max=5957.368421052632 median_min=5120.0 median_max=5120.0 std_dev_min=1092.1955607203056 std_dev_max=1954.6305152452264
2026-09-30 14:53:02,332 - modules.salary_history - INFO - Looking for salary history:, ('software_it', 'junior')
2026-09-30 14:53:02,333 - modules.salary_history - INFO - Salary lookup: ('software_it', 'junior'), count_min=318 count_max=318 avg_min=6835.6163522012575 avg_max=9213.905660377359 median_min=6500.0 median_max=8750.0 std_dev_min=1693.5370236452802 std_dev_max=2162.1758648563323
2026-09-30 14:53:02,336 - modules.salary_history - INFO - Looking for salary history:, ('finance_accounting', 'intern')
2026-09-30 14:53:02,336 - modules.salary_history - INFO - Salary lookup: ('finance_accounting', 'intern'), count_min=86 count_max=86 avg_min=6440.232558139535 avg_max=7224.186046511628 median_min=5120.0 median_max=5600.0 std_dev_min=3774.0120566982782 std_dev_max=3798.8433116089363
2026-09-30 14:53:02,340 - modules.salary_history - INFO - Looking for salary history:, ('administration', 'mid')
2026-09-30 14:53:02,341 - modules.salary_history - INFO - Salary lookup: ('administration', 'mid'), count_min=894 count_max=894 avg_min=6190.884787472036 avg_max=7772.890380313199 median_min=6000.0 median_max=7000.0 std_dev_min=1715.7885545983888 std_dev_max=2719.2228332075842
2026-09-30 14:53:02,344 - modules.salary_history - INFO - Looking for salary history:, ('finance_accounting', 'junior')
2026-09-30 14:53:02,344 - modules.salary_history - INFO - Salary lookup: ('finance_accounting', 'junior'), count_min=696 count_max=696 avg_min=5279.14367816092 avg_max=7454.270114942528 median_min=5000.0 median_max=7500.0 std_dev_min=969.1517388912574 std_dev_max=1463.5155610503543
2026-09-30 14:53:02,347 - modules.salary_history - INFO - Looking for salary history:, ('it_support', 'junior')
2026-09-30 14:53:02,348 - modules.salary_history - INFO - Salary lookup: ('it_support', 'junior'), count_min=73 count_max=73 avg_min=5685.890410958904 avg_max=7214.767123287671 median_min=5500.0 median_max=7000.0 std_dev_min=1266.0819216258813 std_dev_max=1863.1818850240809
2026-09-30 14:53:02,355 - modules.salary_history - INFO - Looking for salary history:, ('data_analytics', 'junior')
2026-09-30 14:53:02,355 - modules.salary_history - INFO - Salary lookup: ('data_analytics', 'junior'), count_min=831 count_max=831 avg_min=7001.696750902527 avg_max=9231.386281588448 median_min=7000.0 median_max=9100.0 std_dev_min=1524.4586270278216 std_dev_max=1924.9261763355235
2026-09-30 14:53:02,359 - modules.salary_history - INFO - Looking for salary history:, ('data_analytics', 'junior')
2026-09-30 14:53:02,360 - modules.salary_history - INFO - Salary lookup: ('data_analytics', 'junior'), count_min=831 count_max=831 avg_min=7001.696750902527 avg_max=9231.386281588448 median_min=7000.0 median_max=9100.0 std_dev_min=1524.4586270278216 std_dev_max=1924.9261763355235
2026-09-30 14:53:02,363 - modules.salary_history - INFO - Looking for salary history:, ('data_analytics', 'mid')
2026-09-30 14:53:02,363 - modules.salary_history - INFO - Salary lookup: ('data_analytics', 'mid'), count_min=2127 count_max=2127 avg_min=9315.26531891553 avg_max=15317.084782949381 median_min=9000.0 median_max=16000.0 std_dev_min=2578.855395744559 std_dev_max=3929.014794237795
2026-09-30 14:53:02,366 - modules.salary_history - INFO - Looking for salary history:, ('procurement', 'mid')
2026-09-30 14:53:02,366 - modules.salary_history - INFO - Salary lookup: ('procurement', 'mid'), count_min=350 count_max=350 avg_min=6694.042857142857 avg_max=9492.102857142858 median_min=6550.0 median_max=9500.0 std_dev_min=1031.9430505003918 std_dev_max=1729.4754693641116
2026-09-30 14:53:02,370 - modules.salary_history - INFO - Looking for salary history:, ('software_it', 'senior')
2026-09-30 14:53:02,370 - modules.salary_history - INFO - Salary lookup: ('software_it', 'senior'), count_min=48 count_max=48 avg_min=12662.916666666666 avg_max=18005.694444444445 median_min=7000.0 median_max=14000.0 std_dev_min=9390.36422340619 std_dev_max=9364.09416626977
2026-09-30 14:53:02,375 - modules.salary_history - INFO - Looking for salary history:, ('data_analytics', 'mid')
2026-09-30 14:53:02,375 - modules.salary_history - INFO - Salary lookup: ('data_analytics', 'mid'), count_min=2127 count_max=2127 avg_min=9315.26531891553 avg_max=15317.084782949381 median_min=9000.0 median_max=16000.0 std_dev_min=2578.855395744559 std_dev_max=3929.014794237795
2026-09-30 14:53:02,381 - modules.salary_history - INFO - Looking for salary history:, ('administration', 'mid')
2026-09-30 14:53:02,381 - modules.salary_history - INFO - Salary lookup: ('administration', 'mid'), count_min=894 count_max=894 avg_min=6190.884787472036 avg_max=7772.890380313199 median_min=6000.0 median_max=7000.0 std_dev_min=1715.7885545983888 std_dev_max=2719.2228332075842
2026-09-30 14:53:02,384 - modules.salary_history - INFO - Looking for salary history:, ('it_support', 'intern')
2026-09-30 14:53:02,384 - modules.salary_history - INFO - Salary lookup: ('it_support', 'intern'), count_min=16 count_max=16 avg_min=4900.0 avg_max=5900.0 median_min=4900.0 median_max=5900.0 std_dev_min=182.57418583505537 std_dev_max=182.57418583505537
2026-09-30 14:53:02,389 - modules.salary_history - INFO - Looking for salary history:, ('data_analytics', 'mid')
2026-09-30 14:53:02,389 - modules.salary_history - INFO - Salary lookup: ('data_analytics', 'mid'), count_min=2127 count_max=2127 avg_min=9315.26531891553 avg_max=15317.084782949381 median_min=9000.0 median_max=16000.0 std_dev_min=2578.855395744559 std_dev_max=3929.014794237795
2026-09-30 14:53:02,392 - modules.salary_history - INFO - Looking for salary history:, ('data_analytics', 'junior')
2026-09-30 14:53:02,393 - modules.salary_history - INFO - Salary lookup: ('data_analytics', 'junior'), count_min=831 count_max=831 avg_min=7001.696750902527 avg_max=9231.386281588448 median_min=7000.0 median_max=9100.0 std_dev_min=1524.4586270278216 std_dev_max=1924.9261763355235
2026-09-30 14:53:02,396 - modules.salary_history - INFO - Looking for salary history:, ('data_analytics', 'mid')
2026-09-30 14:53:02,396 - modules.salary_history - INFO - Salary lookup: ('data_analytics', 'mid'), count_min=2127 count_max=2127 avg_min=9315.26531891553 avg_max=15317.084782949381 median_min=9000.0 median_max=16000.0 std_dev_min=2578.855395744559 std_dev_max=3929.014794237795
2026-09-30 14:53:02,399 - modules.salary_history - INFO - Looking for salary history:, ('data_analytics', 'mid')
2026-09-30 14:53:02,399 - modules.salary_history - INFO - Salary lookup: ('data_analytics', 'mid'), count_min=2127 count_max=2127 avg_min=9315.26531891553 avg_max=15317.084782949381 median_min=9000.0 median_max=16000.0 std_dev_min=2578.855395744559 std_dev_max=3929.014794237795
2026-09-30 14:53:02,403 - modules.salary_history - INFO - Looking for salary history:, ('administration', 'mid')
2026-09-30 14:53:02,403 - modules.salary_history - INFO - Salary lookup: ('administration', 'mid'), count_min=894 count_max=894 avg_min=6190.884787472036 avg_max=7772.890380313199 median_min=6000.0 median_max=7000.0 std_dev_min=1715.7885545983888 std_dev_max=2719.2228332075842
2026-09-30 14:53:02,408 - modules.salary_history - INFO - Looking for salary history:, ('data_analytics', 'mid')
2026-09-30 14:53:02,408 - modules.salary_history - INFO - Salary lookup: ('data_analytics', 'mid'), count_min=2127 count_max=2127 avg_min=9315.26531891553 avg_max=15317.084782949381 median_min=9000.0 median_max=16000.0 std_dev_min=2578.855395744559 std_dev_max=3929.014794237795
2026-09-30 14:53:02,414 - modules.salary_history - INFO - Looking for salary history:, ('data_analytics', 'mid')
2026-09-30 14:53:02,414 - modules.salary_history - INFO - Salary lookup: ('data_analytics', 'mid'), count_min=2127 count_max=2127 avg_min=9315.26531891553 avg_max=15317.084782949381 median_min=9000.0 median_max=16000.0 std_dev_min=2578.855395744559 std_dev_max=3929.014794237795
2026-09-30 14:53:02,421 - modules.salary_history - INFO - Looking for salary history:, ('logistics_supply_chain', 'junior')
2026-09-30 14:53:02,421 - modules.salary_history - INFO - Salary lookup: ('logistics_supply_chain', 'junior'), count_min=312 count_max=312 avg_min=5309.846153846154 avg_max=6689.733974358975 median_min=5000.0 median_max=6500.0 std_dev_min=671.2836113493227 std_dev_max=1010.0578680691826
2026-09-30 14:53:02,425 - modules.salary_history - INFO - Looking for salary history:, ('procurement', 'junior')
2026-09-30 14:53:02,425 - modules.salary_history - INFO - Salary lookup: ('procurement', 'junior'), count_min=141 count_max=141 avg_min=6523.404255319149 avg_max=8736.170212765957 median_min=6500.0 median_max=8500.0 std_dev_min=657.4450871009619 std_dev_max=1202.4544301282083
2026-09-30 14:53:02,428 - modules.salary_history - INFO - Looking for salary history:, ('software_it', 'junior')
2026-09-30 14:53:02,429 - modules.salary_history - INFO - Salary lookup: ('software_it', 'junior'), count_min=318 count_max=318 avg_min=6835.6163522012575 avg_max=9213.905660377359 median_min=6500.0 median_max=8750.0 std_dev_min=1693.5370236452802 std_dev_max=2162.1758648563323
2026-09-30 14:53:02,431 - modules.salary_history - INFO - Looking for salary history:, ('data_analytics', 'junior')
2026-09-30 14:53:02,432 - modules.salary_history - INFO - Salary lookup: ('data_analytics', 'junior'), count_min=831 count_max=831 avg_min=7001.696750902527 avg_max=9231.386281588448 median_min=7000.0 median_max=9100.0 std_dev_min=1524.4586270278216 std_dev_max=1924.9261763355235
2026-09-30 14:53:02,434 - modules.salary_history - INFO - Looking for salary history:, ('finance_accounting', 'junior')
2026-09-30 14:53:02,435 - modules.salary_history - INFO - Salary lookup: ('finance_accounting', 'junior'), count_min=696 count_max=696 avg_min=5279.14367816092 avg_max=7454.270114942528 median_min=5000.0 median_max=7500.0 std_dev_min=969.1517388912574 std_dev_max=1463.5155610503543
2026-09-30 14:53:02,446 - modules.salary_history - INFO - Looking for salary history:, ('finance_accounting', 'intern')
2026-09-30 14:53:02,446 - modules.salary_history - INFO - Salary lookup: ('finance_accounting', 'intern'), count_min=86 count_max=86 avg_min=6440.232558139535 avg_max=7224.186046511628 median_min=5120.0 median_max=5600.0 std_dev_min=3774.0120566982782 std_dev_max=3798.8433116089363
2026-09-30 14:53:02,450 - modules.salary_history - INFO - Looking for salary history:, ('software_it', 'junior')
2026-09-30 14:53:02,451 - modules.salary_history - INFO - Salary lookup: ('software_it', 'junior'), count_min=318 count_max=318 avg_min=6835.6163522012575 avg_max=9213.905660377359 median_min=6500.0 median_max=8750.0 std_dev_min=1693.5370236452802 std_dev_max=2162.1758648563323
2026-09-30 14:53:02,455 - modules.salary_history - INFO - Looking for salary history:, ('hr', 'junior')
2026-09-30 14:53:02,456 - modules.salary_history - INFO - Salary lookup: ('hr', 'junior'), count_min=97 count_max=97 avg_min=5934.639175257732 avg_max=6970.103092783505 median_min=6000.0 median_max=7000.0 std_dev_min=368.3353936282973 std_dev_max=654.0204106864721
2026-09-30 14:53:02,459 - modules.salary_history - INFO - Looking for salary history:, ('administration', 'senior')
2026-09-30 14:53:02,459 - modules.salary_history - INFO - Salary lookup: ('administration', 'senior'), count_min=8 count_max=8 avg_min=7250.0 avg_max=9925.0 median_min=7000.0 median_max=9400.0 std_dev_min=1164.964745021435 std_dev_max=2108.3168642308015
2026-09-30 14:53:02,462 - modules.salary_history - INFO - Looking for salary history:, ('administration', 'mid')
2026-09-30 14:53:02,462 - modules.salary_history - INFO - Salary lookup: ('administration', 'mid'), count_min=894 count_max=894 avg_min=6190.884787472036 avg_max=7772.890380313199 median_min=6000.0 median_max=7000.0 std_dev_min=1715.7885545983888 std_dev_max=2719.2228332075842
2026-09-30 14:53:02,467 - modules.salary_history - INFO - Looking for salary history:, ('logistics_supply_chain', 'mid')
2026-09-30 14:53:02,468 - modules.salary_history - INFO - Salary lookup: ('logistics_supply_chain', 'mid'), count_min=1142 count_max=1142 avg_min=7061.37302977233 avg_max=9427.69877408056 median_min=7000.0 median_max=8500.0 std_dev_min=1502.211187945818 std_dev_max=5502.350087223172
2026-09-30 14:53:02,475 - modules.salary_history - INFO - Looking for salary history:, ('procurement', 'mid')
2026-09-30 14:53:02,475 - modules.salary_history - INFO - Salary lookup: ('procurement', 'mid'), count_min=350 count_max=350 avg_min=6694.042857142857 avg_max=9492.102857142858 median_min=6550.0 median_max=9500.0 std_dev_min=1031.9430505003918 std_dev_max=1729.4754693641116
2026-09-30 14:53:02,478 - modules.salary_history - INFO - Looking for salary history:, ('it_support', 'junior')
2026-09-30 14:53:02,478 - modules.salary_history - INFO - Salary lookup: ('it_support', 'junior'), count_min=73 count_max=73 avg_min=5685.890410958904 avg_max=7214.767123287671 median_min=5500.0 median_max=7000.0 std_dev_min=1266.0819216258813 std_dev_max=1863.1818850240809
2026-09-30 14:53:02,481 - modules.salary_history - INFO - Looking for salary history:, ('finance_accounting', 'mid')
2026-09-30 14:53:02,482 - modules.salary_history - INFO - Salary lookup: ('finance_accounting', 'mid'), count_min=1002 count_max=1002 avg_min=7232.041916167665 avg_max=10088.20359281437 median_min=7000.0 median_max=10000.0 std_dev_min=1511.6394888647312 std_dev_max=1987.2566461052725
2026-09-30 14:53:02,485 - modules.salary_history - INFO - Looking for salary history:, ('finance_accounting', 'mid')
2026-09-30 14:53:02,485 - modules.salary_history - INFO - Salary lookup: ('finance_accounting', 'mid'), count_min=1002 count_max=1002 avg_min=7232.041916167665 avg_max=10088.20359281437 median_min=7000.0 median_max=10000.0 std_dev_min=1511.6394888647312 std_dev_max=1987.2566461052725
2026-09-30 14:53:02,489 - modules.salary_history - INFO - Looking for salary history:, ('software_it', 'mid')
2026-09-30 14:53:02,489 - modules.salary_history - INFO - Salary lookup: ('software_it', 'mid'), count_min=505 count_max=505 avg_min=8676.440264026403 avg_max=12354.390099009901 median_min=7450.0 median_max=11100.0 std_dev_min=3595.8981301534177 std_dev_max=4288.264336088859
2026-09-30 14:53:02,492 - modules.salary_history - INFO - Looking for salary history:, ('data_analytics', 'junior')
2026-09-30 14:53:02,493 - modules.salary_history - INFO - Salary lookup: ('data_analytics', 'junior'), count_min=831 count_max=831 avg_min=7001.696750902527 avg_max=9231.386281588448 median_min=7000.0 median_max=9100.0 std_dev_min=1524.4586270278216 std_dev_max=1924.9261763355235
2026-09-30 14:53:02,496 - modules.salary_history - INFO - Looking for salary history:, ('data_analytics', 'junior')
2026-09-30 14:53:02,496 - modules.salary_history - INFO - Salary lookup: ('data_analytics', 'junior'), count_min=831 count_max=831 avg_min=7001.696750902527 avg_max=9231.386281588448 median_min=7000.0 median_max=9100.0 std_dev_min=1524.4586270278216 std_dev_max=1924.9261763355235
2026-09-30 14:53:02,499 - modules.salary_history - INFO - Looking for salary history:, ('logistics_supply_chain', 'mid')
2026-09-30 14:53:02,499 - modules.salary_history - INFO - Salary lookup: ('logistics_supply_chain', 'mid'), count_min=1142 count_max=1142 avg_min=7061.37302977233 avg_max=9427.69877408056 median_min=7000.0 median_max=8500.0 std_dev_min=1502.211187945818 std_dev_max=5502.350087223172
2026-09-30 14:53:02,502 - modules.salary_history - INFO - Looking for salary history:, ('data_analytics', 'junior')
2026-09-30 14:53:02,502 - modules.salary_history - INFO - Salary lookup: ('data_analytics', 'junior'), count_min=831 count_max=831 avg_min=7001.696750902527 avg_max=9231.386281588448 median_min=7000.0 median_max=9100.0 std_dev_min=1524.4586270278216 std_dev_max=1924.9261763355235
2026-09-30 14:53:02,506 - modules.salary_history - INFO - Looking for salary history:, ('data_analytics', 'junior')
2026-09-30 14:53:02,506 - modules.salary_history - INFO - Salary lookup: ('data_analytics', 'junior'), count_min=831 count_max=831 avg_min=7001.696750902527 avg_max=9231.386281588448 median_min=7000.0 median_max=9100.0 std_dev_min=1524.4586270278216 std_dev_max=1924.9261763355235
2026-09-30 14:53:02,510 - modules.salary_history - INFO - Looking for salary history:, ('procurement', 'senior')
2026-09-30 14:53:02,510 - modules.salary_history - INFO - Salary lookup: ('procurement', 'senior'), count_min=6 count_max=6 avg_min=9440.0 avg_max=11995.0 median_min=9440.0 median_max=11995.0 std_dev_min=0.0 std_dev_max=667.240586295528
2026-09-30 14:53:02,513 - modules.salary_history - INFO - Looking for salary history:, ('logistics_supply_chain', 'mid')
2026-09-30 14:53:02,514 - modules.salary_history - INFO - Salary lookup: ('logistics_supply_chain', 'mid'), count_min=1142 count_max=1142 avg_min=7061.37302977233 avg_max=9427.69877408056 median_min=7000.0 median_max=8500.0 std_dev_min=1502.211187945818 std_dev_max=5502.350087223172
2026-09-30 14:53:02,517 - modules.salary_history - INFO - Looking for salary history:, ('it_support', 'mid')
2026-09-30 14:53:02,517 - modules.salary_history - INFO - Salary lookup: ('it_support', 'mid'), count_min=130 count_max=130 avg_min=6961.4384615384615 avg_max=9987.030769230769 median_min=7000.0 median_max=10000.0 std_dev_min=1171.6752996507046 std_dev_max=2041.5886994325194
2026-09-30 14:53:02,520 - modules.salary_history - INFO - Looking for salary history:, ('data_analytics', 'junior')
2026-09-30 14:53:02,520 - modules.salary_history - INFO - Salary lookup: ('data_analytics', 'junior'), count_min=831 count_max=831 avg_min=7001.696750902527 avg_max=9231.386281588448 median_min=7000.0 median_max=9100.0 std_dev_min=1524.4586270278216 std_dev_max=1924.9261763355235
2026-09-30 14:53:02,525 - modules.salary_history - INFO - Looking for salary history:, ('data_analytics', 'junior')
2026-09-30 14:53:02,525 - modules.salary_history - INFO - Salary lookup: ('data_analytics', 'junior'), count_min=831 count_max=831 avg_min=7001.696750902527 avg_max=9231.386281588448 median_min=7000.0 median_max=9100.0 std_dev_min=1524.4586270278216 std_dev_max=1924.9261763355235
2026-09-30 14:53:02,529 - modules.salary_history - INFO - Looking for salary history:, ('finance_accounting', 'mid')
2026-09-30 14:53:02,529 - modules.salary_history - INFO - Salary lookup: ('finance_accounting', 'mid'), count_min=1002 count_max=1002 avg_min=7232.041916167665 avg_max=10088.20359281437 median_min=7000.0 median_max=10000.0 std_dev_min=1511.6394888647312 std_dev_max=1987.2566461052725
2026-09-30 14:53:02,532 - modules.salary_history - INFO - Looking for salary history:, ('finance_accounting', 'mid')
2026-09-30 14:53:02,533 - modules.salary_history - INFO - Salary lookup: ('finance_accounting', 'mid'), count_min=1002 count_max=1002 avg_min=7232.041916167665 avg_max=10088.20359281437 median_min=7000.0 median_max=10000.0 std_dev_min=1511.6394888647312 std_dev_max=1987.2566461052725
2026-09-30 14:53:02,536 - modules.salary_history - INFO - Looking for salary history:, ('software_it', 'mid')
2026-09-30 14:53:02,536 - modules.salary_history - INFO - Salary lookup: ('software_it', 'mid'), count_min=505 count_max=505 avg_min=8676.440264026403 avg_max=12354.390099009901 median_min=7450.0 median_max=11100.0 std_dev_min=3595.8981301534177 std_dev_max=4288.264336088859
2026-09-30 14:53:02,540 - modules.salary_history - INFO - Looking for salary history:, ('data_analytics', 'junior')
2026-09-30 14:53:02,540 - modules.salary_history - INFO - Salary lookup: ('data_analytics', 'junior'), count_min=831 count_max=831 avg_min=7001.696750902527 avg_max=9231.386281588448 median_min=7000.0 median_max=9100.0 std_dev_min=1524.4586270278216 std_dev_max=1924.9261763355235
2026-09-30 14:53:02,543 - modules.salary_history - INFO - Looking for salary history:, ('data_analytics', 'junior')
2026-09-30 14:53:02,543 - modules.salary_history - INFO - Salary lookup: ('data_analytics', 'junior'), count_min=831 count_max=831 avg_min=7001.696750902527 avg_max=9231.386281588448 median_min=7000.0 median_max=9100.0 std_dev_min=1524.4586270278216 std_dev_max=1924.9261763355235
2026-09-30 14:53:02,546 - modules.salary_history - INFO - Looking for salary history:, ('software_it', 'mid')
2026-09-30 14:53:02,547 - modules.salary_history - INFO - Salary lookup: ('software_it', 'mid'), count_min=505 count_max=505 avg_min=8676.440264026403 avg_max=12354.390099009901 median_min=7450.0 median_max=11100.0 std_dev_min=3595.8981301534177 std_dev_max=4288.264336088859
2026-09-30 14:53:02,550 - modules.salary_history - INFO - Looking for salary history:, ('data_analytics', 'junior')
2026-09-30 14:53:02,550 - modules.salary_history - INFO - Salary lookup: ('data_analytics', 'junior'), count_min=831 count_max=831 avg_min=7001.696750902527 avg_max=9231.386281588448 median_min=7000.0 median_max=9100.0 std_dev_min=1524.4586270278216 std_dev_max=1924.9261763355235
2026-09-30 14:53:02,553 - modules.salary_history - INFO - Looking for salary history:, ('data_analytics', 'junior')
2026-09-30 14:53:02,554 - modules.salary_history - INFO - Salary lookup: ('data_analytics', 'junior'), count_min=831 count_max=831 avg_min=7001.696750902527 avg_max=9231.386281588448 median_min=7000.0 median_max=9100.0 std_dev_min=1524.4586270278216 std_dev_max=1924.9261763355235
2026-09-30 14:53:02,558 - modules.salary_history - INFO - Looking for salary history:, ('data_analytics', 'junior')
2026-09-30 14:53:02,558 - modules.salary_history - INFO - Salary lookup: ('data_analytics', 'junior'), count_min=831 count_max=831 avg_min=7001.696750902527 avg_max=9231.386281588448 median_min=7000.0 median_max=9100.0 std_dev_min=1524.4586270278216 std_dev_max=1924.9261763355235
2026-09-30 14:53:02,564 - modules.salary_history - INFO - Looking for salary history:, ('data_analytics', 'junior')
2026-09-30 14:53:02,564 - modules.salary_history - INFO - Salary lookup: ('data_analytics', 'junior'), count_min=831 count_max=831 avg_min=7001.696750902527 avg_max=9231.386281588448 median_min=7000.0 median_max=9100.0 std_dev_min=1524.4586270278216 std_dev_max=1924.9261763355235
2026-09-30 14:53:02,567 - modules.salary_history - INFO - Looking for salary history:, ('data_analytics', 'junior')
2026-09-30 14:53:02,568 - modules.salary_history - INFO - Salary lookup: ('data_analytics', 'junior'), count_min=831 count_max=831 avg_min=7001.696750902527 avg_max=9231.386281588448 median_min=7000.0 median_max=9100.0 std_dev_min=1524.4586270278216 std_dev_max=1924.9261763355235
2026-09-30 14:53:02,571 - modules.salary_history - INFO - Looking for salary history:, ('project_management', 'manager')
2026-09-30 14:53:02,571 - modules.salary_history - INFO - Salary lookup: ('project_management', 'manager'), count_min=35 count_max=35 avg_min=8704.57142857143 avg_max=15853.142857142857 median_min=6000.0 median_max=14000.0 std_dev_min=5560.799954543751 std_dev_max=5877.136042940208
2026-09-30 14:53:02,575 - modules.salary_history - INFO - Looking for salary history:, ('project_management', 'manager')
2026-09-30 14:53:02,575 - modules.salary_history - INFO - Salary lookup: ('project_management', 'manager'), count_min=35 count_max=35 avg_min=8704.57142857143 avg_max=15853.142857142857 median_min=6000.0 median_max=14000.0 std_dev_min=5560.799954543751 std_dev_max=5877.136042940208
2026-09-30 14:53:02,578 - modules.salary_history - INFO - Looking for salary history:, ('project_management', 'manager')
2026-09-30 14:53:02,578 - modules.salary_history - INFO - Salary lookup: ('project_management', 'manager'), count_min=35 count_max=35 avg_min=8704.57142857143 avg_max=15853.142857142857 median_min=6000.0 median_max=14000.0 std_dev_min=5560.799954543751 std_dev_max=5877.136042940208
2026-09-30 14:53:02,581 - modules.salary_history - INFO - Looking for salary history:, ('project_management', 'manager')
2026-09-30 14:53:02,581 - modules.salary_history - INFO - Salary lookup: ('project_management', 'manager'), count_min=35 count_max=35 avg_min=8704.57142857143 avg_max=15853.142857142857 median_min=6000.0 median_max=14000.0 std_dev_min=5560.799954543751 std_dev_max=5877.136042940208
2026-09-30 14:53:02,585 - modules.salary_history - INFO - Looking for salary history:, ('data_analytics', 'junior')
2026-09-30 14:53:02,585 - modules.salary_history - INFO - Salary lookup: ('data_analytics', 'junior'), count_min=831 count_max=831 avg_min=7001.696750902527 avg_max=9231.386281588448 median_min=7000.0 median_max=9100.0 std_dev_min=1524.4586270278216 std_dev_max=1924.9261763355235
2026-09-30 14:53:02,589 - modules.salary_history - INFO - Looking for salary history:, ('data_analytics', 'junior')
2026-09-30 14:53:02,589 - modules.salary_history - INFO - Salary lookup: ('data_analytics', 'junior'), count_min=831 count_max=831 avg_min=7001.696750902527 avg_max=9231.386281588448 median_min=7000.0 median_max=9100.0 std_dev_min=1524.4586270278216 std_dev_max=1924.9261763355235
2026-09-30 14:53:02,593 - modules.salary_history - INFO - Looking for salary history:, ('data_analytics', 'junior')
2026-09-30 14:53:02,593 - modules.salary_history - INFO - Salary lookup: ('data_analytics', 'junior'), count_min=831 count_max=831 avg_min=7001.696750902527 avg_max=9231.386281588448 median_min=7000.0 median_max=9100.0 std_dev_min=1524.4586270278216 std_dev_max=1924.9261763355235
2026-09-30 14:53:02,596 - modules.salary_history - INFO - Looking for salary history:, ('data_analytics', 'junior')
2026-09-30 14:53:02,596 - modules.salary_history - INFO - Salary lookup: ('data_analytics', 'junior'), count_min=831 count_max=831 avg_min=7001.696750902527 avg_max=9231.386281588448 median_min=7000.0 median_max=9100.0 std_dev_min=1524.4586270278216 std_dev_max=1924.9261763355235
2026-09-30 14:53:02,599 - modules.salary_history - INFO - Looking for salary history:, ('data_analytics', 'junior')
2026-09-30 14:53:02,600 - modules.salary_history - INFO - Salary lookup: ('data_analytics', 'junior'), count_min=831 count_max=831 avg_min=7001.696750902527 avg_max=9231.386281588448 median_min=7000.0 median_max=9100.0 std_dev_min=1524.4586270278216 std_dev_max=1924.9261763355235
2026-09-30 14:53:02,604 - modules.salary_history - INFO - Looking for salary history:, ('data_analytics', 'junior')
2026-09-30 14:53:02,604 - modules.salary_history - INFO - Salary lookup: ('data_analytics', 'junior'), count_min=831 count_max=831 avg_min=7001.696750902527 avg_max=9231.386281588448 median_min=7000.0 median_max=9100.0 std_dev_min=1524.4586270278216 std_dev_max=1924.9261763355235
2026-09-30 14:53:02,608 - modules.salary_history - INFO - Looking for salary history:, ('data_analytics', 'junior')
2026-09-30 14:53:02,608 - modules.salary_history - INFO - Salary lookup: ('data_analytics', 'junior'), count_min=831 count_max=831 avg_min=7001.696750902527 avg_max=9231.386281588448 median_min=7000.0 median_max=9100.0 std_dev_min=1524.4586270278216 std_dev_max=1924.9261763355235
2026-09-30 14:53:02,612 - modules.salary_history - INFO - Looking for salary history:, ('software_it', 'mid')
2026-09-30 14:53:02,612 - modules.salary_history - INFO - Salary lookup: ('software_it', 'mid'), count_min=505 count_max=505 avg_min=8676.440264026403 avg_max=12354.390099009901 median_min=7450.0 median_max=11100.0 std_dev_min=3595.8981301534177 std_dev_max=4288.264336088859
2026-09-30 14:53:02,615 - modules.salary_history - INFO - Looking for salary history:, ('software_it', 'mid')
2026-09-30 14:53:02,615 - modules.salary_history - INFO - Salary lookup: ('software_it', 'mid'), count_min=505 count_max=505 avg_min=8676.440264026403 avg_max=12354.390099009901 median_min=7450.0 median_max=11100.0 std_dev_min=3595.8981301534177 std_dev_max=4288.264336088859
2026-09-30 14:53:02,618 - modules.salary_history - INFO - Looking for salary history:, ('software_it', 'mid')
2026-09-30 14:53:02,618 - modules.salary_history - INFO - Salary lookup: ('software_it', 'mid'), count_min=505 count_max=505 avg_min=8676.440264026403 avg_max=12354.390099009901 median_min=7450.0 median_max=11100.0 std_dev_min=3595.8981301534177 std_dev_max=4288.264336088859
2026-09-30 14:53:02,622 - modules.salary_history - INFO - Looking for salary history:, ('software_it', 'mid')
2026-09-30 14:53:02,622 - modules.salary_history - INFO - Salary lookup: ('software_it', 'mid'), count_min=505 count_max=505 avg_min=8676.440264026403 avg_max=12354.390099009901 median_min=7450.0 median_max=11100.0 std_dev_min=3595.8981301534177 std_dev_max=4288.264336088859
2026-09-30 14:53:02,625 - modules.salary_history - INFO - Looking for salary history:, ('software_it', 'mid')
2026-09-30 14:53:02,626 - modules.salary_history - INFO - Salary lookup: ('software_it', 'mid'), count_min=505 count_max=505 avg_min=8676.440264026403 avg_max=12354.390099009901 median_min=7450.0 median_max=11100.0 std_dev_min=3595.8981301534177 std_dev_max=4288.264336088859
2026-09-30 14:53:02,629 - modules.salary_history - INFO - Looking for salary history:, ('software_it', 'mid')
2026-09-30 14:53:02,629 - modules.salary_history - INFO - Salary lookup: ('software_it', 'mid'), count_min=505 count_max=505 avg_min=8676.440264026403 avg_max=12354.390099009901 median_min=7450.0 median_max=11100.0 std_dev_min=3595.8981301534177 std_dev_max=4288.264336088859
2026-09-30 14:53:02,632 - modules.salary_history - INFO - Looking for salary history:, ('software_it', 'mid')
2026-09-30 14:53:02,633 - modules.salary_history - INFO - Salary lookup: ('software_it', 'mid'), count_min=505 count_max=505 avg_min=8676.440264026403 avg_max=12354.390099009901 median_min=7450.0 median_max=11100.0 std_dev_min=3595.8981301534177 std_dev_max=4288.264336088859
2026-09-30 14:53:02,641 - modules.salary_history - INFO - Looking for salary history:, ('software_it', 'mid')
2026-09-30 14:53:02,641 - modules.salary_history - INFO - Salary lookup: ('software_it', 'mid'), count_min=505 count_max=505 avg_min=8676.440264026403 avg_max=12354.390099009901 median_min=7450.0 median_max=11100.0 std_dev_min=3595.8981301534177 std_dev_max=4288.264336088859
2026-09-30 14:53:02,644 - modules.salary_history - INFO - Looking for salary history:, ('software_it', 'mid')
2026-09-30 14:53:02,645 - modules.salary_history - INFO - Salary lookup: ('software_it', 'mid'), count_min=505 count_max=505 avg_min=8676.440264026403 avg_max=12354.390099009901 median_min=7450.0 median_max=11100.0 std_dev_min=3595.8981301534177 std_dev_max=4288.264336088859
2026-09-30 14:53:02,649 - modules.salary_history - INFO - Looking for salary history:, ('data_analytics', 'junior')
2026-09-30 14:53:02,649 - modules.salary_history - INFO - Salary lookup: ('data_analytics', 'junior'), count_min=831 count_max=831 avg_min=7001.696750902527 avg_max=9231.386281588448 median_min=7000.0 median_max=9100.0 std_dev_min=1524.4586270278216 std_dev_max=1924.9261763355235
2026-09-30 14:53:02,652 - modules.salary_history - INFO - Looking for salary history:, ('data_analytics', 'junior')
2026-09-30 14:53:02,652 - modules.salary_history - INFO - Salary lookup: ('data_analytics', 'junior'), count_min=831 count_max=831 avg_min=7001.696750902527 avg_max=9231.386281588448 median_min=7000.0 median_max=9100.0 std_dev_min=1524.4586270278216 std_dev_max=1924.9261763355235
2026-09-30 14:53:02,657 - modules.salary_history - INFO - Looking for salary history:, ('procurement', 'mid')
2026-09-30 14:53:02,657 - modules.salary_history - INFO - Salary lookup: ('procurement', 'mid'), count_min=350 count_max=350 avg_min=6694.042857142857 avg_max=9492.102857142858 median_min=6550.0 median_max=9500.0 std_dev_min=1031.9430505003918 std_dev_max=1729.4754693641116
2026-09-30 14:53:02,660 - modules.salary_history - INFO - Looking for salary history:, ('logistics_supply_chain', 'intern')
2026-09-30 14:53:02,660 - modules.salary_history - INFO - Salary lookup: ('logistics_supply_chain', 'intern'), count_min=37 count_max=37 avg_min=6161.405405405405 avg_max=7028.4324324324325 median_min=5720.0 median_max=6470.0 std_dev_min=904.9406198892419 std_dev_max=1222.3432992171804
2026-09-30 14:53:02,663 - modules.salary_history - INFO - Looking for salary history:, ('administration', 'junior')
2026-09-30 14:53:02,664 - modules.salary_history - INFO - Salary lookup: ('administration', 'junior'), count_min=520 count_max=520 avg_min=5589.9365384615385 avg_max=7111.6442307692305 median_min=5500.0 median_max=7000.0 std_dev_min=782.7420417127731 std_dev_max=1493.4086349778422
2026-09-30 14:53:02,667 - modules.salary_history - INFO - Looking for salary history:, ('project_management', 'junior')
2026-09-30 14:53:02,667 - modules.salary_history - INFO - Salary lookup: ('project_management', 'junior'), count_min=61 count_max=61 avg_min=5889.836065573771 avg_max=7457.377049180328 median_min=5500.0 median_max=7000.0 std_dev_min=1751.7139148115089 std_dev_max=1975.2180484184055
2026-09-30 14:53:02,671 - modules.salary_history - INFO - Looking for salary history:, ('procurement', 'junior')
2026-09-30 14:53:02,671 - modules.salary_history - INFO - Salary lookup: ('procurement', 'junior'), count_min=141 count_max=141 avg_min=6523.404255319149 avg_max=8736.170212765957 median_min=6500.0 median_max=8500.0 std_dev_min=657.4450871009619 std_dev_max=1202.4544301282083
2026-09-30 14:53:02,675 - modules.salary_history - INFO - Looking for salary history:, ('data_analytics', 'junior')
2026-09-30 14:53:02,675 - modules.salary_history - INFO - Salary lookup: ('data_analytics', 'junior'), count_min=831 count_max=831 avg_min=7001.696750902527 avg_max=9231.386281588448 median_min=7000.0 median_max=9100.0 std_dev_min=1524.4586270278216 std_dev_max=1924.9261763355235
2026-09-30 14:53:02,682 - modules.salary_history - INFO - Looking for salary history:, ('software_it', 'junior')
2026-09-30 14:53:02,682 - modules.salary_history - INFO - Salary lookup: ('software_it', 'junior'), count_min=318 count_max=318 avg_min=6835.6163522012575 avg_max=9213.905660377359 median_min=6500.0 median_max=8750.0 std_dev_min=1693.5370236452802 std_dev_max=2162.1758648563323
2026-09-30 14:53:02,685 - modules.salary_history - INFO - Looking for salary history:, ('project_management', 'mid')
2026-09-30 14:53:02,685 - modules.salary_history - INFO - Salary lookup: ('project_management', 'mid'), count_min=67 count_max=67 avg_min=7792.835820895522 avg_max=10473.134328358208 median_min=7000.0 median_max=9500.0 std_dev_min=3453.105236691624 std_dev_max=4290.7858321570975
2026-09-30 14:53:02,692 - modules.salary_history - INFO - Looking for salary history:, ('legal_compliance_risk', 'mid')
2026-09-30 14:53:02,692 - modules.salary_history - INFO - Salary lookup: ('legal_compliance_risk', 'mid'), count_min=112 count_max=112 avg_min=6901.410714285715 avg_max=9742.57142857143 median_min=6750.0 median_max=9750.0 std_dev_min=2148.6118315710387 std_dev_max=2218.8355915297966
2026-09-30 14:53:02,696 - modules.salary_history - INFO - Looking for salary history:, ('data_analytics', 'senior')
2026-09-30 14:53:02,696 - modules.salary_history - INFO - Salary lookup: ('data_analytics', 'senior'), count_min=147 count_max=147 avg_min=14075.659863945579 avg_max=22422.34693877551 median_min=12833.0 median_max=22400.0 std_dev_min=3546.299007506042 std_dev_max=2954.6965786624764
2026-09-30 14:53:02,699 - modules.salary_history - INFO - Looking for salary history:, ('data_analytics', 'mid')
2026-09-30 14:53:02,699 - modules.salary_history - INFO - Salary lookup: ('data_analytics', 'mid'), count_min=2127 count_max=2127 avg_min=9315.26531891553 avg_max=15317.084782949381 median_min=9000.0 median_max=16000.0 std_dev_min=2578.855395744559 std_dev_max=3929.014794237795
2026-09-30 14:53:02,702 - modules.salary_history - INFO - Looking for salary history:, ('data_analytics', 'junior')
2026-09-30 14:53:02,702 - modules.salary_history - INFO - Salary lookup: ('data_analytics', 'junior'), count_min=831 count_max=831 avg_min=7001.696750902527 avg_max=9231.386281588448 median_min=7000.0 median_max=9100.0 std_dev_min=1524.4586270278216 std_dev_max=1924.9261763355235
2026-09-30 14:53:02,706 - modules.salary_history - INFO - Looking for salary history:, ('data_analytics', 'mid')
2026-09-30 14:53:02,706 - modules.salary_history - INFO - Salary lookup: ('data_analytics', 'mid'), count_min=2127 count_max=2127 avg_min=9315.26531891553 avg_max=15317.084782949381 median_min=9000.0 median_max=16000.0 std_dev_min=2578.855395744559 std_dev_max=3929.014794237795
2026-09-30 14:53:02,710 - modules.salary_history - INFO - Looking for salary history:, ('data_analytics', 'mid')
2026-09-30 14:53:02,710 - modules.salary_history - INFO - Salary lookup: ('data_analytics', 'mid'), count_min=2127 count_max=2127 avg_min=9315.26531891553 avg_max=15317.084782949381 median_min=9000.0 median_max=16000.0 std_dev_min=2578.855395744559 std_dev_max=3929.014794237795
2026-09-30 14:53:02,713 - modules.salary_history - INFO - Looking for salary history:, ('data_analytics', 'mid')
2026-09-30 14:53:02,713 - modules.salary_history - INFO - Salary lookup: ('data_analytics', 'mid'), count_min=2127 count_max=2127 avg_min=9315.26531891553 avg_max=15317.084782949381 median_min=9000.0 median_max=16000.0 std_dev_min=2578.855395744559 std_dev_max=3929.014794237795
2026-09-30 14:53:02,716 - modules.salary_history - INFO - Looking for salary history:, ('data_analytics', 'mid')
2026-09-30 14:53:02,716 - modules.salary_history - INFO - Salary lookup: ('data_analytics', 'mid'), count_min=2127 count_max=2127 avg_min=9315.26531891553 avg_max=15317.084782949381 median_min=9000.0 median_max=16000.0 std_dev_min=2578.855395744559 std_dev_max=3929.014794237795
2026-09-30 14:53:02,719 - modules.salary_history - INFO - Looking for salary history:, ('software_it', 'junior')
2026-09-30 14:53:02,720 - modules.salary_history - INFO - Salary lookup: ('software_it', 'junior'), count_min=318 count_max=318 avg_min=6835.6163522012575 avg_max=9213.905660377359 median_min=6500.0 median_max=8750.0 std_dev_min=1693.5370236452802 std_dev_max=2162.1758648563323
2026-09-30 14:53:02,727 - modules.salary_history - INFO - Looking for salary history:, ('data_analytics', 'mid')
2026-09-30 14:53:02,727 - modules.salary_history - INFO - Salary lookup: ('data_analytics', 'mid'), count_min=2127 count_max=2127 avg_min=9315.26531891553 avg_max=15317.084782949381 median_min=9000.0 median_max=16000.0 std_dev_min=2578.855395744559 std_dev_max=3929.014794237795
2026-09-30 14:53:02,731 - modules.salary_history - INFO - Looking for salary history:, ('data_analytics', 'mid')
2026-09-30 14:53:02,731 - modules.salary_history - INFO - Salary lookup: ('data_analytics', 'mid'), count_min=2127 count_max=2127 avg_min=9315.26531891553 avg_max=15317.084782949381 median_min=9000.0 median_max=16000.0 std_dev_min=2578.855395744559 std_dev_max=3929.014794237795
2026-09-30 14:53:02,734 - modules.salary_history - INFO - Looking for salary history:, ('data_analytics', 'mid')
2026-09-30 14:53:02,734 - modules.salary_history - INFO - Salary lookup: ('data_analytics', 'mid'), count_min=2127 count_max=2127 avg_min=9315.26531891553 avg_max=15317.084782949381 median_min=9000.0 median_max=16000.0 std_dev_min=2578.855395744559 std_dev_max=3929.014794237795
2026-09-30 14:53:02,738 - modules.salary_history - INFO - Looking for salary history:, ('data_analytics', 'mid')
2026-09-30 14:53:02,738 - modules.salary_history - INFO - Salary lookup: ('data_analytics', 'mid'), count_min=2127 count_max=2127 avg_min=9315.26531891553 avg_max=15317.084782949381 median_min=9000.0 median_max=16000.0 std_dev_min=2578.855395744559 std_dev_max=3929.014794237795
2026-09-30 14:53:02,742 - modules.salary_history - INFO - Looking for salary history:, ('data_analytics', 'mid')
2026-09-30 14:53:02,742 - modules.salary_history - INFO - Salary lookup: ('data_analytics', 'mid'), count_min=2127 count_max=2127 avg_min=9315.26531891553 avg_max=15317.084782949381 median_min=9000.0 median_max=16000.0 std_dev_min=2578.855395744559 std_dev_max=3929.014794237795
2026-09-30 14:53:02,748 - modules.salary_history - INFO - Looking for salary history:, ('data_analytics', 'junior')
2026-09-30 14:53:02,748 - modules.salary_history - INFO - Salary lookup: ('data_analytics', 'junior'), count_min=831 count_max=831 avg_min=7001.696750902527 avg_max=9231.386281588448 median_min=7000.0 median_max=9100.0 std_dev_min=1524.4586270278216 std_dev_max=1924.9261763355235
2026-09-30 14:53:02,751 - modules.salary_history - INFO - Looking for salary history:, ('data_analytics', 'mid')
2026-09-30 14:53:02,751 - modules.salary_history - INFO - Salary lookup: ('data_analytics', 'mid'), count_min=2127 count_max=2127 avg_min=9315.26531891553 avg_max=15317.084782949381 median_min=9000.0 median_max=16000.0 std_dev_min=2578.855395744559 std_dev_max=3929.014794237795
2026-09-30 14:53:02,755 - modules.salary_history - INFO - Looking for salary history:, ('data_analytics', 'mid')
2026-09-30 14:53:02,755 - modules.salary_history - INFO - Salary lookup: ('data_analytics', 'mid'), count_min=2127 count_max=2127 avg_min=9315.26531891553 avg_max=15317.084782949381 median_min=9000.0 median_max=16000.0 std_dev_min=2578.855395744559 std_dev_max=3929.014794237795
2026-09-30 14:53:02,759 - modules.salary_history - INFO - Looking for salary history:, ('data_analytics', 'junior')
2026-09-30 14:53:02,759 - modules.salary_history - INFO - Salary lookup: ('data_analytics', 'junior'), count_min=831 count_max=831 avg_min=7001.696750902527 avg_max=9231.386281588448 median_min=7000.0 median_max=9100.0 std_dev_min=1524.4586270278216 std_dev_max=1924.9261763355235
2026-09-30 14:53:02,763 - modules.salary_history - INFO - Looking for salary history:, ('data_analytics', 'mid')
2026-09-30 14:53:02,763 - modules.salary_history - INFO - Salary lookup: ('data_analytics', 'mid'), count_min=2127 count_max=2127 avg_min=9315.26531891553 avg_max=15317.084782949381 median_min=9000.0 median_max=16000.0 std_dev_min=2578.855395744559 std_dev_max=3929.014794237795
2026-09-30 14:53:02,766 - modules.salary_history - INFO - Looking for salary history:, ('data_analytics', 'junior')
2026-09-30 14:53:02,766 - modules.salary_history - INFO - Salary lookup: ('data_analytics', 'junior'), count_min=831 count_max=831 avg_min=7001.696750902527 avg_max=9231.386281588448 median_min=7000.0 median_max=9100.0 std_dev_min=1524.4586270278216 std_dev_max=1924.9261763355235
2026-09-30 14:53:02,770 - modules.salary_history - INFO - Looking for salary history:, ('data_analytics', 'mid')
2026-09-30 14:53:02,770 - modules.salary_history - INFO - Salary lookup: ('data_analytics', 'mid'), count_min=2127 count_max=2127 avg_min=9315.26531891553 avg_max=15317.084782949381 median_min=9000.0 median_max=16000.0 std_dev_min=2578.855395744559 std_dev_max=3929.014794237795
2026-09-30 14:53:02,774 - modules.salary_history - INFO - Looking for salary history:, ('data_analytics', 'mid')
2026-09-30 14:53:02,775 - modules.salary_history - INFO - Salary lookup: ('data_analytics', 'mid'), count_min=2127 count_max=2127 avg_min=9315.26531891553 avg_max=15317.084782949381 median_min=9000.0 median_max=16000.0 std_dev_min=2578.855395744559 std_dev_max=3929.014794237795
2026-09-30 14:53:02,778 - modules.salary_history - INFO - Looking for salary history:, ('data_analytics', 'mid')
2026-09-30 14:53:02,779 - modules.salary_history - INFO - Salary lookup: ('data_analytics', 'mid'), count_min=2127 count_max=2127 avg_min=9315.26531891553 avg_max=15317.084782949381 median_min=9000.0 median_max=16000.0 std_dev_min=2578.855395744559 std_dev_max=3929.014794237795
2026-09-30 14:53:02,781 - modules.salary_history - INFO - Looking for salary history:, ('software_it', 'mid')
2026-09-30 14:53:02,782 - modules.salary_history - INFO - Salary lookup: ('software_it', 'mid'), count_min=505 count_max=505 avg_min=8676.440264026403 avg_max=12354.390099009901 median_min=7450.0 median_max=11100.0 std_dev_min=3595.8981301534177 std_dev_max=4288.264336088859
2026-09-30 14:53:02,785 - modules.salary_history - INFO - Looking for salary history:, ('data_analytics', 'mid')
2026-09-30 14:53:02,786 - modules.salary_history - INFO - Salary lookup: ('data_analytics', 'mid'), count_min=2127 count_max=2127 avg_min=9315.26531891553 avg_max=15317.084782949381 median_min=9000.0 median_max=16000.0 std_dev_min=2578.855395744559 std_dev_max=3929.014794237795
2026-09-30 14:53:02,790 - modules.salary_history - INFO - Looking for salary history:, ('sales_customer_service', 'senior')
2026-09-30 14:53:02,790 - modules.salary_history - INFO - Salary lookup: ('sales_customer_service', 'senior'), count_min=19 count_max=19 avg_min=11657.894736842105 avg_max=17431.57894736842 median_min=12000.0 median_max=18000.0 std_dev_min=1491.2022701586516 std_dev_max=2477.689925802067
2026-09-30 14:53:02,794 - modules.salary_history - INFO - Looking for salary history:, ('data_analytics', 'mid')
2026-09-30 14:53:02,794 - modules.salary_history - INFO - Salary lookup: ('data_analytics', 'mid'), count_min=2127 count_max=2127 avg_min=9315.26531891553 avg_max=15317.084782949381 median_min=9000.0 median_max=16000.0 std_dev_min=2578.855395744559 std_dev_max=3929.014794237795
2026-09-30 14:53:02,797 - modules.salary_history - INFO - Looking for salary history:, ('data_analytics', 'mid')
2026-09-30 14:53:02,798 - modules.salary_history - INFO - Salary lookup: ('data_analytics', 'mid'), count_min=2127 count_max=2127 avg_min=9315.26531891553 avg_max=15317.084782949381 median_min=9000.0 median_max=16000.0 std_dev_min=2578.855395744559 std_dev_max=3929.014794237795
2026-09-30 14:53:02,801 - modules.salary_history - INFO - Looking for salary history:, ('data_analytics', 'mid')
2026-09-30 14:53:02,801 - modules.salary_history - INFO - Salary lookup: ('data_analytics', 'mid'), count_min=2127 count_max=2127 avg_min=9315.26531891553 avg_max=15317.084782949381 median_min=9000.0 median_max=16000.0 std_dev_min=2578.855395744559 std_dev_max=3929.014794237795
2026-09-30 14:53:02,805 - modules.salary_history - INFO - Looking for salary history:, ('data_analytics', 'mid')
2026-09-30 14:53:02,805 - modules.salary_history - INFO - Salary lookup: ('data_analytics', 'mid'), count_min=2127 count_max=2127 avg_min=9315.26531891553 avg_max=15317.084782949381 median_min=9000.0 median_max=16000.0 std_dev_min=2578.855395744559 std_dev_max=3929.014794237795
2026-09-30 14:53:02,809 - modules.salary_history - INFO - Looking for salary history:, ('data_analytics', 'mid')
2026-09-30 14:53:02,810 - modules.salary_history - INFO - Salary lookup: ('data_analytics', 'mid'), count_min=2127 count_max=2127 avg_min=9315.26531891553 avg_max=15317.084782949381 median_min=9000.0 median_max=16000.0 std_dev_min=2578.855395744559 std_dev_max=3929.014794237795
2026-09-30 14:53:02,813 - modules.salary_history - INFO - Looking for salary history:, ('data_analytics', 'senior')
2026-09-30 14:53:02,813 - modules.salary_history - INFO - Salary lookup: ('data_analytics', 'senior'), count_min=147 count_max=147 avg_min=14075.659863945579 avg_max=22422.34693877551 median_min=12833.0 median_max=22400.0 std_dev_min=3546.299007506042 std_dev_max=2954.6965786624764
2026-09-30 14:53:02,816 - modules.salary_history - INFO - Looking for salary history:, ('software_it', 'junior')
2026-09-30 14:53:02,817 - modules.salary_history - INFO - Salary lookup: ('software_it', 'junior'), count_min=318 count_max=318 avg_min=6835.6163522012575 avg_max=9213.905660377359 median_min=6500.0 median_max=8750.0 std_dev_min=1693.5370236452802 std_dev_max=2162.1758648563323
2026-09-30 14:53:02,820 - modules.salary_history - INFO - Looking for salary history:, ('sales_customer_service', 'junior')
2026-09-30 14:53:02,820 - modules.salary_history - INFO - Salary lookup: ('sales_customer_service', 'junior'), count_min=164 count_max=164 avg_min=5749.426829268293 avg_max=8203.19512195122 median_min=5500.0 median_max=8000.0 std_dev_min=1608.8244882139884 std_dev_max=1570.0371176029264
2026-09-30 14:53:02,825 - modules.salary_history - INFO - Looking for salary history:, ('finance_accounting', 'mid')
2026-09-30 14:53:02,825 - modules.salary_history - INFO - Salary lookup: ('finance_accounting', 'mid'), count_min=1002 count_max=1002 avg_min=7232.041916167665 avg_max=10088.20359281437 median_min=7000.0 median_max=10000.0 std_dev_min=1511.6394888647312 std_dev_max=1987.2566461052725
2026-09-30 14:53:02,829 - modules.salary_history - INFO - Looking for salary history:, ('sales_customer_service', 'junior')
2026-09-30 14:53:02,829 - modules.salary_history - INFO - Salary lookup: ('sales_customer_service', 'junior'), count_min=164 count_max=164 avg_min=5749.426829268293 avg_max=8203.19512195122 median_min=5500.0 median_max=8000.0 std_dev_min=1608.8244882139884 std_dev_max=1570.0371176029264
2026-09-30 14:53:02,832 - modules.salary_history - INFO - Looking for salary history:, ('it_support', 'mid')
2026-09-30 14:53:02,832 - modules.salary_history - INFO - Salary lookup: ('it_support', 'mid'), count_min=130 count_max=130 avg_min=6961.4384615384615 avg_max=9987.030769230769 median_min=7000.0 median_max=10000.0 std_dev_min=1171.6752996507046 std_dev_max=2041.5886994325194
2026-09-30 14:53:02,836 - modules.salary_history - INFO - Looking for salary history:, ('procurement', 'junior')
2026-09-30 14:53:02,836 - modules.salary_history - INFO - Salary lookup: ('procurement', 'junior'), count_min=141 count_max=141 avg_min=6523.404255319149 avg_max=8736.170212765957 median_min=6500.0 median_max=8500.0 std_dev_min=657.4450871009619 std_dev_max=1202.4544301282083
2026-09-30 14:53:02,840 - modules.salary_history - INFO - Looking for salary history:, ('finance_accounting', 'junior')
2026-09-30 14:53:02,840 - modules.salary_history - INFO - Salary lookup: ('finance_accounting', 'junior'), count_min=696 count_max=696 avg_min=5279.14367816092 avg_max=7454.270114942528 median_min=5000.0 median_max=7500.0 std_dev_min=969.1517388912574 std_dev_max=1463.5155610503543
2026-09-30 14:53:02,844 - modules.salary_history - INFO - Looking for salary history:, ('marketing', 'junior')
2026-09-30 14:53:02,844 - modules.salary_history - INFO - Salary lookup: ('marketing', 'junior'), count_min=48 count_max=48 avg_min=5510.416666666667 avg_max=7527.083333333333 median_min=5500.0 median_max=7500.0 std_dev_min=125.88340321771476 std_dev_max=384.67426581478236
2026-09-30 14:53:02,847 - modules.salary_history - INFO - Looking for salary history:, ('data_analytics', 'junior')
2026-09-30 14:53:02,847 - modules.salary_history - INFO - Salary lookup: ('data_analytics', 'junior'), count_min=831 count_max=831 avg_min=7001.696750902527 avg_max=9231.386281588448 median_min=7000.0 median_max=9100.0 std_dev_min=1524.4586270278216 std_dev_max=1924.9261763355235
2026-09-30 14:53:02,851 - modules.salary_history - INFO - Looking for salary history:, ('software_it', 'junior')
2026-09-30 14:53:02,851 - modules.salary_history - INFO - Salary lookup: ('software_it', 'junior'), count_min=318 count_max=318 avg_min=6835.6163522012575 avg_max=9213.905660377359 median_min=6500.0 median_max=8750.0 std_dev_min=1693.5370236452802 std_dev_max=2162.1758648563323
2026-09-30 14:53:02,856 - modules.salary_history - INFO - Looking for salary history:, ('software_it', 'junior')
2026-09-30 14:53:02,856 - modules.salary_history - INFO - Salary lookup: ('software_it', 'junior'), count_min=318 count_max=318 avg_min=6835.6163522012575 avg_max=9213.905660377359 median_min=6500.0 median_max=8750.0 std_dev_min=1693.5370236452802 std_dev_max=2162.1758648563323
2026-09-30 14:53:02,860 - modules.salary_history - INFO - Looking for salary history:, ('logistics_supply_chain', 'mid')
2026-09-30 14:53:02,861 - modules.salary_history - INFO - Salary lookup: ('logistics_supply_chain', 'mid'), count_min=1142 count_max=1142 avg_min=7061.37302977233 avg_max=9427.69877408056 median_min=7000.0 median_max=8500.0 std_dev_min=1502.211187945818 std_dev_max=5502.350087223172
2026-09-30 14:53:02,870 - modules.salary_history - INFO - Looking for salary history:, ('data_analytics', 'mid')
2026-09-30 14:53:02,872 - modules.salary_history - INFO - Salary lookup: ('data_analytics', 'mid'), count_min=2127 count_max=2127 avg_min=9315.26531891553 avg_max=15317.084782949381 median_min=9000.0 median_max=16000.0 std_dev_min=2578.855395744559 std_dev_max=3929.014794237795
2026-09-30 14:53:02,876 - modules.salary_history - INFO - Looking for salary history:, ('data_analytics', 'mid')
2026-09-30 14:53:02,876 - modules.salary_history - INFO - Salary lookup: ('data_analytics', 'mid'), count_min=2127 count_max=2127 avg_min=9315.26531891553 avg_max=15317.084782949381 median_min=9000.0 median_max=16000.0 std_dev_min=2578.855395744559 std_dev_max=3929.014794237795
2026-09-30 14:53:02,879 - modules.salary_history - INFO - Looking for salary history:, ('software_it', 'mid')
2026-09-30 14:53:02,879 - modules.salary_history - INFO - Salary lookup: ('software_it', 'mid'), count_min=505 count_max=505 avg_min=8676.440264026403 avg_max=12354.390099009901 median_min=7450.0 median_max=11100.0 std_dev_min=3595.8981301534177 std_dev_max=4288.264336088859
2026-09-30 14:53:02,883 - modules.salary_history - INFO - Looking for salary history:, ('software_it', 'senior')
2026-09-30 14:53:02,883 - modules.salary_history - INFO - Salary lookup: ('software_it', 'senior'), count_min=48 count_max=48 avg_min=12662.916666666666 avg_max=18005.694444444445 median_min=7000.0 median_max=14000.0 std_dev_min=9390.36422340619 std_dev_max=9364.09416626977
2026-09-30 14:53:02,893 - modules.salary_history - INFO - Looking for salary history:, ('software_it', 'mid')
2026-09-30 14:53:02,893 - modules.salary_history - INFO - Salary lookup: ('software_it', 'mid'), count_min=505 count_max=505 avg_min=8676.440264026403 avg_max=12354.390099009901 median_min=7450.0 median_max=11100.0 std_dev_min=3595.8981301534177 std_dev_max=4288.264336088859
2026-09-30 14:53:02,896 - modules.salary_history - INFO - Looking for salary history:, ('software_it', 'mid')
2026-09-30 14:53:02,897 - modules.salary_history - INFO - Salary lookup: ('software_it', 'mid'), count_min=505 count_max=505 avg_min=8676.440264026403 avg_max=12354.390099009901 median_min=7450.0 median_max=11100.0 std_dev_min=3595.8981301534177 std_dev_max=4288.264336088859
2026-09-30 14:53:02,903 - modules.salary_history - INFO - Looking for salary history:, ('data_analytics', 'senior')
2026-09-30 14:53:02,903 - modules.salary_history - INFO - Salary lookup: ('data_analytics', 'senior'), count_min=147 count_max=147 avg_min=14075.659863945579 avg_max=22422.34693877551 median_min=12833.0 median_max=22400.0 std_dev_min=3546.299007506042 std_dev_max=2954.6965786624764
2026-09-30 14:53:02,907 - modules.salary_history - INFO - Looking for salary history:, ('data_analytics', 'mid')
2026-09-30 14:53:02,907 - modules.salary_history - INFO - Salary lookup: ('data_analytics', 'mid'), count_min=2127 count_max=2127 avg_min=9315.26531891553 avg_max=15317.084782949381 median_min=9000.0 median_max=16000.0 std_dev_min=2578.855395744559 std_dev_max=3929.014794237795
2026-09-30 14:53:02,910 - modules.salary_history - INFO - Looking for salary history:, ('data_analytics', 'mid')
2026-09-30 14:53:02,910 - modules.salary_history - INFO - Salary lookup: ('data_analytics', 'mid'), count_min=2127 count_max=2127 avg_min=9315.26531891553 avg_max=15317.084782949381 median_min=9000.0 median_max=16000.0 std_dev_min=2578.855395744559 std_dev_max=3929.014794237795
2026-09-30 14:53:02,913 - modules.salary_history - INFO - Looking for salary history:, ('data_analytics', 'senior')
2026-09-30 14:53:02,914 - modules.salary_history - INFO - Salary lookup: ('data_analytics', 'senior'), count_min=147 count_max=147 avg_min=14075.659863945579 avg_max=22422.34693877551 median_min=12833.0 median_max=22400.0 std_dev_min=3546.299007506042 std_dev_max=2954.6965786624764
2026-09-30 14:53:02,917 - modules.salary_history - INFO - Looking for salary history:, ('software_it', 'senior')
2026-09-30 14:53:02,917 - modules.salary_history - INFO - Salary lookup: ('software_it', 'senior'), count_min=48 count_max=48 avg_min=12662.916666666666 avg_max=18005.694444444445 median_min=7000.0 median_max=14000.0 std_dev_min=9390.36422340619 std_dev_max=9364.09416626977
2026-09-30 14:53:02,922 - modules.salary_history - INFO - Looking for salary history:, ('data_analytics', 'mid')
2026-09-30 14:53:02,922 - modules.salary_history - INFO - Salary lookup: ('data_analytics', 'mid'), count_min=2127 count_max=2127 avg_min=9315.26531891553 avg_max=15317.084782949381 median_min=9000.0 median_max=16000.0 std_dev_min=2578.855395744559 std_dev_max=3929.014794237795
2026-09-30 14:53:02,926 - modules.salary_history - INFO - Looking for salary history:, ('data_analytics', 'mid')
2026-09-30 14:53:02,926 - modules.salary_history - INFO - Salary lookup: ('data_analytics', 'mid'), count_min=2127 count_max=2127 avg_min=9315.26531891553 avg_max=15317.084782949381 median_min=9000.0 median_max=16000.0 std_dev_min=2578.855395744559 std_dev_max=3929.014794237795
2026-09-30 14:53:02,932 - modules.salary_history - INFO - Looking for salary history:, ('data_analytics', 'mid')
2026-09-30 14:53:02,932 - modules.salary_history - INFO - Salary lookup: ('data_analytics', 'mid'), count_min=2127 count_max=2127 avg_min=9315.26531891553 avg_max=15317.084782949381 median_min=9000.0 median_max=16000.0 std_dev_min=2578.855395744559 std_dev_max=3929.014794237795
2026-09-30 14:53:02,938 - modules.salary_history - INFO - Looking for salary history:, ('data_analytics', 'mid')
2026-09-30 14:53:02,938 - modules.salary_history - INFO - Salary lookup: ('data_analytics', 'mid'), count_min=2127 count_max=2127 avg_min=9315.26531891553 avg_max=15317.084782949381 median_min=9000.0 median_max=16000.0 std_dev_min=2578.855395744559 std_dev_max=3929.014794237795
2026-09-30 14:53:02,942 - modules.salary_history - INFO - Looking for salary history:, ('data_analytics', 'mid')
2026-09-30 14:53:02,942 - modules.salary_history - INFO - Salary lookup: ('data_analytics', 'mid'), count_min=2127 count_max=2127 avg_min=9315.26531891553 avg_max=15317.084782949381 median_min=9000.0 median_max=16000.0 std_dev_min=2578.855395744559 std_dev_max=3929.014794237795
2026-09-30 14:53:02,945 - modules.salary_history - INFO - Looking for salary history:, ('data_analytics', 'mid')
2026-09-30 14:53:02,945 - modules.salary_history - INFO - Salary lookup: ('data_analytics', 'mid'), count_min=2127 count_max=2127 avg_min=9315.26531891553 avg_max=15317.084782949381 median_min=9000.0 median_max=16000.0 std_dev_min=2578.855395744559 std_dev_max=3929.014794237795
2026-09-30 14:53:02,951 - modules.salary_history - INFO - Looking for salary history:, ('data_analytics', 'mid')
2026-09-30 14:53:02,951 - modules.salary_history - INFO - Salary lookup: ('data_analytics', 'mid'), count_min=2127 count_max=2127 avg_min=9315.26531891553 avg_max=15317.084782949381 median_min=9000.0 median_max=16000.0 std_dev_min=2578.855395744559 std_dev_max=3929.014794237795
2026-09-30 14:53:02,959 - modules.salary_history - INFO - Looking for salary history:, ('data_analytics', 'mid')
2026-09-30 14:53:02,959 - modules.salary_history - INFO - Salary lookup: ('data_analytics', 'mid'), count_min=2127 count_max=2127 avg_min=9315.26531891553 avg_max=15317.084782949381 median_min=9000.0 median_max=16000.0 std_dev_min=2578.855395744559 std_dev_max=3929.014794237795
2026-09-30 14:53:02,963 - modules.salary_history - INFO - Looking for salary history:, ('hr', 'mid')
2026-09-30 14:53:02,963 - modules.salary_history - INFO - Salary lookup: ('hr', 'mid'), count_min=191 count_max=191 avg_min=6673.507853403142 avg_max=9544.397905759162 median_min=6600.0 median_max=9500.0 std_dev_min=682.5522911844611 std_dev_max=1038.3456116624893
2026-09-30 14:53:02,966 - modules.salary_history - INFO - Looking for salary history:, ('it_support', 'mid')
2026-09-30 14:53:02,966 - modules.salary_history - INFO - Salary lookup: ('it_support', 'mid'), count_min=130 count_max=130 avg_min=6961.4384615384615 avg_max=9987.030769230769 median_min=7000.0 median_max=10000.0 std_dev_min=1171.6752996507046 std_dev_max=2041.5886994325194
2026-09-30 14:53:02,974 - modules.salary_history - INFO - Looking for salary history:, ('data_analytics', 'mid')
2026-09-30 14:53:02,974 - modules.salary_history - INFO - Salary lookup: ('data_analytics', 'mid'), count_min=2127 count_max=2127 avg_min=9315.26531891553 avg_max=15317.084782949381 median_min=9000.0 median_max=16000.0 std_dev_min=2578.855395744559 std_dev_max=3929.014794237795
2026-09-30 14:53:02,979 - modules.salary_history - INFO - Looking for salary history:, ('software_it', 'mid')
2026-09-30 14:53:02,980 - modules.salary_history - INFO - Salary lookup: ('software_it', 'mid'), count_min=505 count_max=505 avg_min=8676.440264026403 avg_max=12354.390099009901 median_min=7450.0 median_max=11100.0 std_dev_min=3595.8981301534177 std_dev_max=4288.264336088859
2026-09-30 14:53:02,987 - modules.salary_history - INFO - Looking for salary history:, ('software_it', 'intern')
2026-09-30 14:53:02,987 - modules.salary_history - INFO - Salary lookup: ('software_it', 'intern'), count_min=57 count_max=57 avg_min=5422.0 avg_max=5957.368421052632 median_min=5120.0 median_max=5120.0 std_dev_min=1092.1955607203056 std_dev_max=1954.6305152452264
2026-09-30 14:53:02,991 - modules.salary_history - INFO - Looking for salary history:, ('data_analytics', 'junior')
2026-09-30 14:53:02,991 - modules.salary_history - INFO - Salary lookup: ('data_analytics', 'junior'), count_min=831 count_max=831 avg_min=7001.696750902527 avg_max=9231.386281588448 median_min=7000.0 median_max=9100.0 std_dev_min=1524.4586270278216 std_dev_max=1924.9261763355235
2026-09-30 14:53:02,994 - modules.salary_history - INFO - Looking for salary history:, ('software_it', 'senior')
2026-09-30 14:53:02,994 - modules.salary_history - INFO - Salary lookup: ('software_it', 'senior'), count_min=48 count_max=48 avg_min=12662.916666666666 avg_max=18005.694444444445 median_min=7000.0 median_max=14000.0 std_dev_min=9390.36422340619 std_dev_max=9364.09416626977
2026-09-30 14:53:02,997 - modules.salary_history - INFO - Looking for salary history:, ('software_it', 'mid')
2026-09-30 14:53:02,997 - modules.salary_history - INFO - Salary lookup: ('software_it', 'mid'), count_min=505 count_max=505 avg_min=8676.440264026403 avg_max=12354.390099009901 median_min=7450.0 median_max=11100.0 std_dev_min=3595.8981301534177 std_dev_max=4288.264336088859
2026-09-30 14:53:03,001 - modules.salary_history - INFO - Looking for salary history:, ('software_it', 'senior')
2026-09-30 14:53:03,002 - modules.salary_history - INFO - Salary lookup: ('software_it', 'senior'), count_min=48 count_max=48 avg_min=12662.916666666666 avg_max=18005.694444444445 median_min=7000.0 median_max=14000.0 std_dev_min=9390.36422340619 std_dev_max=9364.09416626977
2026-09-30 14:53:03,005 - modules.salary_history - INFO - Looking for salary history:, ('data_analytics', 'junior')
2026-09-30 14:53:03,006 - modules.salary_history - INFO - Salary lookup: ('data_analytics', 'junior'), count_min=831 count_max=831 avg_min=7001.696750902527 avg_max=9231.386281588448 median_min=7000.0 median_max=9100.0 std_dev_min=1524.4586270278216 std_dev_max=1924.9261763355235
2026-09-30 14:53:03,012 - modules.salary_history - INFO - Looking for salary history:, ('software_it', 'mid')
2026-09-30 14:53:03,012 - modules.salary_history - INFO - Salary lookup: ('software_it', 'mid'), count_min=505 count_max=505 avg_min=8676.440264026403 avg_max=12354.390099009901 median_min=7450.0 median_max=11100.0 std_dev_min=3595.8981301534177 std_dev_max=4288.264336088859
2026-09-30 14:53:03,015 - modules.salary_history - INFO - Looking for salary history:, ('software_it', 'senior')
2026-09-30 14:53:03,015 - modules.salary_history - INFO - Salary lookup: ('software_it', 'senior'), count_min=48 count_max=48 avg_min=12662.916666666666 avg_max=18005.694444444445 median_min=7000.0 median_max=14000.0 std_dev_min=9390.36422340619 std_dev_max=9364.09416626977
2026-09-30 14:53:03,018 - modules.salary_history - INFO - Looking for salary history:, ('software_it', 'mid')
2026-09-30 14:53:03,018 - modules.salary_history - INFO - Salary lookup: ('software_it', 'mid'), count_min=505 count_max=505 avg_min=8676.440264026403 avg_max=12354.390099009901 median_min=7450.0 median_max=11100.0 std_dev_min=3595.8981301534177 std_dev_max=4288.264336088859
2026-09-30 14:53:03,022 - modules.salary_history - INFO - Looking for salary history:, ('software_it', 'mid')
2026-09-30 14:53:03,023 - modules.salary_history - INFO - Salary lookup: ('software_it', 'mid'), count_min=505 count_max=505 avg_min=8676.440264026403 avg_max=12354.390099009901 median_min=7450.0 median_max=11100.0 std_dev_min=3595.8981301534177 std_dev_max=4288.264336088859
2026-09-30 14:53:03,026 - modules.salary_history - INFO - Looking for salary history:, ('data_analytics', 'mid')
2026-09-30 14:53:03,026 - modules.salary_history - INFO - Salary lookup: ('data_analytics', 'mid'), count_min=2127 count_max=2127 avg_min=9315.26531891553 avg_max=15317.084782949381 median_min=9000.0 median_max=16000.0 std_dev_min=2578.855395744559 std_dev_max=3929.014794237795
2026-09-30 14:53:03,029 - modules.salary_history - INFO - Looking for salary history:, ('legal_compliance_risk', 'mid')
2026-09-30 14:53:03,029 - modules.salary_history - INFO - Salary lookup: ('legal_compliance_risk', 'mid'), count_min=112 count_max=112 avg_min=6901.410714285715 avg_max=9742.57142857143 median_min=6750.0 median_max=9750.0 std_dev_min=2148.6118315710387 std_dev_max=2218.8355915297966
2026-09-30 14:53:03,036 - modules.salary_history - INFO - Looking for salary history:, ('finance_accounting', 'mid')
2026-09-30 14:53:03,036 - modules.salary_history - INFO - Salary lookup: ('finance_accounting', 'mid'), count_min=1002 count_max=1002 avg_min=7232.041916167665 avg_max=10088.20359281437 median_min=7000.0 median_max=10000.0 std_dev_min=1511.6394888647312 std_dev_max=1987.2566461052725
2026-09-30 14:53:03,041 - modules.salary_history - INFO - Looking for salary history:, ('finance_accounting', 'mid')
2026-09-30 14:53:03,041 - modules.salary_history - INFO - Salary lookup: ('finance_accounting', 'mid'), count_min=1002 count_max=1002 avg_min=7232.041916167665 avg_max=10088.20359281437 median_min=7000.0 median_max=10000.0 std_dev_min=1511.6394888647312 std_dev_max=1987.2566461052725
2026-09-30 14:53:03,044 - modules.salary_history - INFO - Looking for salary history:, ('finance_accounting', 'mid')
2026-09-30 14:53:03,044 - modules.salary_history - INFO - Salary lookup: ('finance_accounting', 'mid'), count_min=1002 count_max=1002 avg_min=7232.041916167665 avg_max=10088.20359281437 median_min=7000.0 median_max=10000.0 std_dev_min=1511.6394888647312 std_dev_max=1987.2566461052725
2026-09-30 14:53:03,047 - modules.salary_history - INFO - Looking for salary history:, ('finance_accounting', 'mid')
2026-09-30 14:53:03,047 - modules.salary_history - INFO - Salary lookup: ('finance_accounting', 'mid'), count_min=1002 count_max=1002 avg_min=7232.041916167665 avg_max=10088.20359281437 median_min=7000.0 median_max=10000.0 std_dev_min=1511.6394888647312 std_dev_max=1987.2566461052725
2026-09-30 14:53:03,050 - modules.salary_history - INFO - Looking for salary history:, ('software_it', 'mid')
2026-09-30 14:53:03,051 - modules.salary_history - INFO - Salary lookup: ('software_it', 'mid'), count_min=505 count_max=505 avg_min=8676.440264026403 avg_max=12354.390099009901 median_min=7450.0 median_max=11100.0 std_dev_min=3595.8981301534177 std_dev_max=4288.264336088859
2026-09-30 14:53:03,055 - modules.salary_history - INFO - Looking for salary history:, ('data_analytics', 'senior')
2026-09-30 14:53:03,055 - modules.salary_history - INFO - Salary lookup: ('data_analytics', 'senior'), count_min=147 count_max=147 avg_min=14075.659863945579 avg_max=22422.34693877551 median_min=12833.0 median_max=22400.0 std_dev_min=3546.299007506042 std_dev_max=2954.6965786624764
2026-09-30 14:53:03,059 - modules.salary_history - INFO - Looking for salary history:, ('data_analytics', 'mid')
2026-09-30 14:53:03,059 - modules.salary_history - INFO - Salary lookup: ('data_analytics', 'mid'), count_min=2127 count_max=2127 avg_min=9315.26531891553 avg_max=15317.084782949381 median_min=9000.0 median_max=16000.0 std_dev_min=2578.855395744559 std_dev_max=3929.014794237795
2026-09-30 14:53:03,063 - modules.salary_history - INFO - Looking for salary history:, ('software_it', 'senior')
2026-09-30 14:53:03,063 - modules.salary_history - INFO - Salary lookup: ('software_it', 'senior'), count_min=48 count_max=48 avg_min=12662.916666666666 avg_max=18005.694444444445 median_min=7000.0 median_max=14000.0 std_dev_min=9390.36422340619 std_dev_max=9364.09416626977
2026-09-30 14:53:03,066 - modules.salary_history - INFO - Looking for salary history:, ('data_analytics', 'mid')
2026-09-30 14:53:03,066 - modules.salary_history - INFO - Salary lookup: ('data_analytics', 'mid'), count_min=2127 count_max=2127 avg_min=9315.26531891553 avg_max=15317.084782949381 median_min=9000.0 median_max=16000.0 std_dev_min=2578.855395744559 std_dev_max=3929.014794237795
2026-09-30 14:53:03,069 - modules.salary_history - INFO - Looking for salary history:, ('data_analytics', 'mid')
2026-09-30 14:53:03,070 - modules.salary_history - INFO - Salary lookup: ('data_analytics', 'mid'), count_min=2127 count_max=2127 avg_min=9315.26531891553 avg_max=15317.084782949381 median_min=9000.0 median_max=16000.0 std_dev_min=2578.855395744559 std_dev_max=3929.014794237795
2026-09-30 14:53:03,074 - modules.salary_history - INFO - Looking for salary history:, ('data_analytics', 'mid')
2026-09-30 14:53:03,074 - modules.salary_history - INFO - Salary lookup: ('data_analytics', 'mid'), count_min=2127 count_max=2127 avg_min=9315.26531891553 avg_max=15317.084782949381 median_min=9000.0 median_max=16000.0 std_dev_min=2578.855395744559 std_dev_max=3929.014794237795
2026-09-30 14:53:03,078 - modules.salary_history - INFO - Looking for salary history:, ('software_it', 'mid')
2026-09-30 14:53:03,078 - modules.salary_history - INFO - Salary lookup: ('software_it', 'mid'), count_min=505 count_max=505 avg_min=8676.440264026403 avg_max=12354.390099009901 median_min=7450.0 median_max=11100.0 std_dev_min=3595.8981301534177 std_dev_max=4288.264336088859
2026-09-30 14:53:03,081 - modules.salary_history - INFO - Looking for salary history:, ('sales_customer_service', 'senior')
2026-09-30 14:53:03,081 - modules.salary_history - INFO - Salary lookup: ('sales_customer_service', 'senior'), count_min=19 count_max=19 avg_min=11657.894736842105 avg_max=17431.57894736842 median_min=12000.0 median_max=18000.0 std_dev_min=1491.2022701586516 std_dev_max=2477.689925802067
2026-09-30 14:53:03,085 - modules.salary_history - INFO - Looking for salary history:, ('data_analytics', 'mid')
2026-09-30 14:53:03,085 - modules.salary_history - INFO - Salary lookup: ('data_analytics', 'mid'), count_min=2127 count_max=2127 avg_min=9315.26531891553 avg_max=15317.084782949381 median_min=9000.0 median_max=16000.0 std_dev_min=2578.855395744559 std_dev_max=3929.014794237795
2026-09-30 14:53:03,089 - modules.salary_history - INFO - Looking for salary history:, ('data_analytics', 'mid')
2026-09-30 14:53:03,090 - modules.salary_history - INFO - Salary lookup: ('data_analytics', 'mid'), count_min=2127 count_max=2127 avg_min=9315.26531891553 avg_max=15317.084782949381 median_min=9000.0 median_max=16000.0 std_dev_min=2578.855395744559 std_dev_max=3929.014794237795
2026-09-30 14:53:03,094 - modules.salary_history - INFO - Looking for salary history:, ('data_analytics', 'mid')
2026-09-30 14:53:03,094 - modules.salary_history - INFO - Salary lookup: ('data_analytics', 'mid'), count_min=2127 count_max=2127 avg_min=9315.26531891553 avg_max=15317.084782949381 median_min=9000.0 median_max=16000.0 std_dev_min=2578.855395744559 std_dev_max=3929.014794237795
2026-09-30 14:53:03,097 - modules.salary_history - INFO - Looking for salary history:, ('data_analytics', 'mid')
2026-09-30 14:53:03,097 - modules.salary_history - INFO - Salary lookup: ('data_analytics', 'mid'), count_min=2127 count_max=2127 avg_min=9315.26531891553 avg_max=15317.084782949381 median_min=9000.0 median_max=16000.0 std_dev_min=2578.855395744559 std_dev_max=3929.014794237795
2026-09-30 14:53:03,100 - modules.salary_history - INFO - Looking for salary history:, ('data_analytics', 'mid')
2026-09-30 14:53:03,100 - modules.salary_history - INFO - Salary lookup: ('data_analytics', 'mid'), count_min=2127 count_max=2127 avg_min=9315.26531891553 avg_max=15317.084782949381 median_min=9000.0 median_max=16000.0 std_dev_min=2578.855395744559 std_dev_max=3929.014794237795
2026-09-30 14:53:03,103 - modules.salary_history - INFO - Looking for salary history:, ('data_analytics', 'senior')
2026-09-30 14:53:03,104 - modules.salary_history - INFO - Salary lookup: ('data_analytics', 'senior'), count_min=147 count_max=147 avg_min=14075.659863945579 avg_max=22422.34693877551 median_min=12833.0 median_max=22400.0 std_dev_min=3546.299007506042 std_dev_max=2954.6965786624764
2026-09-30 14:53:03,108 - modules.salary_history - INFO - Looking for salary history:, ('software_it', 'junior')
2026-09-30 14:53:03,108 - modules.salary_history - INFO - Salary lookup: ('software_it', 'junior'), count_min=318 count_max=318 avg_min=6835.6163522012575 avg_max=9213.905660377359 median_min=6500.0 median_max=8750.0 std_dev_min=1693.5370236452802 std_dev_max=2162.1758648563323
2026-09-30 14:53:03,114 - modules.salary_history - INFO - Looking for salary history:, ('data_analytics', 'senior')
2026-09-30 14:53:03,114 - modules.salary_history - INFO - Salary lookup: ('data_analytics', 'senior'), count_min=147 count_max=147 avg_min=14075.659863945579 avg_max=22422.34693877551 median_min=12833.0 median_max=22400.0 std_dev_min=3546.299007506042 std_dev_max=2954.6965786624764
2026-09-30 14:53:03,121 - modules.salary_history - INFO - Looking for salary history:, ('data_analytics', 'senior')
2026-09-30 14:53:03,121 - modules.salary_history - INFO - Salary lookup: ('data_analytics', 'senior'), count_min=147 count_max=147 avg_min=14075.659863945579 avg_max=22422.34693877551 median_min=12833.0 median_max=22400.0 std_dev_min=3546.299007506042 std_dev_max=2954.6965786624764
2026-09-30 14:53:03,125 - modules.salary_history - INFO - Looking for salary history:, ('data_analytics', 'senior')
2026-09-30 14:53:03,125 - modules.salary_history - INFO - Salary lookup: ('data_analytics', 'senior'), count_min=147 count_max=147 avg_min=14075.659863945579 avg_max=22422.34693877551 median_min=12833.0 median_max=22400.0 std_dev_min=3546.299007506042 std_dev_max=2954.6965786624764
2026-09-30 14:53:03,129 - modules.salary_history - INFO - Looking for salary history:, ('marketing', 'junior')
2026-09-30 14:53:03,129 - modules.salary_history - INFO - Salary lookup: ('marketing', 'junior'), count_min=48 count_max=48 avg_min=5510.416666666667 avg_max=7527.083333333333 median_min=5500.0 median_max=7500.0 std_dev_min=125.88340321771476 std_dev_max=384.67426581478236
2026-09-30 14:53:03,132 - modules.salary_history - INFO - Looking for salary history:, ('sales_customer_service', 'junior')
2026-09-30 14:53:03,133 - modules.salary_history - INFO - Salary lookup: ('sales_customer_service', 'junior'), count_min=164 count_max=164 avg_min=5749.426829268293 avg_max=8203.19512195122 median_min=5500.0 median_max=8000.0 std_dev_min=1608.8244882139884 std_dev_max=1570.0371176029264
2026-09-30 14:53:03,136 - modules.salary_history - INFO - Looking for salary history:, ('procurement', 'junior')
2026-09-30 14:53:03,138 - modules.salary_history - INFO - Salary lookup: ('procurement', 'junior'), count_min=141 count_max=141 avg_min=6523.404255319149 avg_max=8736.170212765957 median_min=6500.0 median_max=8500.0 std_dev_min=657.4450871009619 std_dev_max=1202.4544301282083
2026-09-30 14:53:03,142 - modules.salary_history - INFO - Looking for salary history:, ('software_it', 'junior')
2026-09-30 14:53:03,142 - modules.salary_history - INFO - Salary lookup: ('software_it', 'junior'), count_min=318 count_max=318 avg_min=6835.6163522012575 avg_max=9213.905660377359 median_min=6500.0 median_max=8750.0 std_dev_min=1693.5370236452802 std_dev_max=2162.1758648563323
2026-09-30 14:53:03,145 - modules.salary_history - INFO - Looking for salary history:, ('administration', 'senior')
2026-09-30 14:53:03,145 - modules.salary_history - INFO - Salary lookup: ('administration', 'senior'), count_min=8 count_max=8 avg_min=7250.0 avg_max=9925.0 median_min=7000.0 median_max=9400.0 std_dev_min=1164.964745021435 std_dev_max=2108.3168642308015
2026-09-30 14:53:03,148 - modules.salary_history - INFO - Looking for salary history:, ('logistics_supply_chain', 'mid')
2026-09-30 14:53:03,149 - modules.salary_history - INFO - Salary lookup: ('logistics_supply_chain', 'mid'), count_min=1142 count_max=1142 avg_min=7061.37302977233 avg_max=9427.69877408056 median_min=7000.0 median_max=8500.0 std_dev_min=1502.211187945818 std_dev_max=5502.350087223172
2026-09-30 14:53:03,151 - modules.salary_history - INFO - Looking for salary history:, ('logistics_supply_chain', 'mid')
2026-09-30 14:53:03,152 - modules.salary_history - INFO - Salary lookup: ('logistics_supply_chain', 'mid'), count_min=1142 count_max=1142 avg_min=7061.37302977233 avg_max=9427.69877408056 median_min=7000.0 median_max=8500.0 std_dev_min=1502.211187945818 std_dev_max=5502.350087223172
2026-09-30 14:53:03,157 - modules.salary_history - INFO - Looking for salary history:, ('customer_operations', 'intern')
2026-09-30 14:53:03,157 - modules.salary_history - INFO - Salary lookup: ('customer_operations', 'intern'), count_min=1 count_max=1 avg_min=3000.0 avg_max=3000.0 median_min=3000.0 median_max=3000.0 std_dev_min=None std_dev_max=None
2026-09-30 14:53:03,160 - modules.salary_history - INFO - Looking for salary history:, ('finance_accounting', 'junior')
2026-09-30 14:53:03,161 - modules.salary_history - INFO - Salary lookup: ('finance_accounting', 'junior'), count_min=696 count_max=696 avg_min=5279.14367816092 avg_max=7454.270114942528 median_min=5000.0 median_max=7500.0 std_dev_min=969.1517388912574 std_dev_max=1463.5155610503543
2026-09-30 14:53:03,164 - modules.salary_history - INFO - Looking for salary history:, ('software_it', 'mid')
2026-09-30 14:53:03,164 - modules.salary_history - INFO - Salary lookup: ('software_it', 'mid'), count_min=505 count_max=505 avg_min=8676.440264026403 avg_max=12354.390099009901 median_min=7450.0 median_max=11100.0 std_dev_min=3595.8981301534177 std_dev_max=4288.264336088859
2026-09-30 14:53:03,167 - modules.salary_history - INFO - Looking for salary history:, ('legal_compliance_risk', 'junior')
2026-09-30 14:53:03,167 - modules.salary_history - INFO - Salary lookup: ('legal_compliance_risk', 'junior'), count_min=36 count_max=36 avg_min=6231.444444444444 avg_max=8353.666666666666 median_min=6000.0 median_max=7900.0 std_dev_min=1103.5878745371376 std_dev_max=1860.9078276091868
2026-09-30 14:53:03,170 - modules.salary_history - INFO - Looking for salary history:, ('finance_accounting', 'senior')
2026-09-30 14:53:03,172 - modules.salary_history - INFO - Salary lookup: ('finance_accounting', 'senior'), count_min=114 count_max=114 avg_min=8882.982456140351 avg_max=13023.333333333334 median_min=8000.0 median_max=12000.0 std_dev_min=2908.9951827290497 std_dev_max=3768.116749094733
2026-09-30 14:53:03,176 - modules.salary_history - INFO - Looking for salary history:, ('finance_accounting', 'mid')
2026-09-30 14:53:03,176 - modules.salary_history - INFO - Salary lookup: ('finance_accounting', 'mid'), count_min=1002 count_max=1002 avg_min=7232.041916167665 avg_max=10088.20359281437 median_min=7000.0 median_max=10000.0 std_dev_min=1511.6394888647312 std_dev_max=1987.2566461052725
2026-09-30 14:53:03,179 - modules.salary_history - INFO - Looking for salary history:, ('software_it', 'mid')
2026-09-30 14:53:03,179 - modules.salary_history - INFO - Salary lookup: ('software_it', 'mid'), count_min=505 count_max=505 avg_min=8676.440264026403 avg_max=12354.390099009901 median_min=7450.0 median_max=11100.0 std_dev_min=3595.8981301534177 std_dev_max=4288.264336088859
2026-09-30 14:53:03,183 - modules.salary_history - INFO - Looking for salary history:, ('software_it', 'mid')
2026-09-30 14:53:03,183 - modules.salary_history - INFO - Salary lookup: ('software_it', 'mid'), count_min=505 count_max=505 avg_min=8676.440264026403 avg_max=12354.390099009901 median_min=7450.0 median_max=11100.0 std_dev_min=3595.8981301534177 std_dev_max=4288.264336088859
2026-09-30 14:53:03,190 - modules.salary_history - INFO - Looking for salary history:, ('project_management', 'junior')
2026-09-30 14:53:03,190 - modules.salary_history - INFO - Salary lookup: ('project_management', 'junior'), count_min=61 count_max=61 avg_min=5889.836065573771 avg_max=7457.377049180328 median_min=5500.0 median_max=7000.0 std_dev_min=1751.7139148115089 std_dev_max=1975.2180484184055
2026-09-30 14:53:03,194 - modules.salary_history - INFO - Looking for salary history:, ('it_support', 'junior')
2026-09-30 14:53:03,194 - modules.salary_history - INFO - Salary lookup: ('it_support', 'junior'), count_min=73 count_max=73 avg_min=5685.890410958904 avg_max=7214.767123287671 median_min=5500.0 median_max=7000.0 std_dev_min=1266.0819216258813 std_dev_max=1863.1818850240809
2026-09-30 14:53:03,197 - modules.salary_history - INFO - Looking for salary history:, ('finance_accounting', 'intern')
2026-09-30 14:53:03,197 - modules.salary_history - INFO - Salary lookup: ('finance_accounting', 'intern'), count_min=86 count_max=86 avg_min=6440.232558139535 avg_max=7224.186046511628 median_min=5120.0 median_max=5600.0 std_dev_min=3774.0120566982782 std_dev_max=3798.8433116089363
2026-09-30 14:53:03,200 - modules.salary_history - INFO - Looking for salary history:, ('logistics_supply_chain', 'mid')
2026-09-30 14:53:03,200 - modules.salary_history - INFO - Salary lookup: ('logistics_supply_chain', 'mid'), count_min=1142 count_max=1142 avg_min=7061.37302977233 avg_max=9427.69877408056 median_min=7000.0 median_max=8500.0 std_dev_min=1502.211187945818 std_dev_max=5502.350087223172
2026-09-30 14:53:03,208 - modules.salary_history - INFO - Looking for salary history:, ('procurement', 'mid')
2026-09-30 14:53:03,208 - modules.salary_history - INFO - Salary lookup: ('procurement', 'mid'), count_min=350 count_max=350 avg_min=6694.042857142857 avg_max=9492.102857142858 median_min=6550.0 median_max=9500.0 std_dev_min=1031.9430505003918 std_dev_max=1729.4754693641116
2026-09-30 14:53:03,212 - modules.salary_history - INFO - Looking for salary history:, ('data_analytics', 'junior')
2026-09-30 14:53:03,212 - modules.salary_history - INFO - Salary lookup: ('data_analytics', 'junior'), count_min=831 count_max=831 avg_min=7001.696750902527 avg_max=9231.386281588448 median_min=7000.0 median_max=9100.0 std_dev_min=1524.4586270278216 std_dev_max=1924.9261763355235
2026-09-30 14:53:03,215 - modules.salary_history - INFO - Looking for salary history:, ('logistics_supply_chain', 'junior')
2026-09-30 14:53:03,215 - modules.salary_history - INFO - Salary lookup: ('logistics_supply_chain', 'junior'), count_min=312 count_max=312 avg_min=5309.846153846154 avg_max=6689.733974358975 median_min=5000.0 median_max=6500.0 std_dev_min=671.2836113493227 std_dev_max=1010.0578680691826
2026-09-30 14:53:03,219 - modules.salary_history - INFO - Looking for salary history:, ('software_it', 'senior')
2026-09-30 14:53:03,219 - modules.salary_history - INFO - Salary lookup: ('software_it', 'senior'), count_min=48 count_max=48 avg_min=12662.916666666666 avg_max=18005.694444444445 median_min=7000.0 median_max=14000.0 std_dev_min=9390.36422340619 std_dev_max=9364.09416626977
2026-09-30 14:53:03,223 - modules.salary_history - INFO - Looking for salary history:, ('software_it', 'senior')
2026-09-30 14:53:03,224 - modules.salary_history - INFO - Salary lookup: ('software_it', 'senior'), count_min=48 count_max=48 avg_min=12662.916666666666 avg_max=18005.694444444445 median_min=7000.0 median_max=14000.0 std_dev_min=9390.36422340619 std_dev_max=9364.09416626977
2026-09-30 14:53:03,227 - modules.salary_history - INFO - Looking for salary history:, ('software_it', 'senior')
2026-09-30 14:53:03,227 - modules.salary_history - INFO - Salary lookup: ('software_it', 'senior'), count_min=48 count_max=48 avg_min=12662.916666666666 avg_max=18005.694444444445 median_min=7000.0 median_max=14000.0 std_dev_min=9390.36422340619 std_dev_max=9364.09416626977
2026-09-30 14:53:03,234 - modules.salary_history - INFO - Looking for salary history:, ('data_analytics', 'mid')
2026-09-30 14:53:03,234 - modules.salary_history - INFO - Salary lookup: ('data_analytics', 'mid'), count_min=2127 count_max=2127 avg_min=9315.26531891553 avg_max=15317.084782949381 median_min=9000.0 median_max=16000.0 std_dev_min=2578.855395744559 std_dev_max=3929.014794237795
2026-09-30 14:53:03,238 - modules.salary_history - INFO - Looking for salary history:, ('data_analytics', 'mid')
2026-09-30 14:53:03,238 - modules.salary_history - INFO - Salary lookup: ('data_analytics', 'mid'), count_min=2127 count_max=2127 avg_min=9315.26531891553 avg_max=15317.084782949381 median_min=9000.0 median_max=16000.0 std_dev_min=2578.855395744559 std_dev_max=3929.014794237795
2026-09-30 14:53:03,242 - modules.salary_history - INFO - Looking for salary history:, ('data_analytics', 'junior')
2026-09-30 14:53:03,243 - modules.salary_history - INFO - Salary lookup: ('data_analytics', 'junior'), count_min=831 count_max=831 avg_min=7001.696750902527 avg_max=9231.386281588448 median_min=7000.0 median_max=9100.0 std_dev_min=1524.4586270278216 std_dev_max=1924.9261763355235
2026-09-30 14:53:03,246 - modules.salary_history - INFO - Looking for salary history:, ('data_analytics', 'mid')
2026-09-30 14:53:03,246 - modules.salary_history - INFO - Salary lookup: ('data_analytics', 'mid'), count_min=2127 count_max=2127 avg_min=9315.26531891553 avg_max=15317.084782949381 median_min=9000.0 median_max=16000.0 std_dev_min=2578.855395744559 std_dev_max=3929.014794237795
2026-09-30 14:53:03,249 - modules.salary_history - INFO - Looking for salary history:, ('finance_accounting', 'mid')
2026-09-30 14:53:03,249 - modules.salary_history - INFO - Salary lookup: ('finance_accounting', 'mid'), count_min=1002 count_max=1002 avg_min=7232.041916167665 avg_max=10088.20359281437 median_min=7000.0 median_max=10000.0 std_dev_min=1511.6394888647312 std_dev_max=1987.2566461052725
2026-09-30 14:53:03,258 - modules.salary_history - INFO - Looking for salary history:, ('data_analytics', 'junior')
2026-09-30 14:53:03,258 - modules.salary_history - INFO - Salary lookup: ('data_analytics', 'junior'), count_min=831 count_max=831 avg_min=7001.696750902527 avg_max=9231.386281588448 median_min=7000.0 median_max=9100.0 std_dev_min=1524.4586270278216 std_dev_max=1924.9261763355235
2026-09-30 14:53:03,262 - modules.salary_history - INFO - Looking for salary history:, ('data_analytics', 'junior')
2026-09-30 14:53:03,262 - modules.salary_history - INFO - Salary lookup: ('data_analytics', 'junior'), count_min=831 count_max=831 avg_min=7001.696750902527 avg_max=9231.386281588448 median_min=7000.0 median_max=9100.0 std_dev_min=1524.4586270278216 std_dev_max=1924.9261763355235
2026-09-30 14:53:03,265 - modules.salary_history - INFO - Looking for salary history:, ('software_it', 'junior')
2026-09-30 14:53:03,265 - modules.salary_history - INFO - Salary lookup: ('software_it', 'junior'), count_min=318 count_max=318 avg_min=6835.6163522012575 avg_max=9213.905660377359 median_min=6500.0 median_max=8750.0 std_dev_min=1693.5370236452802 std_dev_max=2162.1758648563323
2026-09-30 14:53:03,268 - modules.salary_history - INFO - Looking for salary history:, ('data_analytics', 'junior')
2026-09-30 14:53:03,268 - modules.salary_history - INFO - Salary lookup: ('data_analytics', 'junior'), count_min=831 count_max=831 avg_min=7001.696750902527 avg_max=9231.386281588448 median_min=7000.0 median_max=9100.0 std_dev_min=1524.4586270278216 std_dev_max=1924.9261763355235
2026-09-30 14:53:03,273 - modules.salary_history - INFO - Looking for salary history:, ('software_it', 'junior')
2026-09-30 14:53:03,273 - modules.salary_history - INFO - Salary lookup: ('software_it', 'junior'), count_min=318 count_max=318 avg_min=6835.6163522012575 avg_max=9213.905660377359 median_min=6500.0 median_max=8750.0 std_dev_min=1693.5370236452802 std_dev_max=2162.1758648563323
2026-09-30 14:53:03,278 - modules.salary_history - INFO - Looking for salary history:, ('logistics_supply_chain', 'mid')
2026-09-30 14:53:03,278 - modules.salary_history - INFO - Salary lookup: ('logistics_supply_chain', 'mid'), count_min=1142 count_max=1142 avg_min=7061.37302977233 avg_max=9427.69877408056 median_min=7000.0 median_max=8500.0 std_dev_min=1502.211187945818 std_dev_max=5502.350087223172
2026-09-30 14:53:03,282 - modules.salary_history - INFO - Looking for salary history:, ('data_analytics', 'mid')
2026-09-30 14:53:03,282 - modules.salary_history - INFO - Salary lookup: ('data_analytics', 'mid'), count_min=2127 count_max=2127 avg_min=9315.26531891553 avg_max=15317.084782949381 median_min=9000.0 median_max=16000.0 std_dev_min=2578.855395744559 std_dev_max=3929.014794237795
2026-09-30 14:53:03,285 - modules.salary_history - INFO - Looking for salary history:, ('data_analytics', 'junior')
2026-09-30 14:53:03,286 - modules.salary_history - INFO - Salary lookup: ('data_analytics', 'junior'), count_min=831 count_max=831 avg_min=7001.696750902527 avg_max=9231.386281588448 median_min=7000.0 median_max=9100.0 std_dev_min=1524.4586270278216 std_dev_max=1924.9261763355235
2026-09-30 14:53:03,290 - modules.salary_history - INFO - Looking for salary history:, ('software_it', 'junior')
2026-09-30 14:53:03,290 - modules.salary_history - INFO - Salary lookup: ('software_it', 'junior'), count_min=318 count_max=318 avg_min=6835.6163522012575 avg_max=9213.905660377359 median_min=6500.0 median_max=8750.0 std_dev_min=1693.5370236452802 std_dev_max=2162.1758648563323
2026-09-30 14:53:03,293 - modules.salary_history - INFO - Looking for salary history:, ('finance_accounting', 'mid')
2026-09-30 14:53:03,293 - modules.salary_history - INFO - Salary lookup: ('finance_accounting', 'mid'), count_min=1002 count_max=1002 avg_min=7232.041916167665 avg_max=10088.20359281437 median_min=7000.0 median_max=10000.0 std_dev_min=1511.6394888647312 std_dev_max=1987.2566461052725
2026-09-30 14:53:03,300 - modules.salary_history - INFO - Looking for salary history:, ('data_analytics', 'junior')
2026-09-30 14:53:03,300 - modules.salary_history - INFO - Salary lookup: ('data_analytics', 'junior'), count_min=831 count_max=831 avg_min=7001.696750902527 avg_max=9231.386281588448 median_min=7000.0 median_max=9100.0 std_dev_min=1524.4586270278216 std_dev_max=1924.9261763355235
2026-09-30 14:53:03,304 - modules.salary_history - INFO - Looking for salary history:, ('data_analytics', 'junior')
2026-09-30 14:53:03,304 - modules.salary_history - INFO - Salary lookup: ('data_analytics', 'junior'), count_min=831 count_max=831 avg_min=7001.696750902527 avg_max=9231.386281588448 median_min=7000.0 median_max=9100.0 std_dev_min=1524.4586270278216 std_dev_max=1924.9261763355235
2026-09-30 14:53:03,308 - modules.salary_history - INFO - Looking for salary history:, ('software_it', 'junior')
2026-09-30 14:53:03,308 - modules.salary_history - INFO - Salary lookup: ('software_it', 'junior'), count_min=318 count_max=318 avg_min=6835.6163522012575 avg_max=9213.905660377359 median_min=6500.0 median_max=8750.0 std_dev_min=1693.5370236452802 std_dev_max=2162.1758648563323
2026-09-30 14:53:03,312 - modules.salary_history - INFO - Looking for salary history:, ('software_it', 'junior')
2026-09-30 14:53:03,312 - modules.salary_history - INFO - Salary lookup: ('software_it', 'junior'), count_min=318 count_max=318 avg_min=6835.6163522012575 avg_max=9213.905660377359 median_min=6500.0 median_max=8750.0 std_dev_min=1693.5370236452802 std_dev_max=2162.1758648563323
2026-09-30 14:53:03,318 - modules.salary_history - INFO - Looking for salary history:, ('data_analytics', 'junior')
2026-09-30 14:53:03,318 - modules.salary_history - INFO - Salary lookup: ('data_analytics', 'junior'), count_min=831 count_max=831 avg_min=7001.696750902527 avg_max=9231.386281588448 median_min=7000.0 median_max=9100.0 std_dev_min=1524.4586270278216 std_dev_max=1924.9261763355235
2026-09-30 14:53:03,322 - modules.salary_history - INFO - Looking for salary history:, ('software_it', 'junior')
2026-09-30 14:53:03,323 - modules.salary_history - INFO - Salary lookup: ('software_it', 'junior'), count_min=318 count_max=318 avg_min=6835.6163522012575 avg_max=9213.905660377359 median_min=6500.0 median_max=8750.0 std_dev_min=1693.5370236452802 std_dev_max=2162.1758648563323
2026-09-30 14:53:03,327 - modules.salary_history - INFO - Looking for salary history:, ('marketing', 'junior')
2026-09-30 14:53:03,327 - modules.salary_history - INFO - Salary lookup: ('marketing', 'junior'), count_min=48 count_max=48 avg_min=5510.416666666667 avg_max=7527.083333333333 median_min=5500.0 median_max=7500.0 std_dev_min=125.88340321771476 std_dev_max=384.67426581478236
2026-09-30 14:53:03,356 - modules.salary_history - INFO - Looking for salary history:, ('data_analytics', 'junior')
2026-09-30 14:53:03,356 - modules.salary_history - INFO - Salary lookup: ('data_analytics', 'junior'), count_min=831 count_max=831 avg_min=7001.696750902527 avg_max=9231.386281588448 median_min=7000.0 median_max=9100.0 std_dev_min=1524.4586270278216 std_dev_max=1924.9261763355235
2026-09-30 14:53:03,359 - modules.salary_history - INFO - Looking for salary history:, ('data_analytics', 'junior')
2026-09-30 14:53:03,360 - modules.salary_history - INFO - Salary lookup: ('data_analytics', 'junior'), count_min=831 count_max=831 avg_min=7001.696750902527 avg_max=9231.386281588448 median_min=7000.0 median_max=9100.0 std_dev_min=1524.4586270278216 std_dev_max=1924.9261763355235
2026-09-30 14:53:03,363 - modules.salary_history - INFO - Looking for salary history:, ('software_it', 'junior')
2026-09-30 14:53:03,363 - modules.salary_history - INFO - Salary lookup: ('software_it', 'junior'), count_min=318 count_max=318 avg_min=6835.6163522012575 avg_max=9213.905660377359 median_min=6500.0 median_max=8750.0 std_dev_min=1693.5370236452802 std_dev_max=2162.1758648563323
2026-09-30 14:53:03,366 - modules.salary_history - INFO - Looking for salary history:, ('project_management', 'manager')
2026-09-30 14:53:03,367 - modules.salary_history - INFO - Salary lookup: ('project_management', 'manager'), count_min=35 count_max=35 avg_min=8704.57142857143 avg_max=15853.142857142857 median_min=6000.0 median_max=14000.0 std_dev_min=5560.799954543751 std_dev_max=5877.136042940208
2026-09-30 14:53:03,370 - modules.salary_history - INFO - Looking for salary history:, ('project_management', 'manager')
2026-09-30 14:53:03,371 - modules.salary_history - INFO - Salary lookup: ('project_management', 'manager'), count_min=35 count_max=35 avg_min=8704.57142857143 avg_max=15853.142857142857 median_min=6000.0 median_max=14000.0 std_dev_min=5560.799954543751 std_dev_max=5877.136042940208
2026-09-30 14:53:03,375 - modules.salary_history - INFO - Looking for salary history:, ('medical', 'manager')
2026-09-30 14:53:03,376 - modules.salary_history - INFO - Salary lookup: ('medical', 'manager'), None
2026-09-30 14:53:03,379 - modules.salary_history - INFO - Looking for salary history:, ('engineering_production', 'manager')
2026-09-30 14:53:03,379 - modules.salary_history - INFO - Salary lookup: ('engineering_production', 'manager'), count_min=10 count_max=10 avg_min=13196.0 avg_max=17596.0 median_min=15000.0 median_max=20000.0 std_dev_min=3833.441157903837 std_dev_max=5264.234037350543
2026-09-30 14:53:03,383 - modules.salary_history - INFO - Looking for salary history:, ('engineering_production', 'manager')
2026-09-30 14:53:03,383 - modules.salary_history - INFO - Salary lookup: ('engineering_production', 'manager'), count_min=10 count_max=10 avg_min=13196.0 avg_max=17596.0 median_min=15000.0 median_max=20000.0 std_dev_min=3833.441157903837 std_dev_max=5264.234037350543
2026-09-30 14:53:03,387 - modules.salary_history - INFO - Looking for salary history:, ('data_analytics', 'junior')
2026-09-30 14:53:03,387 - modules.salary_history - INFO - Salary lookup: ('data_analytics', 'junior'), count_min=831 count_max=831 avg_min=7001.696750902527 avg_max=9231.386281588448 median_min=7000.0 median_max=9100.0 std_dev_min=1524.4586270278216 std_dev_max=1924.9261763355235
2026-09-30 14:53:03,391 - modules.salary_history - INFO - Looking for salary history:, ('software_it', 'junior')
2026-09-30 14:53:03,391 - modules.salary_history - INFO - Salary lookup: ('software_it', 'junior'), count_min=318 count_max=318 avg_min=6835.6163522012575 avg_max=9213.905660377359 median_min=6500.0 median_max=8750.0 std_dev_min=1693.5370236452802 std_dev_max=2162.1758648563323
2026-09-30 14:53:03,399 - modules.salary_history - INFO - Looking for salary history:, ('data_analytics', 'mid')
2026-09-30 14:53:03,399 - modules.salary_history - INFO - Salary lookup: ('data_analytics', 'mid'), count_min=2127 count_max=2127 avg_min=9315.26531891553 avg_max=15317.084782949381 median_min=9000.0 median_max=16000.0 std_dev_min=2578.855395744559 std_dev_max=3929.014794237795
2026-09-30 14:53:03,402 - modules.salary_history - INFO - Looking for salary history:, ('data_analytics', 'mid')
2026-09-30 14:53:03,402 - modules.salary_history - INFO - Salary lookup: ('data_analytics', 'mid'), count_min=2127 count_max=2127 avg_min=9315.26531891553 avg_max=15317.084782949381 median_min=9000.0 median_max=16000.0 std_dev_min=2578.855395744559 std_dev_max=3929.014794237795
2026-09-30 14:53:03,407 - modules.salary_history - INFO - Looking for salary history:, ('data_analytics', 'junior')
2026-09-30 14:53:03,407 - modules.salary_history - INFO - Salary lookup: ('data_analytics', 'junior'), count_min=831 count_max=831 avg_min=7001.696750902527 avg_max=9231.386281588448 median_min=7000.0 median_max=9100.0 std_dev_min=1524.4586270278216 std_dev_max=1924.9261763355235
2026-09-30 14:53:03,410 - modules.salary_history - INFO - Looking for salary history:, ('data_analytics', 'junior')
2026-09-30 14:53:03,410 - modules.salary_history - INFO - Salary lookup: ('data_analytics', 'junior'), count_min=831 count_max=831 avg_min=7001.696750902527 avg_max=9231.386281588448 median_min=7000.0 median_max=9100.0 std_dev_min=1524.4586270278216 std_dev_max=1924.9261763355235
2026-09-30 14:53:03,414 - modules.salary_history - INFO - Looking for salary history:, ('software_it', 'junior')
2026-09-30 14:53:03,414 - modules.salary_history - INFO - Salary lookup: ('software_it', 'junior'), count_min=318 count_max=318 avg_min=6835.6163522012575 avg_max=9213.905660377359 median_min=6500.0 median_max=8750.0 std_dev_min=1693.5370236452802 std_dev_max=2162.1758648563323
2026-09-30 14:53:03,417 - modules.salary_history - INFO - Looking for salary history:, ('software_it', 'junior')
2026-09-30 14:53:03,418 - modules.salary_history - INFO - Salary lookup: ('software_it', 'junior'), count_min=318 count_max=318 avg_min=6835.6163522012575 avg_max=9213.905660377359 median_min=6500.0 median_max=8750.0 std_dev_min=1693.5370236452802 std_dev_max=2162.1758648563323
2026-09-30 14:53:03,422 - modules.salary_history - INFO - Looking for salary history:, ('data_analytics', 'junior')
2026-09-30 14:53:03,422 - modules.salary_history - INFO - Salary lookup: ('data_analytics', 'junior'), count_min=831 count_max=831 avg_min=7001.696750902527 avg_max=9231.386281588448 median_min=7000.0 median_max=9100.0 std_dev_min=1524.4586270278216 std_dev_max=1924.9261763355235
2026-09-30 14:53:03,425 - modules.salary_history - INFO - Looking for salary history:, ('data_analytics', 'junior')
2026-09-30 14:53:03,426 - modules.salary_history - INFO - Salary lookup: ('data_analytics', 'junior'), count_min=831 count_max=831 avg_min=7001.696750902527 avg_max=9231.386281588448 median_min=7000.0 median_max=9100.0 std_dev_min=1524.4586270278216 std_dev_max=1924.9261763355235
2026-09-30 14:53:03,429 - modules.salary_history - INFO - Looking for salary history:, ('software_it', 'junior')
2026-09-30 14:53:03,429 - modules.salary_history - INFO - Salary lookup: ('software_it', 'junior'), count_min=318 count_max=318 avg_min=6835.6163522012575 avg_max=9213.905660377359 median_min=6500.0 median_max=8750.0 std_dev_min=1693.5370236452802 std_dev_max=2162.1758648563323
2026-09-30 14:53:03,435 - modules.salary_history - INFO - Looking for salary history:, ('data_analytics', 'mid')
2026-09-30 14:53:03,435 - modules.salary_history - INFO - Salary lookup: ('data_analytics', 'mid'), count_min=2127 count_max=2127 avg_min=9315.26531891553 avg_max=15317.084782949381 median_min=9000.0 median_max=16000.0 std_dev_min=2578.855395744559 std_dev_max=3929.014794237795
2026-09-30 14:53:03,438 - modules.salary_history - INFO - Looking for salary history:, ('data_analytics', 'mid')
2026-09-30 14:53:03,439 - modules.salary_history - INFO - Salary lookup: ('data_analytics', 'mid'), count_min=2127 count_max=2127 avg_min=9315.26531891553 avg_max=15317.084782949381 median_min=9000.0 median_max=16000.0 std_dev_min=2578.855395744559 std_dev_max=3929.014794237795
2026-09-30 14:53:03,442 - modules.salary_history - INFO - Looking for salary history:, ('software_it', 'mid')
2026-09-30 14:53:03,443 - modules.salary_history - INFO - Salary lookup: ('software_it', 'mid'), count_min=505 count_max=505 avg_min=8676.440264026403 avg_max=12354.390099009901 median_min=7450.0 median_max=11100.0 std_dev_min=3595.8981301534177 std_dev_max=4288.264336088859
2026-09-30 14:53:03,446 - modules.salary_history - INFO - Looking for salary history:, ('data_analytics', 'mid')
2026-09-30 14:53:03,446 - modules.salary_history - INFO - Salary lookup: ('data_analytics', 'mid'), count_min=2127 count_max=2127 avg_min=9315.26531891553 avg_max=15317.084782949381 median_min=9000.0 median_max=16000.0 std_dev_min=2578.855395744559 std_dev_max=3929.014794237795
2026-09-30 14:53:03,449 - modules.salary_history - INFO - Looking for salary history:, ('software_it', 'mid')
2026-09-30 14:53:03,449 - modules.salary_history - INFO - Salary lookup: ('software_it', 'mid'), count_min=505 count_max=505 avg_min=8676.440264026403 avg_max=12354.390099009901 median_min=7450.0 median_max=11100.0 std_dev_min=3595.8981301534177 std_dev_max=4288.264336088859
2026-09-30 14:53:03,456 - modules.salary_history - INFO - Looking for salary history:, ('software_it', 'mid')
2026-09-30 14:53:03,458 - modules.salary_history - INFO - Salary lookup: ('software_it', 'mid'), count_min=505 count_max=505 avg_min=8676.440264026403 avg_max=12354.390099009901 median_min=7450.0 median_max=11100.0 std_dev_min=3595.8981301534177 std_dev_max=4288.264336088859
2026-09-30 14:53:03,478 - modules.salary_history - INFO - Looking for salary history:, ('data_analytics', 'junior')
2026-09-30 14:53:03,501 - modules.salary_history - INFO - Salary lookup: ('data_analytics', 'junior'), count_min=831 count_max=831 avg_min=7001.696750902527 avg_max=9231.386281588448 median_min=7000.0 median_max=9100.0 std_dev_min=1524.4586270278216 std_dev_max=1924.9261763355235
2026-09-30 14:53:03,512 - modules.salary_history - INFO - Looking for salary history:, ('data_analytics', 'junior')
2026-09-30 14:53:03,513 - modules.salary_history - INFO - Salary lookup: ('data_analytics', 'junior'), count_min=831 count_max=831 avg_min=7001.696750902527 avg_max=9231.386281588448 median_min=7000.0 median_max=9100.0 std_dev_min=1524.4586270278216 std_dev_max=1924.9261763355235
2026-09-30 14:53:03,518 - modules.salary_history - INFO - Looking for salary history:, ('software_it', 'junior')
2026-09-30 14:53:03,519 - modules.salary_history - INFO - Salary lookup: ('software_it', 'junior'), count_min=318 count_max=318 avg_min=6835.6163522012575 avg_max=9213.905660377359 median_min=6500.0 median_max=8750.0 std_dev_min=1693.5370236452802 std_dev_max=2162.1758648563323
2026-09-30 14:53:03,523 - modules.salary_history - INFO - Looking for salary history:, ('logistics_supply_chain', 'junior')
2026-09-30 14:53:03,524 - modules.salary_history - INFO - Salary lookup: ('logistics_supply_chain', 'junior'), count_min=312 count_max=312 avg_min=5309.846153846154 avg_max=6689.733974358975 median_min=5000.0 median_max=6500.0 std_dev_min=671.2836113493227 std_dev_max=1010.0578680691826
2026-09-30 14:53:03,532 - modules.salary_history - INFO - Looking for salary history:, ('procurement', 'mid')
2026-09-30 14:53:03,532 - modules.salary_history - INFO - Salary lookup: ('procurement', 'mid'), count_min=350 count_max=350 avg_min=6694.042857142857 avg_max=9492.102857142858 median_min=6550.0 median_max=9500.0 std_dev_min=1031.9430505003918 std_dev_max=1729.4754693641116
2026-09-30 14:53:03,539 - modules.salary_history - INFO - Looking for salary history:, ('data_analytics', 'junior')
2026-09-30 14:53:03,540 - modules.salary_history - INFO - Salary lookup: ('data_analytics', 'junior'), count_min=831 count_max=831 avg_min=7001.696750902527 avg_max=9231.386281588448 median_min=7000.0 median_max=9100.0 std_dev_min=1524.4586270278216 std_dev_max=1924.9261763355235
2026-09-30 14:53:03,544 - modules.salary_history - INFO - Looking for salary history:, ('engineering_production', 'intern')
2026-09-30 14:53:03,545 - modules.salary_history - INFO - Salary lookup: ('engineering_production', 'intern'), None
2026-09-30 14:53:03,548 - modules.salary_history - INFO - Looking for salary history:, ('engineering_production', 'mid')
2026-09-30 14:53:03,548 - modules.salary_history - INFO - Salary lookup: ('engineering_production', 'mid'), count_min=162 count_max=162 avg_min=6460.123456790124 avg_max=9375.061728395061 median_min=6000.0 median_max=9000.0 std_dev_min=1832.4710898736598 std_dev_max=2557.960233305465
2026-09-30 14:53:03,556 - modules.salary_history - INFO - Looking for salary history:, ('hr', 'junior')
2026-09-30 14:53:03,557 - modules.salary_history - INFO - Salary lookup: ('hr', 'junior'), count_min=97 count_max=97 avg_min=5934.639175257732 avg_max=6970.103092783505 median_min=6000.0 median_max=7000.0 std_dev_min=368.3353936282973 std_dev_max=654.0204106864721
2026-09-30 14:53:03,561 - modules.salary_history - INFO - Looking for salary history:, ('it_support', 'junior')
2026-09-30 14:53:03,561 - modules.salary_history - INFO - Salary lookup: ('it_support', 'junior'), count_min=73 count_max=73 avg_min=5685.890410958904 avg_max=7214.767123287671 median_min=5500.0 median_max=7000.0 std_dev_min=1266.0819216258813 std_dev_max=1863.1818850240809
2026-09-30 14:53:03,564 - modules.salary_history - INFO - Looking for salary history:, ('logistics_supply_chain', 'junior')
2026-09-30 14:53:03,565 - modules.salary_history - INFO - Salary lookup: ('logistics_supply_chain', 'junior'), count_min=312 count_max=312 avg_min=5309.846153846154 avg_max=6689.733974358975 median_min=5000.0 median_max=6500.0 std_dev_min=671.2836113493227 std_dev_max=1010.0578680691826
2026-09-30 14:53:03,568 - modules.salary_history - INFO - Looking for salary history:, ('logistics_supply_chain', 'mid')
2026-09-30 14:53:03,568 - modules.salary_history - INFO - Salary lookup: ('logistics_supply_chain', 'mid'), count_min=1142 count_max=1142 avg_min=7061.37302977233 avg_max=9427.69877408056 median_min=7000.0 median_max=8500.0 std_dev_min=1502.211187945818 std_dev_max=5502.350087223172
2026-09-30 14:53:03,572 - modules.salary_history - INFO - Looking for salary history:, ('data_analytics', 'mid')
2026-09-30 14:53:03,572 - modules.salary_history - INFO - Salary lookup: ('data_analytics', 'mid'), count_min=2127 count_max=2127 avg_min=9315.26531891553 avg_max=15317.084782949381 median_min=9000.0 median_max=16000.0 std_dev_min=2578.855395744559 std_dev_max=3929.014794237795
2026-09-30 14:53:03,575 - modules.salary_history - INFO - Looking for salary history:, ('software_it', 'mid')
2026-09-30 14:53:03,576 - modules.salary_history - INFO - Salary lookup: ('software_it', 'mid'), count_min=505 count_max=505 avg_min=8676.440264026403 avg_max=12354.390099009901 median_min=7450.0 median_max=11100.0 std_dev_min=3595.8981301534177 std_dev_max=4288.264336088859
2026-09-30 14:53:03,579 - modules.salary_history - INFO - Looking for salary history:, ('software_it', 'mid')
2026-09-30 14:53:03,579 - modules.salary_history - INFO - Salary lookup: ('software_it', 'mid'), count_min=505 count_max=505 avg_min=8676.440264026403 avg_max=12354.390099009901 median_min=7450.0 median_max=11100.0 std_dev_min=3595.8981301534177 std_dev_max=4288.264336088859
2026-09-30 14:53:03,585 - modules.salary_history - INFO - Looking for salary history:, ('project_management', 'junior')
2026-09-30 14:53:03,586 - modules.salary_history - INFO - Salary lookup: ('project_management', 'junior'), count_min=61 count_max=61 avg_min=5889.836065573771 avg_max=7457.377049180328 median_min=5500.0 median_max=7000.0 std_dev_min=1751.7139148115089 std_dev_max=1975.2180484184055
2026-09-30 14:53:03,589 - modules.salary_history - INFO - Looking for salary history:, ('software_it', 'mid')
2026-09-30 14:53:03,589 - modules.salary_history - INFO - Salary lookup: ('software_it', 'mid'), count_min=505 count_max=505 avg_min=8676.440264026403 avg_max=12354.390099009901 median_min=7450.0 median_max=11100.0 std_dev_min=3595.8981301534177 std_dev_max=4288.264336088859
2026-09-30 14:53:03,593 - modules.salary_history - INFO - Looking for salary history:, ('engineering_production', 'junior')
2026-09-30 14:53:03,593 - modules.salary_history - INFO - Salary lookup: ('engineering_production', 'junior'), count_min=59 count_max=59 avg_min=6533.8983050847455 avg_max=8052.542372881356 median_min=6500.0 median_max=8000.0 std_dev_min=306.0370551665415 std_dev_max=338.53433188265836
2026-09-30 14:53:03,597 - modules.salary_history - INFO - Looking for salary history:, ('data_analytics', 'senior')
2026-09-30 14:53:03,597 - modules.salary_history - INFO - Salary lookup: ('data_analytics', 'senior'), count_min=147 count_max=147 avg_min=14075.659863945579 avg_max=22422.34693877551 median_min=12833.0 median_max=22400.0 std_dev_min=3546.299007506042 std_dev_max=2954.6965786624764
2026-09-30 14:53:03,600 - modules.salary_history - INFO - Looking for salary history:, ('data_analytics', 'mid')
2026-09-30 14:53:03,600 - modules.salary_history - INFO - Salary lookup: ('data_analytics', 'mid'), count_min=2127 count_max=2127 avg_min=9315.26531891553 avg_max=15317.084782949381 median_min=9000.0 median_max=16000.0 std_dev_min=2578.855395744559 std_dev_max=3929.014794237795
2026-09-30 14:53:03,603 - modules.salary_history - INFO - Looking for salary history:, ('finance_accounting', 'mid')
2026-09-30 14:53:03,604 - modules.salary_history - INFO - Salary lookup: ('finance_accounting', 'mid'), count_min=1002 count_max=1002 avg_min=7232.041916167665 avg_max=10088.20359281437 median_min=7000.0 median_max=10000.0 std_dev_min=1511.6394888647312 std_dev_max=1987.2566461052725
2026-09-30 14:53:03,607 - modules.salary_history - INFO - Looking for salary history:, ('finance_accounting', 'mid')
2026-09-30 14:53:03,607 - modules.salary_history - INFO - Salary lookup: ('finance_accounting', 'mid'), count_min=1002 count_max=1002 avg_min=7232.041916167665 avg_max=10088.20359281437 median_min=7000.0 median_max=10000.0 std_dev_min=1511.6394888647312 std_dev_max=1987.2566461052725
2026-09-30 14:53:03,611 - modules.salary_history - INFO - Looking for salary history:, ('finance_accounting', 'mid')
2026-09-30 14:53:03,612 - modules.salary_history - INFO - Salary lookup: ('finance_accounting', 'mid'), count_min=1002 count_max=1002 avg_min=7232.041916167665 avg_max=10088.20359281437 median_min=7000.0 median_max=10000.0 std_dev_min=1511.6394888647312 std_dev_max=1987.2566461052725
2026-09-30 14:53:03,615 - modules.salary_history - INFO - Looking for salary history:, ('software_it', 'mid')
2026-09-30 14:53:03,615 - modules.salary_history - INFO - Salary lookup: ('software_it', 'mid'), count_min=505 count_max=505 avg_min=8676.440264026403 avg_max=12354.390099009901 median_min=7450.0 median_max=11100.0 std_dev_min=3595.8981301534177 std_dev_max=4288.264336088859
2026-09-30 14:53:03,618 - modules.salary_history - INFO - Looking for salary history:, ('data_analytics', 'mid')
2026-09-30 14:53:03,618 - modules.salary_history - INFO - Salary lookup: ('data_analytics', 'mid'), count_min=2127 count_max=2127 avg_min=9315.26531891553 avg_max=15317.084782949381 median_min=9000.0 median_max=16000.0 std_dev_min=2578.855395744559 std_dev_max=3929.014794237795
2026-09-30 14:53:03,622 - modules.salary_history - INFO - Looking for salary history:, ('data_analytics', 'mid')
2026-09-30 14:53:03,622 - modules.salary_history - INFO - Salary lookup: ('data_analytics', 'mid'), count_min=2127 count_max=2127 avg_min=9315.26531891553 avg_max=15317.084782949381 median_min=9000.0 median_max=16000.0 std_dev_min=2578.855395744559 std_dev_max=3929.014794237795
2026-09-30 14:53:03,625 - modules.salary_history - INFO - Looking for salary history:, ('data_analytics', 'senior')
2026-09-30 14:53:03,626 - modules.salary_history - INFO - Salary lookup: ('data_analytics', 'senior'), count_min=147 count_max=147 avg_min=14075.659863945579 avg_max=22422.34693877551 median_min=12833.0 median_max=22400.0 std_dev_min=3546.299007506042 std_dev_max=2954.6965786624764
2026-09-30 14:53:03,628 - modules.salary_history - INFO - Looking for salary history:, ('data_analytics', 'senior')
2026-09-30 14:53:03,628 - modules.salary_history - INFO - Salary lookup: ('data_analytics', 'senior'), count_min=147 count_max=147 avg_min=14075.659863945579 avg_max=22422.34693877551 median_min=12833.0 median_max=22400.0 std_dev_min=3546.299007506042 std_dev_max=2954.6965786624764
2026-09-30 14:53:03,632 - modules.salary_history - INFO - Looking for salary history:, ('software_it', 'mid')
2026-09-30 14:53:03,632 - modules.salary_history - INFO - Salary lookup: ('software_it', 'mid'), count_min=505 count_max=505 avg_min=8676.440264026403 avg_max=12354.390099009901 median_min=7450.0 median_max=11100.0 std_dev_min=3595.8981301534177 std_dev_max=4288.264336088859
2026-09-30 14:53:03,636 - modules.salary_history - INFO - Looking for salary history:, ('data_analytics', 'mid')
2026-09-30 14:53:03,636 - modules.salary_history - INFO - Salary lookup: ('data_analytics', 'mid'), count_min=2127 count_max=2127 avg_min=9315.26531891553 avg_max=15317.084782949381 median_min=9000.0 median_max=16000.0 std_dev_min=2578.855395744559 std_dev_max=3929.014794237795
2026-09-30 14:53:03,640 - modules.salary_history - INFO - Looking for salary history:, ('data_analytics', 'mid')
2026-09-30 14:53:03,640 - modules.salary_history - INFO - Salary lookup: ('data_analytics', 'mid'), count_min=2127 count_max=2127 avg_min=9315.26531891553 avg_max=15317.084782949381 median_min=9000.0 median_max=16000.0 std_dev_min=2578.855395744559 std_dev_max=3929.014794237795
2026-09-30 14:53:03,644 - modules.salary_history - INFO - Looking for salary history:, ('data_analytics', 'senior')
2026-09-30 14:53:03,645 - modules.salary_history - INFO - Salary lookup: ('data_analytics', 'senior'), count_min=147 count_max=147 avg_min=14075.659863945579 avg_max=22422.34693877551 median_min=12833.0 median_max=22400.0 std_dev_min=3546.299007506042 std_dev_max=2954.6965786624764
2026-09-30 14:53:03,648 - modules.salary_history - INFO - Looking for salary history:, ('data_analytics', 'senior')
2026-09-30 14:53:03,648 - modules.salary_history - INFO - Salary lookup: ('data_analytics', 'senior'), count_min=147 count_max=147 avg_min=14075.659863945579 avg_max=22422.34693877551 median_min=12833.0 median_max=22400.0 std_dev_min=3546.299007506042 std_dev_max=2954.6965786624764
2026-09-30 14:53:03,651 - modules.salary_history - INFO - Looking for salary history:, ('data_analytics', 'mid')
2026-09-30 14:53:03,651 - modules.salary_history - INFO - Salary lookup: ('data_analytics', 'mid'), count_min=2127 count_max=2127 avg_min=9315.26531891553 avg_max=15317.084782949381 median_min=9000.0 median_max=16000.0 std_dev_min=2578.855395744559 std_dev_max=3929.014794237795
2026-09-30 14:53:03,655 - modules.salary_history - INFO - Looking for salary history:, ('sales_customer_service', 'senior')
2026-09-30 14:53:03,656 - modules.salary_history - INFO - Salary lookup: ('sales_customer_service', 'senior'), count_min=19 count_max=19 avg_min=11657.894736842105 avg_max=17431.57894736842 median_min=12000.0 median_max=18000.0 std_dev_min=1491.2022701586516 std_dev_max=2477.689925802067
2026-09-30 14:53:03,659 - modules.salary_history - INFO - Looking for salary history:, ('finance_accounting', 'mid')
2026-09-30 14:53:03,659 - modules.salary_history - INFO - Salary lookup: ('finance_accounting', 'mid'), count_min=1002 count_max=1002 avg_min=7232.041916167665 avg_max=10088.20359281437 median_min=7000.0 median_max=10000.0 std_dev_min=1511.6394888647312 std_dev_max=1987.2566461052725
2026-09-30 14:53:03,662 - modules.salary_history - INFO - Looking for salary history:, ('software_it', 'junior')
2026-09-30 14:53:03,662 - modules.salary_history - INFO - Salary lookup: ('software_it', 'junior'), count_min=318 count_max=318 avg_min=6835.6163522012575 avg_max=9213.905660377359 median_min=6500.0 median_max=8750.0 std_dev_min=1693.5370236452802 std_dev_max=2162.1758648563323
2026-09-30 14:53:03,665 - modules.salary_history - INFO - Looking for salary history:, ('procurement', 'junior')
2026-09-30 14:53:03,665 - modules.salary_history - INFO - Salary lookup: ('procurement', 'junior'), count_min=141 count_max=141 avg_min=6523.404255319149 avg_max=8736.170212765957 median_min=6500.0 median_max=8500.0 std_dev_min=657.4450871009619 std_dev_max=1202.4544301282083
2026-09-30 14:53:03,668 - modules.salary_history - INFO - Looking for salary history:, ('sales_customer_service', 'junior')
2026-09-30 14:53:03,669 - modules.salary_history - INFO - Salary lookup: ('sales_customer_service', 'junior'), count_min=164 count_max=164 avg_min=5749.426829268293 avg_max=8203.19512195122 median_min=5500.0 median_max=8000.0 std_dev_min=1608.8244882139884 std_dev_max=1570.0371176029264
2026-09-30 14:53:03,674 - modules.salary_history - INFO - Looking for salary history:, ('data_analytics', 'senior')
2026-09-30 14:53:03,674 - modules.salary_history - INFO - Salary lookup: ('data_analytics', 'senior'), count_min=147 count_max=147 avg_min=14075.659863945579 avg_max=22422.34693877551 median_min=12833.0 median_max=22400.0 std_dev_min=3546.299007506042 std_dev_max=2954.6965786624764
2026-09-30 14:53:03,677 - modules.salary_history - INFO - Looking for salary history:, ('finance_accounting', 'senior')
2026-09-30 14:53:03,677 - modules.salary_history - INFO - Salary lookup: ('finance_accounting', 'senior'), count_min=114 count_max=114 avg_min=8882.982456140351 avg_max=13023.333333333334 median_min=8000.0 median_max=12000.0 std_dev_min=2908.9951827290497 std_dev_max=3768.116749094733
2026-09-30 14:53:03,680 - modules.salary_history - INFO - Looking for salary history:, ('it_support', 'mid')
2026-09-30 14:53:03,680 - modules.salary_history - INFO - Salary lookup: ('it_support', 'mid'), count_min=130 count_max=130 avg_min=6961.4384615384615 avg_max=9987.030769230769 median_min=7000.0 median_max=10000.0 std_dev_min=1171.6752996507046 std_dev_max=2041.5886994325194
2026-09-30 14:53:56,941 - __main__ - INFO - ETL finished successfully
2026-09-30 15:05:45,351 - modules.ai_service - INFO - AI request successful with model: models/gemini-3.1-flash-lite
2026-09-30 15:05:45,409 - orchestrator - INFO - ETL started
2026-09-30 15:05:45,411 - orchestrator - INFO - Processing source: RocketJobs
2026-09-30 15:05:45,412 - orchestrator - INFO - Processing source: RocketJobs
2026-09-30 15:05:45,412 - orchestrator - INFO - Processing source: RocketJobs
2026-09-30 15:05:45,412 - orchestrator - INFO - Processing source: RocketJobs
2026-09-30 15:05:45,413 - orchestrator - INFO - Processing source: RocketJobs
2026-09-30 15:05:45,413 - orchestrator - INFO - Processing source: RocketJobs
2026-09-30 15:05:45,417 - orchestrator - INFO - ETL finished successfully
2026-09-30 15:05:46,084 - modules.ai_service - INFO - AI request successful with model: models/gemini-3.1-flash-lite
2026-09-30 15:05:54,453 - __main__ - INFO - ETL started
2026-09-30 15:05:55,280 - __main__ - INFO - Processing source: RocketJobs
2026-09-30 15:05:55,728 - __main__ - INFO - Processing source: Pracuj.pl
2026-09-30 15:05:56,276 - __main__ - INFO - Processing source: Linkedin
2026-09-30 15:05:56,988 - google_genai.models - INFO - AFC is enabled with max remote calls: 10.
2026-09-30 15:06:00,769 - httpx - INFO - HTTP Request: POST https://generativelanguage.googleapis.com/v1beta/models/gemini-3.1-flash-lite:generateContent "HTTP/1.1 200 OK"
2026-09-30 15:06:00,772 - modules.ai_service - INFO - AI request successful with model: models/gemini-3.1-flash-lite
2026-09-30 15:06:01,990 - google_genai.models - INFO - AFC is enabled with max remote calls: 10.
2026-09-30 15:06:04,534 - httpx - INFO - HTTP Request: POST https://generativelanguage.googleapis.com/v1beta/models/gemini-3.1-flash-lite:generateContent "HTTP/1.1 200 OK"
2026-09-30 15:06:04,536 - modules.ai_service - INFO - AI request successful with model: models/gemini-3.1-flash-lite
2026-09-30 15:06:06,991 - google_genai.models - INFO - AFC is enabled with max remote calls: 10.
2026-09-30 15:06:09,672 - httpx - INFO - HTTP Request: POST https://generativelanguage.googleapis.com/v1beta/models/gemini-3.1-flash-lite:generateContent "HTTP/1.1 200 OK"
2026-09-30 15:06:09,674 - modules.ai_service - INFO - AI request successful with model: models/gemini-3.1-flash-lite
2026-09-30 15:06:11,999 - google_genai.models - INFO - AFC is enabled with max remote calls: 10.
2026-09-30 15:06:15,246 - httpx - INFO - HTTP Request: POST https://generativelanguage.googleapis.com/v1beta/models/gemini-3.1-flash-lite:generateContent "HTTP/1.1 200 OK"
2026-09-30 15:06:15,248 - modules.ai_service - INFO - AI request successful with model: models/gemini-3.1-flash-lite
2026-09-30 15:06:17,003 - google_genai.models - INFO - AFC is enabled with max remote calls: 10.
2026-09-30 15:06:18,708 - httpx - INFO - HTTP Request: POST https://generativelanguage.googleapis.com/v1beta/models/gemini-3.1-flash-lite:generateContent "HTTP/1.1 200 OK"
2026-09-30 15:06:18,710 - modules.ai_service - INFO - AI request successful with model: models/gemini-3.1-flash-lite
2026-09-30 15:06:22,004 - google_genai.models - INFO - AFC is enabled with max remote calls: 10.
2026-09-30 15:06:24,921 - httpx - INFO - HTTP Request: POST https://generativelanguage.googleapis.com/v1beta/models/gemini-3.1-flash-lite:generateContent "HTTP/1.1 200 OK"
2026-09-30 15:06:24,923 - modules.ai_service - INFO - AI request successful with model: models/gemini-3.1-flash-lite
2026-09-30 15:06:27,006 - google_genai.models - INFO - AFC is enabled with max remote calls: 10.
2026-09-30 15:06:28,166 - httpx - INFO - HTTP Request: POST https://generativelanguage.googleapis.com/v1beta/models/gemini-3.1-flash-lite:generateContent "HTTP/1.1 200 OK"
2026-09-30 15:06:28,168 - modules.ai_service - INFO - AI request successful with model: models/gemini-3.1-flash-lite
2026-09-30 15:06:28,175 - __main__ - INFO - Processing source: justjoin.it
2026-09-30 15:06:28,707 - __main__ - INFO - Processing source: theprotocol.it
2026-09-30 15:06:29,015 - __main__ - INFO - Processing source: Jooble
2026-09-30 15:06:32,020 - google_genai.models - INFO - AFC is enabled with max remote calls: 10.
2026-09-30 15:06:33,354 - httpx - INFO - HTTP Request: POST https://generativelanguage.googleapis.com/v1beta/models/gemini-3.1-flash-lite:generateContent "HTTP/1.1 200 OK"
2026-09-30 15:06:33,356 - modules.ai_service - INFO - AI request successful with model: models/gemini-3.1-flash-lite
2026-09-30 15:06:33,356 - modules.ai_service - INFO - CATEGORY RAW RESPONSE: {
  "category": "unknown"
}
2026-09-30 15:06:37,020 - google_genai.models - INFO - AFC is enabled with max remote calls: 10.
2026-09-30 15:06:39,918 - httpx - INFO - HTTP Request: POST https://generativelanguage.googleapis.com/v1beta/models/gemini-3.1-flash-lite:generateContent "HTTP/1.1 200 OK"
2026-09-30 15:06:39,919 - modules.ai_service - INFO - AI request successful with model: models/gemini-3.1-flash-lite
2026-09-30 15:06:39,920 - modules.ai_service - INFO - CATEGORY RAW RESPONSE: {
  "category": "data_analytics"
}
2026-09-30 15:06:40,000 - modules.salary_history - INFO - Looking for salary history:, ('data_analytics', 'mid')
2026-09-30 15:06:40,003 - modules.salary_history - INFO - Looking for salary history:, ('project_management', 'intern')
2026-09-30 15:06:40,009 - modules.salary_history - INFO - Looking for salary history:, ('data_analytics', 'mid')
2026-09-30 15:06:40,012 - modules.salary_history - INFO - Looking for salary history:, ('environment', 'mid')
2026-09-30 15:06:40,020 - modules.salary_history - INFO - Looking for salary history:, ('finance_accounting', 'mid')
2026-09-30 15:06:40,035 - modules.salary_history - INFO - Looking for salary history:, ('procurement', 'mid')
2026-09-30 15:06:40,039 - modules.salary_history - INFO - Looking for salary history:, ('procurement', 'mid')
2026-09-30 15:06:40,042 - modules.salary_history - INFO - Looking for salary history:, ('sales_customer_service', 'mid')
2026-09-30 15:06:40,050 - modules.salary_history - INFO - Looking for salary history:, ('finance_accounting', 'senior')
2026-09-30 15:06:40,059 - modules.salary_history - INFO - Looking for salary history:, ('data_analytics', 'mid')
2026-09-30 15:06:40,062 - modules.salary_history - INFO - Looking for salary history:, ('finance_accounting', 'mid')
2026-09-30 15:06:40,075 - modules.salary_history - INFO - Looking for salary history:, ('legal_compliance_risk', 'junior')
2026-09-30 15:06:40,078 - modules.salary_history - INFO - Looking for salary history:, ('software_it', 'junior')
2026-09-30 15:06:40,085 - modules.salary_history - INFO - Looking for salary history:, ('software_it', 'mid')
2026-09-30 15:06:40,089 - modules.salary_history - INFO - Looking for salary history:, ('software_it', 'junior')
2026-09-30 15:06:40,092 - modules.salary_history - INFO - Looking for salary history:, ('data_analytics', 'mid')
2026-09-30 15:06:40,138 - modules.salary_history - INFO - Looking for salary history:, ('customer_operations', 'manager')
2026-09-30 15:06:40,141 - modules.salary_history - INFO - Looking for salary history:, ('project_management', 'manager')
2026-09-30 15:06:40,147 - modules.salary_history - INFO - Looking for salary history:, ('software_it', 'junior')
2026-09-30 15:06:40,156 - modules.salary_history - INFO - Looking for salary history:, ('software_it', 'junior')
2026-09-30 15:06:40,166 - modules.salary_history - INFO - Looking for salary history:, ('legal_compliance_risk', 'senior')
2026-09-30 15:06:40,170 - modules.salary_history - INFO - Looking for salary history:, ('data_analytics', 'mid')
2026-09-30 15:06:40,173 - modules.salary_history - INFO - Looking for salary history:, ('legal_compliance_risk', 'junior')
2026-09-30 15:06:40,182 - modules.salary_history - INFO - Looking for salary history:, ('data_analytics', 'mid')
2026-09-30 15:06:40,185 - modules.salary_history - INFO - Looking for salary history:, ('legal_compliance_risk', 'junior')
2026-09-30 15:06:40,209 - modules.salary_history - INFO - Looking for salary history:, ('administration', 'junior')
2026-09-30 15:06:40,235 - modules.salary_history - INFO - Looking for salary history:, ('administration', 'junior')
2026-09-30 15:06:40,239 - modules.salary_history - INFO - Looking for salary history:, ('project_management', 'junior')
2026-09-30 15:06:40,246 - modules.salary_history - INFO - Looking for salary history:, ('software_it', 'mid')
2026-09-30 15:06:40,249 - modules.salary_history - INFO - Looking for salary history:, ('sales_customer_service', 'junior')
2026-09-30 15:06:40,253 - modules.salary_history - INFO - Looking for salary history:, ('finance_accounting', 'junior')
2026-09-30 15:06:40,304 - modules.salary_history - INFO - Looking for salary history:, ('administration', 'senior')
2026-09-30 15:06:40,316 - modules.salary_history - INFO - Looking for salary history:, ('data_analytics', 'mid')
2026-09-30 15:06:40,333 - modules.salary_history - INFO - Looking for salary history:, ('finance_accounting', 'mid')
2026-09-30 15:06:40,339 - modules.salary_history - INFO - Looking for salary history:, ('project_management', 'mid')
2026-09-30 15:06:40,348 - modules.salary_history - INFO - Looking for salary history:, ('legal_compliance_risk', 'senior')
2026-09-30 15:06:40,366 - modules.salary_history - INFO - Looking for salary history:, ('finance_accounting', 'mid')
2026-09-30 15:06:40,382 - modules.salary_history - INFO - Looking for salary history:, ('logistics_supply_chain', 'mid')
2026-09-30 15:06:40,392 - modules.salary_history - INFO - Looking for salary history:, ('data_analytics', 'mid')
2026-09-30 15:06:40,396 - modules.salary_history - INFO - Looking for salary history:, ('data_analytics', 'junior')
2026-09-30 15:06:40,403 - modules.salary_history - INFO - Looking for salary history:, ('logistics_supply_chain', 'mid')
2026-09-30 15:06:40,406 - modules.salary_history - INFO - Looking for salary history:, ('data_analytics', 'mid')
2026-09-30 15:06:40,431 - modules.salary_history - INFO - Looking for salary history:, ('data_analytics', 'mid')
2026-09-30 15:06:40,448 - modules.salary_history - INFO - Looking for salary history:, ('finance_accounting', 'mid')
2026-09-30 15:06:40,451 - modules.salary_history - INFO - Looking for salary history:, ('data_analytics', 'junior')
2026-09-30 15:06:40,455 - modules.salary_history - INFO - Looking for salary history:, ('data_analytics', 'mid')
2026-09-30 15:06:40,459 - modules.salary_history - INFO - Looking for salary history:, ('data_analytics', 'mid')
2026-09-30 15:06:40,462 - modules.salary_history - INFO - Looking for salary history:, ('data_analytics', 'mid')
2026-09-30 15:06:40,465 - modules.salary_history - INFO - Looking for salary history:, ('sales_customer_service', 'mid')
2026-09-30 15:06:40,469 - modules.salary_history - INFO - Looking for salary history:, ('customer_operations', 'mid')
2026-09-30 15:06:40,484 - modules.salary_history - INFO - Looking for salary history:, ('finance_accounting', 'mid')
2026-09-30 15:06:40,488 - modules.salary_history - INFO - Looking for salary history:, ('finance_accounting', 'mid')
2026-09-30 15:06:40,535 - modules.salary_history - INFO - Looking for salary history:, ('administration', 'senior')
2026-09-30 15:06:40,538 - modules.salary_history - INFO - Looking for salary history:, ('administration', 'mid')
2026-09-30 15:06:40,541 - modules.salary_history - INFO - Looking for salary history:, ('logistics_supply_chain', 'mid')
2026-09-30 15:06:40,544 - modules.salary_history - INFO - Looking for salary history:, ('finance_accounting', 'mid')
2026-09-30 15:06:40,550 - modules.salary_history - INFO - Looking for salary history:, ('sales_customer_service', 'junior')
2026-09-30 15:06:40,567 - modules.salary_history - INFO - Looking for salary history:, ('logistics_supply_chain', 'intern')
2026-09-30 15:06:40,626 - modules.salary_history - INFO - Looking for salary history:, ('engineering_production', 'manager')
2026-09-30 15:06:40,697 - modules.salary_history - INFO - Looking for salary history:, ('administration', 'junior')
2026-09-30 15:06:40,706 - modules.salary_history - INFO - Looking for salary history:, ('administration', 'senior')
2026-09-30 15:06:40,709 - modules.salary_history - INFO - Looking for salary history:, ('it_support', 'mid')
2026-09-30 15:06:40,713 - modules.salary_history - INFO - Looking for salary history:, ('administration', 'mid')
2026-09-30 15:06:40,716 - modules.salary_history - INFO - Looking for salary history:, ('logistics_supply_chain', 'mid')
2026-09-30 15:06:40,723 - modules.salary_history - INFO - Looking for salary history:, ('finance_accounting', 'junior')
2026-09-30 15:06:40,732 - modules.salary_history - INFO - Looking for salary history:, ('data_analytics', 'junior')
2026-09-30 15:06:40,738 - modules.salary_history - INFO - Looking for salary history:, ('finance_accounting', 'junior')
2026-09-30 15:06:40,741 - modules.salary_history - INFO - Looking for salary history:, ('data_analytics', 'mid')
2026-09-30 15:06:40,751 - modules.salary_history - INFO - Looking for salary history:, ('hr', 'junior')
2026-09-30 15:06:40,756 - modules.salary_history - INFO - Looking for salary history:, ('logistics_supply_chain', 'mid')
2026-09-30 15:06:40,760 - modules.salary_history - INFO - Looking for salary history:, ('data_analytics', 'junior')
2026-09-30 15:06:40,764 - modules.salary_history - INFO - Looking for salary history:, ('legal_compliance_risk', 'senior')
2026-09-30 15:06:40,767 - modules.salary_history - INFO - Looking for salary history:, ('finance_accounting', 'mid')
2026-09-30 15:06:40,770 - modules.salary_history - INFO - Looking for salary history:, ('medical', 'mid')
2026-09-30 15:06:40,774 - modules.salary_history - INFO - Looking for salary history:, ('logistics_supply_chain', 'manager')
2026-09-30 15:06:40,799 - modules.salary_history - INFO - Looking for salary history:, ('administration', 'mid')
2026-09-30 15:06:40,851 - modules.salary_history - INFO - Looking for salary history:, ('sales_customer_service', 'mid')
2026-09-30 15:06:40,855 - modules.salary_history - INFO - Looking for salary history:, ('logistics_supply_chain', 'junior')
2026-09-30 15:06:40,858 - modules.salary_history - INFO - Looking for salary history:, ('sales_customer_service', 'mid')
2026-09-30 15:06:40,874 - modules.salary_history - INFO - Looking for salary history:, ('logistics_supply_chain', 'junior')
2026-09-30 15:06:40,877 - modules.salary_history - INFO - Looking for salary history:, ('logistics_supply_chain', 'mid')
2026-09-30 15:06:40,898 - modules.salary_history - INFO - Looking for salary history:, ('sales_customer_service', 'mid')
2026-09-30 15:06:40,900 - modules.salary_history - INFO - Looking for salary history:, ('logistics_supply_chain', 'junior')
2026-09-30 15:06:40,904 - modules.salary_history - INFO - Looking for salary history:, ('sales_customer_service', 'mid')
2026-09-30 15:06:40,917 - modules.salary_history - INFO - Looking for salary history:, ('logistics_supply_chain', 'junior')
2026-09-30 15:06:40,920 - modules.salary_history - INFO - Looking for salary history:, ('logistics_supply_chain', 'junior')
2026-09-30 15:06:40,923 - modules.salary_history - INFO - Looking for salary history:, ('logistics_supply_chain', 'junior')
2026-09-30 15:06:40,927 - modules.salary_history - INFO - Looking for salary history:, ('logistics_supply_chain', 'junior')
2026-09-30 15:06:40,930 - modules.salary_history - INFO - Looking for salary history:, ('logistics_supply_chain', 'junior')
2026-09-30 15:06:40,935 - modules.salary_history - INFO - Looking for salary history:, ('logistics_supply_chain', 'junior')
2026-09-30 15:06:40,939 - modules.salary_history - INFO - Looking for salary history:, ('logistics_supply_chain', 'junior')
2026-09-30 15:06:40,942 - modules.salary_history - INFO - Looking for salary history:, ('logistics_supply_chain', 'junior')
2026-09-30 15:06:40,946 - modules.salary_history - INFO - Looking for salary history:, ('procurement', 'junior')
2026-09-30 15:06:40,959 - modules.salary_history - INFO - Looking for salary history:, ('it_support', 'junior')
2026-09-30 15:06:40,963 - modules.salary_history - INFO - Looking for salary history:, ('logistics_supply_chain', 'junior')
2026-09-30 15:06:40,965 - modules.salary_history - INFO - Looking for salary history:, ('logistics_supply_chain', 'junior')
2026-09-30 15:06:40,968 - modules.salary_history - INFO - Looking for salary history:, ('logistics_supply_chain', 'junior')
2026-09-30 15:06:40,972 - modules.salary_history - INFO - Looking for salary history:, ('logistics_supply_chain', 'junior')
2026-09-30 15:06:40,975 - modules.salary_history - INFO - Looking for salary history:, ('logistics_supply_chain', 'junior')
2026-09-30 15:06:40,978 - modules.salary_history - INFO - Looking for salary history:, ('logistics_supply_chain', 'junior')
2026-09-30 15:06:40,981 - modules.salary_history - INFO - Looking for salary history:, ('logistics_supply_chain', 'junior')
2026-09-30 15:06:41,035 - modules.salary_history - INFO - Looking for salary history:, ('project_management', 'manager')
2026-09-30 15:06:41,043 - modules.salary_history - INFO - Looking for salary history:, ('engineering_production', 'manager')
2026-09-30 15:06:41,046 - modules.salary_history - INFO - Looking for salary history:, ('engineering_production', 'manager')
2026-09-30 15:06:41,072 - modules.salary_history - INFO - Looking for salary history:, ('data_analytics', 'senior')
2026-09-30 15:06:41,083 - modules.salary_history - INFO - Looking for salary history:, ('software_it', 'junior')
2026-09-30 15:06:41,086 - modules.salary_history - INFO - Looking for salary history:, ('software_it', 'junior')
2026-09-30 15:06:41,098 - modules.salary_history - INFO - Looking for salary history:, ('customer_operations', 'mid')
2026-09-30 15:06:41,101 - modules.salary_history - INFO - Looking for salary history:, ('data_analytics', 'senior')
2026-09-30 15:06:41,105 - modules.salary_history - INFO - Looking for salary history:, ('data_analytics', 'senior')
2026-09-30 15:06:41,108 - modules.salary_history - INFO - Looking for salary history:, ('sales_customer_service', 'mid')
2026-09-30 15:06:41,111 - modules.salary_history - INFO - Looking for salary history:, ('sales_customer_service', 'mid')
2026-09-30 15:06:41,131 - modules.salary_history - INFO - Looking for salary history:, ('finance_accounting', 'mid')
2026-09-30 15:06:41,135 - modules.salary_history - INFO - Looking for salary history:, ('software_it', 'mid')
2026-09-30 15:06:41,139 - modules.salary_history - INFO - Looking for salary history:, ('procurement', 'mid')
2026-09-30 15:06:41,145 - modules.salary_history - INFO - Looking for salary history:, ('data_analytics', 'junior')
2026-09-30 15:06:41,150 - modules.salary_history - INFO - Looking for salary history:, ('data_analytics', 'mid')
2026-09-30 15:06:41,165 - modules.salary_history - INFO - Looking for salary history:, ('finance_accounting', 'intern')
2026-09-30 15:06:41,171 - modules.salary_history - INFO - Looking for salary history:, ('hr', 'junior')
2026-09-30 15:06:41,181 - modules.salary_history - INFO - Looking for salary history:, ('logistics_supply_chain', 'mid')
2026-09-30 15:06:41,191 - modules.salary_history - INFO - Looking for salary history:, ('logistics_supply_chain', 'mid')
2026-09-30 15:06:41,226 - modules.salary_history - INFO - Looking for salary history:, ('administration', 'senior')
2026-09-30 15:06:41,229 - modules.salary_history - INFO - Looking for salary history:, ('procurement', 'mid')
2026-09-30 15:06:41,235 - modules.salary_history - INFO - Looking for salary history:, ('finance_accounting', 'junior')
2026-09-30 15:06:41,239 - modules.salary_history - INFO - Looking for salary history:, ('project_management', 'mid')
2026-09-30 15:06:41,250 - modules.salary_history - INFO - Looking for salary history:, ('data_analytics', 'mid')
2026-09-30 15:06:41,258 - modules.salary_history - INFO - Looking for salary history:, ('data_analytics', 'mid')
2026-09-30 15:06:41,277 - modules.salary_history - INFO - Looking for salary history:, ('data_analytics', 'mid')
2026-09-30 15:06:41,281 - modules.salary_history - INFO - Looking for salary history:, ('data_analytics', 'mid')
2026-09-30 15:06:41,284 - modules.salary_history - INFO - Looking for salary history:, ('data_analytics', 'mid')
2026-09-30 15:06:41,290 - modules.salary_history - INFO - Looking for salary history:, ('data_analytics', 'mid')
2026-09-30 15:06:41,293 - modules.salary_history - INFO - Looking for salary history:, ('data_analytics', 'mid')
2026-09-30 15:06:41,296 - modules.salary_history - INFO - Looking for salary history:, ('data_analytics', 'mid')
2026-09-30 15:06:41,311 - modules.salary_history - INFO - Looking for salary history:, ('data_analytics', 'mid')
2026-09-30 15:06:41,314 - modules.salary_history - INFO - Looking for salary history:, ('data_analytics', 'mid')
2026-09-30 15:06:41,330 - modules.salary_history - INFO - Looking for salary history:, ('sales_customer_service', 'junior')
2026-09-30 15:06:41,340 - modules.salary_history - INFO - Looking for salary history:, ('data_analytics', 'mid')
2026-09-30 15:06:41,348 - modules.salary_history - INFO - Looking for salary history:, ('data_analytics', 'mid')
2026-09-30 15:06:41,356 - modules.salary_history - INFO - Looking for salary history:, ('sales_customer_service', 'junior')
2026-09-30 15:06:41,360 - modules.salary_history - INFO - Looking for salary history:, ('sales_customer_service', 'junior')
2026-09-30 15:06:41,364 - modules.salary_history - INFO - Looking for salary history:, ('data_analytics', 'mid')
2026-09-30 15:06:41,380 - modules.salary_history - INFO - Looking for salary history:, ('data_analytics', 'mid')
2026-09-30 15:06:41,384 - modules.salary_history - INFO - Looking for salary history:, ('engineering_production', 'intern')
2026-09-30 15:06:41,388 - modules.salary_history - INFO - Looking for salary history:, ('sales_customer_service', 'manager')
2026-09-30 15:06:41,391 - modules.salary_history - INFO - Looking for salary history:, ('sales_customer_service', 'manager')
2026-09-30 15:06:41,395 - modules.salary_history - INFO - Looking for salary history:, ('sales_customer_service', 'manager')
2026-09-30 15:06:41,400 - modules.salary_history - INFO - Looking for salary history:, ('legal_compliance_risk', 'intern')
2026-09-30 15:06:41,403 - modules.salary_history - INFO - Looking for salary history:, ('legal_compliance_risk', 'intern')
2026-09-30 15:06:41,407 - modules.salary_history - INFO - Looking for salary history:, ('legal_compliance_risk', 'intern')
2026-09-30 15:06:41,411 - modules.salary_history - INFO - Looking for salary history:, ('customer_operations', 'manager')
2026-09-30 15:06:41,415 - modules.salary_history - INFO - Looking for salary history:, ('sales_customer_service', 'manager')
2026-09-30 15:06:41,418 - modules.salary_history - INFO - Looking for salary history:, ('sales_customer_service', 'manager')
2026-09-30 15:06:41,424 - modules.salary_history - INFO - Looking for salary history:, ('customer_operations', 'manager')
2026-09-30 15:06:41,428 - modules.salary_history - INFO - Looking for salary history:, ('customer_operations', 'manager')
2026-09-30 15:06:41,432 - modules.salary_history - INFO - Looking for salary history:, ('procurement', 'intern')
2026-09-30 15:06:41,438 - modules.salary_history - INFO - Looking for salary history:, ('customer_operations', 'manager')
2026-09-30 15:06:41,442 - modules.salary_history - INFO - Looking for salary history:, ('customer_operations', 'manager')
2026-09-30 15:06:41,446 - modules.salary_history - INFO - Looking for salary history:, ('engineering_production', 'intern')
2026-09-30 15:06:41,450 - modules.salary_history - INFO - Looking for salary history:, ('engineering_production', 'intern')
2026-09-30 15:06:41,453 - modules.salary_history - INFO - Looking for salary history:, ('project_management', 'intern')
2026-09-30 15:06:41,457 - modules.salary_history - INFO - Looking for salary history:, ('legal_compliance_risk', 'intern')
2026-09-30 15:06:41,460 - modules.salary_history - INFO - Looking for salary history:, ('project_management', 'intern')
2026-09-30 15:06:41,463 - modules.salary_history - INFO - Looking for salary history:, ('legal_compliance_risk', 'intern')
2026-09-30 15:06:41,466 - modules.salary_history - INFO - Looking for salary history:, ('data_analytics', 'manager')
2026-09-30 15:06:41,469 - modules.salary_history - INFO - Looking for salary history:, ('data_analytics', 'manager')
2026-09-30 15:06:41,473 - modules.salary_history - INFO - Looking for salary history:, ('software_it', 'manager')
2026-09-30 15:06:41,476 - modules.salary_history - INFO - Looking for salary history:, ('customer_operations', 'manager')
2026-09-30 15:06:41,480 - modules.salary_history - INFO - Looking for salary history:, ('customer_operations', 'manager')
2026-09-30 15:06:41,483 - modules.salary_history - INFO - Looking for salary history:, ('customer_operations', 'manager')
2026-09-30 15:06:41,488 - modules.salary_history - INFO - Looking for salary history:, ('project_management', 'intern')
2026-09-30 15:06:41,491 - modules.salary_history - INFO - Looking for salary history:, ('software_it', 'manager')
2026-09-30 15:06:41,494 - modules.salary_history - INFO - Looking for salary history:, ('software_it', 'manager')
2026-09-30 15:06:41,498 - modules.salary_history - INFO - Looking for salary history:, ('environment', 'manager')
2026-09-30 15:06:41,502 - modules.salary_history - INFO - Looking for salary history:, ('environment', 'manager')
2026-09-30 15:06:41,505 - modules.salary_history - INFO - Looking for salary history:, ('environment', 'manager')
2026-09-30 15:06:41,508 - modules.salary_history - INFO - Looking for salary history:, ('environment', 'manager')
2026-09-30 15:06:41,511 - modules.salary_history - INFO - Looking for salary history:, ('environment', 'manager')
2026-09-30 15:06:41,514 - modules.salary_history - INFO - Looking for salary history:, ('environment', 'manager')
2026-09-30 15:06:41,518 - modules.salary_history - INFO - Looking for salary history:, ('environment', 'manager')
2026-09-30 15:06:41,523 - modules.salary_history - INFO - Looking for salary history:, ('environment', 'manager')
2026-09-30 15:06:41,526 - modules.salary_history - INFO - Looking for salary history:, ('environment', 'manager')
2026-09-30 15:06:41,530 - modules.salary_history - INFO - Looking for salary history:, ('procurement', 'intern')
2026-09-30 15:06:41,533 - modules.salary_history - INFO - Looking for salary history:, ('it_support', 'manager')
2026-09-30 15:06:41,537 - modules.salary_history - INFO - Looking for salary history:, ('marketing', 'manager')
2026-09-30 15:06:41,540 - modules.salary_history - INFO - Looking for salary history:, ('it_support', 'manager')
2026-09-30 15:06:41,544 - modules.salary_history - INFO - Looking for salary history:, ('hr', 'senior')
2026-09-30 15:06:41,547 - modules.salary_history - INFO - Looking for salary history:, ('hr', 'senior')
2026-09-30 15:06:41,550 - modules.salary_history - INFO - Looking for salary history:, ('software_it', 'mid')
2026-09-30 15:06:41,553 - modules.salary_history - INFO - Looking for salary history:, ('software_it', 'mid')
2026-09-30 15:06:41,557 - modules.salary_history - INFO - Looking for salary history:, ('administration', 'mid')
2026-09-30 15:06:41,566 - modules.salary_history - INFO - Looking for salary history:, ('data_analytics', 'manager')
2026-09-30 15:06:41,570 - modules.salary_history - INFO - Looking for salary history:, ('administration', 'mid')
2026-09-30 15:06:41,573 - modules.salary_history - INFO - Looking for salary history:, ('software_it', 'manager')
2026-09-30 15:06:41,576 - modules.salary_history - INFO - Looking for salary history:, ('project_management', 'manager')
2026-09-30 15:06:41,579 - modules.salary_history - INFO - Looking for salary history:, ('project_management', 'manager')
2026-09-30 15:06:41,582 - modules.salary_history - INFO - Looking for salary history:, ('administration', 'mid')
2026-09-30 15:06:41,585 - modules.salary_history - INFO - Looking for salary history:, ('logistics_supply_chain', 'junior')
2026-09-30 15:06:41,589 - modules.salary_history - INFO - Looking for salary history:, ('sales_customer_service', 'junior')
2026-09-30 15:06:41,597 - modules.salary_history - INFO - Looking for salary history:, ('finance_accounting', 'junior')
2026-09-30 15:06:41,600 - modules.salary_history - INFO - Looking for salary history:, ('sales_customer_service', 'mid')
2026-09-30 15:06:41,603 - modules.salary_history - INFO - Looking for salary history:, ('finance_accounting', 'mid')
2026-09-30 15:06:41,606 - modules.salary_history - INFO - Looking for salary history:, ('sales_customer_service', 'mid')
2026-09-30 15:06:41,609 - modules.salary_history - INFO - Looking for salary history:, ('finance_accounting', 'mid')
2026-09-30 15:06:41,632 - modules.salary_history - INFO - Looking for salary history:, ('administration', 'mid')
2026-09-30 15:06:41,649 - modules.salary_history - INFO - Looking for salary history:, ('administration', 'mid')
2026-09-30 15:06:41,653 - modules.salary_history - INFO - Looking for salary history:, ('administration', 'senior')
2026-09-30 15:06:41,691 - modules.salary_history - INFO - Looking for salary history:, ('engineering_production', 'mid')
2026-09-30 15:06:41,696 - modules.salary_history - INFO - Looking for salary history:, ('software_it', 'mid')
2026-09-30 15:06:41,708 - modules.salary_history - INFO - Looking for salary history:, ('sales_customer_service', 'mid')
2026-09-30 15:06:41,728 - modules.salary_history - INFO - Looking for salary history:, ('software_it', 'mid')
2026-09-30 15:06:41,785 - modules.salary_history - INFO - Looking for salary history:, ('data_analytics', 'junior')
2026-09-30 15:06:41,788 - modules.salary_history - INFO - Looking for salary history:, ('data_analytics', 'junior')
2026-09-30 15:06:41,791 - modules.salary_history - INFO - Looking for salary history:, ('engineering_production', 'mid')
2026-09-30 15:06:41,794 - modules.salary_history - INFO - Looking for salary history:, ('it_support', 'junior')
2026-09-30 15:06:41,797 - modules.salary_history - INFO - Looking for salary history:, ('finance_accounting', 'junior')
2026-09-30 15:06:41,801 - modules.salary_history - INFO - Looking for salary history:, ('marketing', 'mid')
2026-09-30 15:06:41,813 - modules.salary_history - INFO - Looking for salary history:, ('hr', 'manager')
2026-09-30 15:06:41,817 - modules.salary_history - INFO - Looking for salary history:, ('hr', 'manager')
2026-09-30 15:06:41,827 - modules.salary_history - INFO - Looking for salary history:, ('data_analytics', 'junior')
2026-09-30 15:06:41,830 - modules.salary_history - INFO - Looking for salary history:, ('software_it', 'junior')
2026-09-30 15:06:41,833 - modules.salary_history - INFO - Looking for salary history:, ('data_analytics', 'junior')
2026-09-30 15:06:41,844 - modules.salary_history - INFO - Looking for salary history:, ('data_analytics', 'mid')
2026-09-30 15:06:41,849 - modules.salary_history - INFO - Looking for salary history:, ('data_analytics', 'mid')
2026-09-30 15:06:41,852 - modules.salary_history - INFO - Looking for salary history:, ('data_analytics', 'mid')
2026-09-30 15:06:41,856 - modules.salary_history - INFO - Looking for salary history:, ('it_support', 'mid')
2026-09-30 15:06:41,859 - modules.salary_history - INFO - Looking for salary history:, ('it_support', 'mid')
2026-09-30 15:06:41,863 - modules.salary_history - INFO - Looking for salary history:, ('data_analytics', 'mid')
2026-09-30 15:06:41,866 - modules.salary_history - INFO - Looking for salary history:, ('data_analytics', 'junior')
2026-09-30 15:06:41,870 - modules.salary_history - INFO - Looking for salary history:, ('software_it', 'mid')
2026-09-30 15:06:41,873 - modules.salary_history - INFO - Looking for salary history:, ('data_analytics', 'senior')
2026-09-30 15:06:41,885 - modules.salary_history - INFO - Looking for salary history:, ('software_it', 'junior')
2026-09-30 15:06:41,889 - modules.salary_history - INFO - Looking for salary history:, ('engineering_production', 'mid')
2026-09-30 15:06:41,897 - modules.salary_history - INFO - Looking for salary history:, ('data_analytics', 'mid')
2026-09-30 15:06:41,900 - modules.salary_history - INFO - Looking for salary history:, ('data_analytics', 'mid')
2026-09-30 15:06:41,904 - modules.salary_history - INFO - Looking for salary history:, ('data_analytics', 'mid')
2026-09-30 15:06:41,907 - modules.salary_history - INFO - Looking for salary history:, ('it_support', 'mid')
2026-09-30 15:06:41,910 - modules.salary_history - INFO - Looking for salary history:, ('data_analytics', 'mid')
2026-09-30 15:06:41,913 - modules.salary_history - INFO - Looking for salary history:, ('data_analytics', 'junior')
2026-09-30 15:06:41,916 - modules.salary_history - INFO - Looking for salary history:, ('data_analytics', 'mid')
2026-09-30 15:06:41,931 - modules.salary_history - INFO - Looking for salary history:, ('it_support', 'mid')
2026-09-30 15:06:41,945 - modules.salary_history - INFO - Looking for salary history:, ('finance_accounting', 'mid')
2026-09-30 15:06:41,951 - modules.salary_history - INFO - Looking for salary history:, ('sales_customer_service', 'junior')
2026-09-30 15:06:41,959 - modules.salary_history - INFO - Looking for salary history:, ('software_it', 'mid')
2026-09-30 15:06:41,964 - modules.salary_history - INFO - Looking for salary history:, ('software_it', 'senior')
2026-09-30 15:06:41,967 - modules.salary_history - INFO - Looking for salary history:, ('finance_accounting', 'mid')
2026-09-30 15:06:41,996 - modules.salary_history - INFO - Looking for salary history:, ('administration', 'senior')
2026-09-30 15:06:42,006 - modules.salary_history - INFO - Looking for salary history:, ('administration', 'mid')
2026-09-30 15:06:42,036 - modules.salary_history - INFO - Looking for salary history:, ('administration', 'mid')
2026-09-30 15:06:42,042 - modules.salary_history - INFO - Looking for salary history:, ('procurement', 'junior')
2026-09-30 15:06:42,049 - modules.salary_history - INFO - Looking for salary history:, ('finance_accounting', 'mid')
2026-09-30 15:06:42,056 - modules.salary_history - INFO - Looking for salary history:, ('hr', 'mid')
2026-09-30 15:06:42,058 - modules.salary_history - INFO - Looking for salary history:, ('legal_compliance_risk', 'mid')
2026-09-30 15:06:42,062 - modules.salary_history - INFO - Looking for salary history:, ('legal_compliance_risk', 'mid')
2026-09-30 15:06:42,074 - modules.salary_history - INFO - Looking for salary history:, ('project_management', 'junior')
2026-09-30 15:06:42,083 - modules.salary_history - INFO - Looking for salary history:, ('finance_accounting', 'mid')
2026-09-30 15:06:42,100 - modules.salary_history - INFO - Looking for salary history:, ('hr', 'mid')
2026-09-30 15:06:42,105 - modules.salary_history - INFO - Looking for salary history:, ('legal_compliance_risk', 'mid')
2026-09-30 15:06:42,108 - modules.salary_history - INFO - Looking for salary history:, ('legal_compliance_risk', 'mid')
2026-09-30 15:06:42,116 - modules.salary_history - INFO - Looking for salary history:, ('finance_accounting', 'junior')
2026-09-30 15:06:42,120 - modules.salary_history - INFO - Looking for salary history:, ('software_it', 'mid')
2026-09-30 15:06:42,172 - modules.salary_history - INFO - Looking for salary history:, ('finance_accounting', 'junior')
2026-09-30 15:06:42,279 - modules.salary_history - INFO - Looking for salary history:, ('software_it', 'mid')
2026-09-30 15:06:42,342 - modules.salary_history - INFO - Looking for salary history:, ('logistics_supply_chain', 'intern')
2026-09-30 15:06:42,347 - modules.salary_history - INFO - Looking for salary history:, ('project_management', 'junior')
2026-09-30 15:06:42,368 - modules.salary_history - INFO - Looking for salary history:, ('software_it', 'junior')
2026-09-30 15:06:42,375 - modules.salary_history - INFO - Looking for salary history:, ('finance_accounting', 'mid')
2026-09-30 15:06:42,380 - modules.salary_history - INFO - Looking for salary history:, ('sales_customer_service', 'mid')
2026-09-30 15:06:42,398 - modules.salary_history - INFO - Looking for salary history:, ('administration', 'senior')
2026-09-30 15:06:42,404 - modules.salary_history - INFO - Looking for salary history:, ('finance_accounting', 'intern')
2026-09-30 15:06:42,413 - modules.salary_history - INFO - Looking for salary history:, ('project_management', 'junior')
2026-09-30 15:06:42,416 - modules.salary_history - INFO - Looking for salary history:, ('finance_accounting', 'mid')
2026-09-30 15:06:42,455 - modules.salary_history - INFO - Looking for salary history:, ('data_analytics', 'senior')
2026-09-30 15:06:42,459 - modules.salary_history - INFO - Looking for salary history:, ('data_analytics', 'junior')
2026-09-30 15:06:42,464 - modules.salary_history - INFO - Looking for salary history:, ('data_analytics', 'senior')
2026-09-30 15:06:42,467 - modules.salary_history - INFO - Looking for salary history:, ('data_analytics', 'mid')
2026-09-30 15:06:42,476 - modules.salary_history - INFO - Looking for salary history:, ('data_analytics', 'junior')
2026-09-30 15:06:42,479 - modules.salary_history - INFO - Looking for salary history:, ('data_analytics', 'senior')
2026-09-30 15:06:42,483 - modules.salary_history - INFO - Looking for salary history:, ('data_analytics', 'mid')
2026-09-30 15:06:42,487 - modules.salary_history - INFO - Looking for salary history:, ('data_analytics', 'senior')
2026-09-30 15:06:42,490 - modules.salary_history - INFO - Looking for salary history:, ('data_analytics', 'senior')
2026-09-30 15:06:42,494 - modules.salary_history - INFO - Looking for salary history:, ('data_analytics', 'senior')
2026-09-30 15:06:42,498 - modules.salary_history - INFO - Looking for salary history:, ('finance_accounting', 'mid')
2026-09-30 15:06:42,501 - modules.salary_history - INFO - Looking for salary history:, ('finance_accounting', 'mid')
2026-09-30 15:06:42,507 - modules.salary_history - INFO - Looking for salary history:, ('data_analytics', 'senior')
2026-09-30 15:06:42,514 - modules.salary_history - INFO - Looking for salary history:, ('finance_accounting', 'mid')
2026-09-30 15:06:42,520 - modules.salary_history - INFO - Looking for salary history:, ('data_analytics', 'junior')
2026-09-30 15:06:42,523 - modules.salary_history - INFO - Looking for salary history:, ('data_analytics', 'mid')
2026-09-30 15:06:42,526 - modules.salary_history - INFO - Looking for salary history:, ('legal_compliance_risk', 'mid')
2026-09-30 15:06:42,530 - modules.salary_history - INFO - Looking for salary history:, ('software_it', 'senior')
2026-09-30 15:06:42,547 - modules.salary_history - INFO - Looking for salary history:, ('finance_accounting', 'mid')
2026-09-30 15:06:42,552 - modules.salary_history - INFO - Looking for salary history:, ('data_analytics', 'junior')
2026-09-30 15:06:42,555 - modules.salary_history - INFO - Looking for salary history:, ('data_analytics', 'mid')
2026-09-30 15:06:42,558 - modules.salary_history - INFO - Looking for salary history:, ('legal_compliance_risk', 'mid')
2026-09-30 15:06:42,561 - modules.salary_history - INFO - Looking for salary history:, ('data_analytics', 'mid')
2026-09-30 15:06:42,565 - modules.salary_history - INFO - Looking for salary history:, ('data_analytics', 'mid')
2026-09-30 15:06:42,567 - modules.salary_history - INFO - Looking for salary history:, ('data_analytics', 'mid')
2026-09-30 15:06:42,571 - modules.salary_history - INFO - Looking for salary history:, ('data_analytics', 'mid')
2026-09-30 15:06:42,575 - modules.salary_history - INFO - Looking for salary history:, ('data_analytics', 'senior')
2026-09-30 15:06:42,578 - modules.salary_history - INFO - Looking for salary history:, ('legal_compliance_risk', 'mid')
2026-09-30 15:06:42,581 - modules.salary_history - INFO - Looking for salary history:, ('data_analytics', 'mid')
2026-09-30 15:06:42,585 - modules.salary_history - INFO - Looking for salary history:, ('data_analytics', 'mid')
2026-09-30 15:06:42,589 - modules.salary_history - INFO - Looking for salary history:, ('data_analytics', 'senior')
2026-09-30 15:06:42,592 - modules.salary_history - INFO - Looking for salary history:, ('data_analytics', 'mid')
2026-09-30 15:06:42,596 - modules.salary_history - INFO - Looking for salary history:, ('data_analytics', 'mid')
2026-09-30 15:06:42,599 - modules.salary_history - INFO - Looking for salary history:, ('legal_compliance_risk', 'mid')
2026-09-30 15:06:42,610 - modules.salary_history - INFO - Looking for salary history:, ('data_analytics', 'intern')
2026-09-30 15:06:42,620 - modules.salary_history - INFO - Looking for salary history:, ('software_it', 'intern')
2026-09-30 15:06:42,626 - modules.salary_history - INFO - Looking for salary history:, ('data_analytics', 'intern')
2026-09-30 15:06:42,630 - modules.salary_history - INFO - Looking for salary history:, ('data_analytics', 'intern')
2026-09-30 15:06:42,633 - modules.salary_history - INFO - Looking for salary history:, ('software_it', 'intern')
2026-09-30 15:06:42,640 - modules.salary_history - INFO - Looking for salary history:, ('project_management', 'intern')
2026-09-30 15:06:42,644 - modules.salary_history - INFO - Looking for salary history:, ('customer_operations', 'manager')
2026-09-30 15:06:42,647 - modules.salary_history - INFO - Looking for salary history:, ('medical', 'mid')
2026-09-30 15:06:42,662 - modules.salary_history - INFO - Looking for salary history:, ('sales_customer_service', 'mid')
2026-09-30 15:06:42,666 - modules.salary_history - INFO - Looking for salary history:, ('sales_customer_service', 'mid')
2026-09-30 15:06:42,669 - modules.salary_history - INFO - Looking for salary history:, ('engineering_production', 'manager')
2026-09-30 15:06:42,673 - modules.salary_history - INFO - Looking for salary history:, ('procurement', 'mid')
2026-09-30 15:06:42,676 - modules.salary_history - INFO - Looking for salary history:, ('procurement', 'mid')
2026-09-30 15:06:42,679 - modules.salary_history - INFO - Looking for salary history:, ('logistics_supply_chain', 'junior')
2026-09-30 15:06:42,682 - modules.salary_history - INFO - Looking for salary history:, ('logistics_supply_chain', 'mid')
2026-09-30 15:06:42,686 - modules.salary_history - INFO - Looking for salary history:, ('finance_accounting', 'junior')
2026-09-30 15:06:42,689 - modules.salary_history - INFO - Looking for salary history:, ('software_it', 'mid')
2026-09-30 15:06:42,695 - modules.salary_history - INFO - Looking for salary history:, ('software_it', 'senior')
2026-09-30 15:06:42,704 - modules.salary_history - INFO - Looking for salary history:, ('sales_customer_service', 'manager')
2026-09-30 15:06:42,707 - modules.salary_history - INFO - Looking for salary history:, ('engineering_production', 'mid')
2026-09-30 15:06:42,717 - modules.salary_history - INFO - Looking for salary history:, ('software_it', 'mid')
2026-09-30 15:06:42,729 - modules.salary_history - INFO - Looking for salary history:, ('finance_accounting', 'junior')
2026-09-30 15:06:42,732 - modules.salary_history - INFO - Looking for salary history:, ('software_it', 'mid')
2026-09-30 15:06:42,736 - modules.salary_history - INFO - Looking for salary history:, ('software_it', 'senior')
2026-09-30 15:06:42,750 - modules.salary_history - INFO - Looking for salary history:, ('software_it', 'mid')
2026-09-30 15:06:42,755 - modules.salary_history - INFO - Looking for salary history:, ('data_analytics', 'junior')
2026-09-30 15:06:42,758 - modules.salary_history - INFO - Looking for salary history:, ('finance_accounting', 'junior')
2026-09-30 15:06:42,762 - modules.salary_history - INFO - Looking for salary history:, ('finance_accounting', 'junior')
2026-09-30 15:06:42,765 - modules.salary_history - INFO - Looking for salary history:, ('data_analytics', 'junior')
2026-09-30 15:06:42,769 - modules.salary_history - INFO - Looking for salary history:, ('data_analytics', 'mid')
2026-09-30 15:06:42,790 - modules.salary_history - INFO - Looking for salary history:, ('data_analytics', 'mid')
2026-09-30 15:06:42,800 - modules.salary_history - INFO - Looking for salary history:, ('project_management', 'manager')
2026-09-30 15:06:42,805 - modules.salary_history - INFO - Looking for salary history:, ('software_it', 'manager')
2026-09-30 15:06:42,808 - modules.salary_history - INFO - Looking for salary history:, ('hr', 'manager')
2026-09-30 15:06:42,811 - modules.salary_history - INFO - Looking for salary history:, ('finance_accounting', 'manager')
2026-09-30 15:06:42,820 - modules.salary_history - INFO - Looking for salary history:, ('data_analytics', 'junior')
2026-09-30 15:06:42,824 - modules.salary_history - INFO - Looking for salary history:, ('data_analytics', 'junior')
2026-09-30 15:06:42,828 - modules.salary_history - INFO - Looking for salary history:, ('data_analytics', 'mid')
2026-09-30 15:06:42,847 - modules.salary_history - INFO - Looking for salary history:, ('data_analytics', 'mid')
2026-09-30 15:06:42,851 - modules.salary_history - INFO - Looking for salary history:, ('data_analytics', 'senior')
2026-09-30 15:06:42,854 - modules.salary_history - INFO - Looking for salary history:, ('data_analytics', 'mid')
2026-09-30 15:06:42,859 - modules.salary_history - INFO - Looking for salary history:, ('software_it', 'mid')
2026-09-30 15:06:42,868 - modules.salary_history - INFO - Looking for salary history:, ('data_analytics', 'junior')
2026-09-30 15:06:42,872 - modules.salary_history - INFO - Looking for salary history:, ('data_analytics', 'mid')
2026-09-30 15:06:42,896 - modules.salary_history - INFO - Looking for salary history:, ('data_analytics', 'mid')
2026-09-30 15:06:42,899 - modules.salary_history - INFO - Looking for salary history:, ('data_analytics', 'mid')
2026-09-30 15:06:42,903 - modules.salary_history - INFO - Looking for salary history:, ('software_it', 'mid')
2026-09-30 15:06:42,906 - modules.salary_history - INFO - Looking for salary history:, ('data_analytics', 'mid')
2026-09-30 15:06:42,917 - modules.salary_history - INFO - Looking for salary history:, ('software_it', 'mid')
2026-09-30 15:06:42,920 - modules.salary_history - INFO - Looking for salary history:, ('administration', 'intern')
2026-09-30 15:06:42,926 - modules.salary_history - INFO - Looking for salary history:, ('hr', 'intern')
2026-09-30 15:06:42,929 - modules.salary_history - INFO - Looking for salary history:, ('it_support', 'junior')
2026-09-30 15:06:42,936 - modules.salary_history - INFO - Looking for salary history:, ('logistics_supply_chain', 'mid')
2026-09-30 15:06:42,940 - modules.salary_history - INFO - Looking for salary history:, ('software_it', 'junior')
2026-09-30 15:06:42,945 - modules.salary_history - INFO - Looking for salary history:, ('administration', 'mid')
2026-09-30 15:06:42,948 - modules.salary_history - INFO - Looking for salary history:, ('administration', 'mid')
2026-09-30 15:06:42,951 - modules.salary_history - INFO - Looking for salary history:, ('sales_customer_service', 'mid')
2026-09-30 15:06:42,959 - modules.salary_history - INFO - Looking for salary history:, ('hr', 'junior')
2026-09-30 15:06:42,963 - modules.salary_history - INFO - Looking for salary history:, ('finance_accounting', 'junior')
2026-09-30 15:06:42,966 - modules.salary_history - INFO - Looking for salary history:, ('legal_compliance_risk', 'mid')
2026-09-30 15:06:42,976 - modules.salary_history - INFO - Looking for salary history:, ('sales_customer_service', 'mid')
2026-09-30 15:06:42,982 - modules.salary_history - INFO - Looking for salary history:, ('logistics_supply_chain', 'junior')
2026-09-30 15:06:43,004 - modules.salary_history - INFO - Looking for salary history:, ('project_management', 'junior')
2026-09-30 15:06:43,010 - modules.salary_history - INFO - Looking for salary history:, ('logistics_supply_chain', 'mid')
2026-09-30 15:06:43,014 - modules.salary_history - INFO - Looking for salary history:, ('administration', 'senior')
2026-09-30 15:06:43,022 - modules.salary_history - INFO - Looking for salary history:, ('software_it', 'mid')
2026-09-30 15:06:43,042 - modules.salary_history - INFO - Looking for salary history:, ('administration', 'senior')
2026-09-30 15:06:43,049 - modules.salary_history - INFO - Looking for salary history:, ('procurement', 'junior')
2026-09-30 15:06:43,063 - modules.salary_history - INFO - Looking for salary history:, ('sales_customer_service', 'intern')
2026-09-30 15:06:43,066 - modules.salary_history - INFO - Looking for salary history:, ('logistics_supply_chain', 'mid')
2026-09-30 15:06:43,078 - modules.salary_history - INFO - Looking for salary history:, ('software_it', 'junior')
2026-09-30 15:06:43,081 - modules.salary_history - INFO - Looking for salary history:, ('data_analytics', 'junior')
2026-09-30 15:06:43,084 - modules.salary_history - INFO - Looking for salary history:, ('software_it', 'junior')
2026-09-30 15:06:43,088 - modules.salary_history - INFO - Looking for salary history:, ('legal_compliance_risk', 'junior')
2026-09-30 15:06:43,099 - modules.salary_history - INFO - Looking for salary history:, ('data_analytics', 'junior')
2026-09-30 15:06:43,122 - modules.salary_history - INFO - Looking for salary history:, ('administration', 'senior')
2026-09-30 15:06:43,125 - modules.salary_history - INFO - Looking for salary history:, ('software_it', 'mid')
2026-09-30 15:06:43,129 - modules.salary_history - INFO - Looking for salary history:, ('marketing', 'manager')
2026-09-30 15:06:43,131 - modules.salary_history - INFO - Looking for salary history:, ('customer_operations', 'senior')
2026-09-30 15:06:43,135 - modules.salary_history - INFO - Looking for salary history:, ('customer_operations', 'mid')
2026-09-30 15:06:43,139 - modules.salary_history - INFO - Looking for salary history:, ('it_support', 'mid')
2026-09-30 15:06:43,143 - modules.salary_history - INFO - Looking for salary history:, ('it_support', 'mid')
2026-09-30 15:06:43,146 - modules.salary_history - INFO - Looking for salary history:, ('it_support', 'mid')
2026-09-30 15:06:43,158 - modules.salary_history - INFO - Looking for salary history:, ('software_it', 'junior')
2026-09-30 15:06:43,169 - modules.salary_history - INFO - Looking for salary history:, ('software_it', 'mid')
2026-09-30 15:06:43,173 - modules.salary_history - INFO - Looking for salary history:, ('marketing', 'manager')
2026-09-30 15:06:43,176 - modules.salary_history - INFO - Looking for salary history:, ('customer_operations', 'mid')
2026-09-30 15:06:43,180 - modules.salary_history - INFO - Looking for salary history:, ('it_support', 'mid')
2026-09-30 15:06:43,183 - modules.salary_history - INFO - Looking for salary history:, ('it_support', 'mid')
2026-09-30 15:06:43,186 - modules.salary_history - INFO - Looking for salary history:, ('it_support', 'mid')
2026-09-30 15:06:43,191 - modules.salary_history - INFO - Looking for salary history:, ('it_support', 'mid')
2026-09-30 15:06:43,194 - modules.salary_history - INFO - Looking for salary history:, ('it_support', 'mid')
2026-09-30 15:06:43,197 - modules.salary_history - INFO - Looking for salary history:, ('it_support', 'mid')
2026-09-30 15:06:43,201 - modules.salary_history - INFO - Looking for salary history:, ('it_support', 'mid')
2026-09-30 15:06:43,216 - modules.salary_history - INFO - Looking for salary history:, ('data_analytics', 'mid')
2026-09-30 15:06:43,223 - modules.salary_history - INFO - Looking for salary history:, ('finance_accounting', 'intern')
2026-09-30 15:06:43,227 - modules.salary_history - INFO - Looking for salary history:, ('project_management', 'junior')
2026-09-30 15:06:43,230 - modules.salary_history - INFO - Looking for salary history:, ('finance_accounting', 'junior')
2026-09-30 15:06:43,233 - modules.salary_history - INFO - Looking for salary history:, ('logistics_supply_chain', 'mid')
2026-09-30 15:06:43,240 - modules.salary_history - INFO - Looking for salary history:, ('software_it', 'junior')
2026-09-30 15:06:43,298 - modules.salary_history - INFO - Looking for salary history:, ('finance_accounting', 'mid')
2026-09-30 15:06:43,310 - modules.salary_history - INFO - Looking for salary history:, ('finance_accounting', 'mid')
2026-09-30 15:06:43,320 - modules.salary_history - INFO - Looking for salary history:, ('logistics_supply_chain', 'mid')
2026-09-30 15:06:43,324 - modules.salary_history - INFO - Looking for salary history:, ('administration', 'intern')
2026-09-30 15:06:43,336 - modules.salary_history - INFO - Looking for salary history:, ('procurement', 'junior')
2026-09-30 15:06:43,345 - modules.salary_history - INFO - Looking for salary history:, ('administration', 'mid')
2026-09-30 15:06:43,348 - modules.salary_history - INFO - Looking for salary history:, ('logistics_supply_chain', 'mid')
2026-09-30 15:06:43,371 - modules.salary_history - INFO - Looking for salary history:, ('administration', 'senior')
2026-09-30 15:06:43,375 - modules.salary_history - INFO - Looking for salary history:, ('finance_accounting', 'junior')
2026-09-30 15:06:43,378 - modules.salary_history - INFO - Looking for salary history:, ('logistics_supply_chain', 'mid')
2026-09-30 15:06:43,383 - modules.salary_history - INFO - Looking for salary history:, ('software_it', 'mid')
2026-09-30 15:06:43,387 - modules.salary_history - INFO - Looking for salary history:, ('administration', 'mid')
2026-09-30 15:06:43,390 - modules.salary_history - INFO - Looking for salary history:, ('administration', 'junior')
2026-09-30 15:06:43,393 - modules.salary_history - INFO - Looking for salary history:, ('data_analytics', 'senior')
2026-09-30 15:06:43,399 - modules.salary_history - INFO - Looking for salary history:, ('data_analytics', 'mid')
2026-09-30 15:06:43,402 - modules.salary_history - INFO - Looking for salary history:, ('data_analytics', 'mid')
2026-09-30 15:06:43,406 - modules.salary_history - INFO - Looking for salary history:, ('data_analytics', 'mid')
2026-09-30 15:06:43,409 - modules.salary_history - INFO - Looking for salary history:, ('data_analytics', 'mid')
2026-09-30 15:06:43,411 - modules.salary_history - INFO - Looking for salary history:, ('data_analytics', 'senior')
2026-09-30 15:06:43,416 - modules.salary_history - INFO - Looking for salary history:, ('data_analytics', 'mid')
2026-09-30 15:06:43,420 - modules.salary_history - INFO - Looking for salary history:, ('data_analytics', 'mid')
2026-09-30 15:06:43,423 - modules.salary_history - INFO - Looking for salary history:, ('data_analytics', 'mid')
2026-09-30 15:06:43,426 - modules.salary_history - INFO - Looking for salary history:, ('data_analytics', 'mid')
2026-09-30 15:06:43,431 - modules.salary_history - INFO - Looking for salary history:, ('legal_compliance_risk', 'mid')
2026-09-30 15:06:43,438 - modules.salary_history - INFO - Looking for salary history:, ('software_it', 'mid')
2026-09-30 15:06:43,446 - modules.salary_history - INFO - Looking for salary history:, ('data_analytics', 'junior')
2026-09-30 15:06:43,449 - modules.salary_history - INFO - Looking for salary history:, ('data_analytics', 'mid')
2026-09-30 15:06:43,451 - modules.salary_history - INFO - Looking for salary history:, ('data_analytics', 'junior')
2026-09-30 15:06:43,455 - modules.salary_history - INFO - Looking for salary history:, ('data_analytics', 'mid')
2026-09-30 15:06:43,458 - modules.salary_history - INFO - Looking for salary history:, ('legal_compliance_risk', 'mid')
2026-09-30 15:06:43,465 - modules.salary_history - INFO - Looking for salary history:, ('data_analytics', 'mid')
2026-09-30 15:06:43,468 - modules.salary_history - INFO - Looking for salary history:, ('data_analytics', 'junior')
2026-09-30 15:06:43,471 - modules.salary_history - INFO - Looking for salary history:, ('data_analytics', 'junior')
2026-09-30 15:06:43,474 - modules.salary_history - INFO - Looking for salary history:, ('data_analytics', 'mid')
2026-09-30 15:06:43,477 - modules.salary_history - INFO - Looking for salary history:, ('data_analytics', 'mid')
2026-09-30 15:06:43,480 - modules.salary_history - INFO - Looking for salary history:, ('legal_compliance_risk', 'mid')
2026-09-30 15:06:43,483 - modules.salary_history - INFO - Looking for salary history:, ('finance_accounting', 'mid')
2026-09-30 15:06:43,486 - modules.salary_history - INFO - Looking for salary history:, ('data_analytics', 'mid')
2026-09-30 15:06:43,489 - modules.salary_history - INFO - Looking for salary history:, ('logistics_supply_chain', 'mid')
2026-09-30 15:06:43,504 - modules.salary_history - INFO - Looking for salary history:, ('data_analytics', 'mid')
2026-09-30 15:06:43,508 - modules.salary_history - INFO - Looking for salary history:, ('software_it', 'mid')
2026-09-30 15:06:43,516 - modules.salary_history - INFO - Looking for salary history:, ('finance_accounting', 'mid')
2026-09-30 15:06:43,520 - modules.salary_history - INFO - Looking for salary history:, ('data_analytics', 'mid')
2026-09-30 15:06:43,524 - modules.salary_history - INFO - Looking for salary history:, ('logistics_supply_chain', 'mid')
2026-09-30 15:06:43,532 - modules.salary_history - INFO - Looking for salary history:, ('data_analytics', 'mid')
2026-09-30 15:06:43,536 - modules.salary_history - INFO - Looking for salary history:, ('software_it', 'junior')
2026-09-30 15:06:43,545 - modules.salary_history - INFO - Looking for salary history:, ('it_support', 'manager')
2026-09-30 15:06:43,549 - modules.salary_history - INFO - Looking for salary history:, ('project_management', 'manager')
2026-09-30 15:06:43,559 - modules.salary_history - INFO - Looking for salary history:, ('data_analytics', 'mid')
2026-09-30 15:06:43,562 - modules.salary_history - INFO - Looking for salary history:, ('data_analytics', 'senior')
2026-09-30 15:06:43,565 - modules.salary_history - INFO - Looking for salary history:, ('data_analytics', 'mid')
2026-09-30 15:06:43,568 - modules.salary_history - INFO - Looking for salary history:, ('software_it', 'senior')
2026-09-30 15:06:43,572 - modules.salary_history - INFO - Looking for salary history:, ('software_it', 'senior')
2026-09-30 15:06:43,576 - modules.salary_history - INFO - Looking for salary history:, ('software_it', 'senior')
2026-09-30 15:06:43,578 - modules.salary_history - INFO - Looking for salary history:, ('software_it', 'senior')
2026-09-30 15:06:43,587 - modules.salary_history - INFO - Looking for salary history:, ('software_it', 'junior')
2026-09-30 15:06:43,597 - modules.salary_history - INFO - Looking for salary history:, ('data_analytics', 'mid')
2026-09-30 15:06:43,600 - modules.salary_history - INFO - Looking for salary history:, ('data_analytics', 'mid')
2026-09-30 15:06:43,604 - modules.salary_history - INFO - Looking for salary history:, ('software_it', 'mid')
2026-09-30 15:06:43,607 - modules.salary_history - INFO - Looking for salary history:, ('data_analytics', 'senior')
2026-09-30 15:06:43,610 - modules.salary_history - INFO - Looking for salary history:, ('data_analytics', 'senior')
2026-09-30 15:06:43,627 - modules.salary_history - INFO - Looking for salary history:, ('administration', 'mid')
2026-09-30 15:06:43,630 - modules.salary_history - INFO - Looking for salary history:, ('finance_accounting', 'mid')
2026-09-30 15:06:43,633 - modules.salary_history - INFO - Looking for salary history:, ('finance_accounting', 'mid')
2026-09-30 15:06:43,637 - modules.salary_history - INFO - Looking for salary history:, ('sales_customer_service', 'junior')
2026-09-30 15:06:43,640 - modules.salary_history - INFO - Looking for salary history:, ('procurement', 'junior')
2026-09-30 15:06:43,651 - modules.salary_history - INFO - Looking for salary history:, ('finance_accounting', 'junior')
2026-09-30 15:06:43,657 - modules.salary_history - INFO - Looking for salary history:, ('administration', 'mid')
2026-09-30 15:06:43,662 - modules.salary_history - INFO - Looking for salary history:, ('data_analytics', 'mid')
2026-09-30 15:06:43,665 - modules.salary_history - INFO - Looking for salary history:, ('software_it', 'mid')
2026-09-30 15:06:43,669 - modules.salary_history - INFO - Looking for salary history:, ('data_analytics', 'mid')
2026-09-30 15:06:43,673 - modules.salary_history - INFO - Looking for salary history:, ('procurement', 'mid')
2026-09-30 15:06:43,676 - modules.salary_history - INFO - Looking for salary history:, ('administration', 'mid')
2026-09-30 15:06:43,682 - modules.salary_history - INFO - Looking for salary history:, ('procurement', 'intern')
2026-09-30 15:06:43,687 - modules.salary_history - INFO - Looking for salary history:, ('administration', 'mid')
2026-09-30 15:06:43,693 - modules.salary_history - INFO - Looking for salary history:, ('finance_accounting', 'junior')
2026-09-30 15:06:43,696 - modules.salary_history - INFO - Looking for salary history:, ('engineering_production', 'mid')
2026-09-30 15:06:43,699 - modules.salary_history - INFO - Looking for salary history:, ('legal_compliance_risk', 'mid')
2026-09-30 15:06:43,706 - modules.salary_history - INFO - Looking for salary history:, ('sales_customer_service', 'junior')
2026-09-30 15:06:43,709 - modules.salary_history - INFO - Looking for salary history:, ('logistics_supply_chain', 'mid')
2026-09-30 15:06:43,712 - modules.salary_history - INFO - Looking for salary history:, ('legal_compliance_risk', 'mid')
2026-09-30 15:06:43,717 - modules.salary_history - INFO - Looking for salary history:, ('logistics_supply_chain', 'mid')
2026-09-30 15:06:43,721 - modules.salary_history - INFO - Looking for salary history:, ('data_analytics', 'mid')
2026-09-30 15:06:43,727 - modules.salary_history - INFO - Looking for salary history:, ('administration', 'mid')
2026-09-30 15:06:43,730 - modules.salary_history - INFO - Looking for salary history:, ('administration', 'mid')
2026-09-30 15:06:43,734 - modules.salary_history - INFO - Looking for salary history:, ('administration', 'mid')
2026-09-30 15:06:43,738 - modules.salary_history - INFO - Looking for salary history:, ('administration', 'senior')
2026-09-30 15:06:43,743 - modules.salary_history - INFO - Looking for salary history:, ('administration', 'junior')
2026-09-30 15:06:43,747 - modules.salary_history - INFO - Looking for salary history:, ('hr', 'junior')
2026-09-30 15:06:43,770 - modules.salary_history - INFO - Looking for salary history:, ('logistics_supply_chain', 'intern')
2026-09-30 15:06:43,773 - modules.salary_history - INFO - Looking for salary history:, ('logistics_supply_chain', 'mid')
2026-09-30 15:06:43,776 - modules.salary_history - INFO - Looking for salary history:, ('finance_accounting', 'mid')
2026-09-30 15:06:43,779 - modules.salary_history - INFO - Looking for salary history:, ('project_management', 'junior')
2026-09-30 15:06:43,781 - modules.salary_history - INFO - Looking for salary history:, ('software_it', 'mid')
2026-09-30 15:06:43,785 - modules.salary_history - INFO - Looking for salary history:, ('administration', 'mid')
2026-09-30 15:06:43,798 - modules.salary_history - INFO - Looking for salary history:, ('finance_accounting', 'intern')
2026-09-30 15:06:43,814 - modules.salary_history - INFO - Looking for salary history:, ('administration', 'senior')
2026-09-30 15:06:43,824 - modules.salary_history - INFO - Looking for salary history:, ('customer_operations', 'mid')
2026-09-30 15:06:43,827 - modules.salary_history - INFO - Looking for salary history:, ('software_it', 'mid')
2026-09-30 15:06:43,835 - modules.salary_history - INFO - Looking for salary history:, ('procurement', 'junior')
2026-09-30 15:06:43,839 - modules.salary_history - INFO - Looking for salary history:, ('engineering_production', 'mid')
2026-09-30 15:06:43,843 - modules.salary_history - INFO - Looking for salary history:, ('marketing', 'mid')
2026-09-30 15:06:43,846 - modules.salary_history - INFO - Looking for salary history:, ('software_it', 'mid')
2026-09-30 15:06:43,870 - modules.salary_history - INFO - Looking for salary history:, ('customer_operations', 'mid')
2026-09-30 15:06:43,878 - modules.salary_history - INFO - Looking for salary history:, ('software_it', 'mid')
2026-09-30 15:06:43,881 - modules.salary_history - INFO - Looking for salary history:, ('data_analytics', 'mid')
2026-09-30 15:06:43,885 - modules.salary_history - INFO - Looking for salary history:, ('data_analytics', 'mid')
2026-09-30 15:06:43,889 - modules.salary_history - INFO - Looking for salary history:, ('administration', 'junior')
2026-09-30 15:06:43,893 - modules.salary_history - INFO - Looking for salary history:, ('it_support', 'mid')
2026-09-30 15:06:43,902 - modules.salary_history - INFO - Looking for salary history:, ('data_analytics', 'mid')
2026-09-30 15:06:43,906 - modules.salary_history - INFO - Looking for salary history:, ('data_analytics', 'mid')
2026-09-30 15:06:43,916 - modules.salary_history - INFO - Looking for salary history:, ('logistics_supply_chain', 'manager')
2026-09-30 15:06:43,920 - modules.salary_history - INFO - Looking for salary history:, ('project_management', 'manager')
2026-09-30 15:06:43,923 - modules.salary_history - INFO - Looking for salary history:, ('project_management', 'manager')
2026-09-30 15:06:43,927 - modules.salary_history - INFO - Looking for salary history:, ('project_management', 'manager')
2026-09-30 15:06:43,937 - modules.salary_history - INFO - Looking for salary history:, ('legal_compliance_risk', 'junior')
2026-09-30 15:06:43,945 - modules.salary_history - INFO - Looking for salary history:, ('data_analytics', 'mid')
2026-09-30 15:06:43,948 - modules.salary_history - INFO - Looking for salary history:, ('data_analytics', 'mid')
2026-09-30 15:06:43,952 - modules.salary_history - INFO - Looking for salary history:, ('data_analytics', 'mid')
2026-09-30 15:06:43,956 - modules.salary_history - INFO - Looking for salary history:, ('data_analytics', 'senior')
2026-09-30 15:06:43,959 - modules.salary_history - INFO - Looking for salary history:, ('data_analytics', 'junior')
2026-09-30 15:06:43,963 - modules.salary_history - INFO - Looking for salary history:, ('software_it', 'senior')
2026-09-30 15:06:43,966 - modules.salary_history - INFO - Looking for salary history:, ('administration', 'senior')
2026-09-30 15:06:43,976 - modules.salary_history - INFO - Looking for salary history:, ('data_analytics', 'junior')
2026-09-30 15:06:43,985 - modules.salary_history - INFO - Looking for salary history:, ('data_analytics', 'mid')
2026-09-30 15:06:43,989 - modules.salary_history - INFO - Looking for salary history:, ('data_analytics', 'mid')
2026-09-30 15:06:43,992 - modules.salary_history - INFO - Looking for salary history:, ('data_analytics', 'mid')
2026-09-30 15:06:43,995 - modules.salary_history - INFO - Looking for salary history:, ('data_analytics', 'junior')
2026-09-30 15:06:43,999 - modules.salary_history - INFO - Looking for salary history:, ('finance_accounting', 'mid')
2026-09-30 15:06:44,011 - modules.salary_history - INFO - Looking for salary history:, ('finance_accounting', 'mid')
2026-09-30 15:06:44,017 - modules.salary_history - INFO - Looking for salary history:, ('software_it', 'mid')
2026-09-30 15:06:44,021 - modules.salary_history - INFO - Looking for salary history:, ('finance_accounting', 'junior')
2026-09-30 15:06:44,027 - modules.salary_history - INFO - Looking for salary history:, ('finance_accounting', 'junior')
2026-09-30 15:06:44,031 - modules.salary_history - INFO - Looking for salary history:, ('finance_accounting', 'mid')
2026-09-30 15:06:44,034 - modules.salary_history - INFO - Looking for salary history:, ('administration', 'mid')
2026-09-30 15:06:44,038 - modules.salary_history - INFO - Looking for salary history:, ('logistics_supply_chain', 'senior')
2026-09-30 15:06:44,045 - modules.salary_history - INFO - Looking for salary history:, ('finance_accounting', 'junior')
2026-09-30 15:06:44,048 - modules.salary_history - INFO - Looking for salary history:, ('legal_compliance_risk', 'mid')
2026-09-30 15:06:44,051 - modules.salary_history - INFO - Looking for salary history:, ('finance_accounting', 'mid')
2026-09-30 15:06:44,055 - modules.salary_history - INFO - Looking for salary history:, ('legal_compliance_risk', 'junior')
2026-09-30 15:06:44,073 - modules.salary_history - INFO - Looking for salary history:, ('logistics_supply_chain', 'intern')
2026-09-30 15:06:44,076 - modules.salary_history - INFO - Looking for salary history:, ('hr', 'junior')
2026-09-30 15:06:44,079 - modules.salary_history - INFO - Looking for salary history:, ('logistics_supply_chain', 'mid')
2026-09-30 15:06:44,086 - modules.salary_history - INFO - Looking for salary history:, ('project_management', 'junior')
2026-09-30 15:06:44,090 - modules.salary_history - INFO - Looking for salary history:, ('administration', 'mid')
2026-09-30 15:06:44,097 - modules.salary_history - INFO - Looking for salary history:, ('finance_accounting', 'mid')
2026-09-30 15:06:44,104 - modules.salary_history - INFO - Looking for salary history:, ('administration', 'mid')
2026-09-30 15:06:44,114 - modules.salary_history - INFO - Looking for salary history:, ('finance_accounting', 'intern')
2026-09-30 15:06:44,123 - modules.salary_history - INFO - Looking for salary history:, ('logistics_supply_chain', 'mid')
2026-09-30 15:06:44,126 - modules.salary_history - INFO - Looking for salary history:, ('administration', 'senior')
2026-09-30 15:06:44,129 - modules.salary_history - INFO - Looking for salary history:, ('finance_accounting', 'mid')
2026-09-30 15:06:44,132 - modules.salary_history - INFO - Looking for salary history:, ('finance_accounting', 'junior')
2026-09-30 15:06:44,135 - modules.salary_history - INFO - Looking for salary history:, ('software_it', 'mid')
2026-09-30 15:06:44,140 - modules.salary_history - INFO - Looking for salary history:, ('sales_customer_service', 'junior')
2026-09-30 15:06:44,183 - modules.salary_history - INFO - Looking for salary history:, ('software_it', 'junior')
2026-09-30 15:06:44,186 - modules.salary_history - INFO - Looking for salary history:, ('data_analytics', 'junior')
2026-09-30 15:06:44,192 - modules.salary_history - INFO - Looking for salary history:, ('logistics_supply_chain', 'junior')
2026-09-30 15:06:44,196 - modules.salary_history - INFO - Looking for salary history:, ('administration', 'mid')
2026-09-30 15:06:44,198 - modules.salary_history - INFO - Looking for salary history:, ('finance_accounting', 'mid')
2026-09-30 15:06:44,201 - modules.salary_history - INFO - Looking for salary history:, ('logistics_supply_chain', 'manager')
2026-09-30 15:06:44,206 - modules.salary_history - INFO - Looking for salary history:, ('software_it', 'junior')
2026-09-30 15:06:44,212 - modules.salary_history - INFO - Looking for salary history:, ('data_analytics', 'mid')
2026-09-30 15:06:44,215 - modules.salary_history - INFO - Looking for salary history:, ('finance_accounting', 'mid')
2026-09-30 15:06:44,218 - modules.salary_history - INFO - Looking for salary history:, ('finance_accounting', 'mid')
2026-09-30 15:06:44,223 - modules.salary_history - INFO - Looking for salary history:, ('data_analytics', 'mid')
2026-09-30 15:06:44,227 - modules.salary_history - INFO - Looking for salary history:, ('data_analytics', 'senior')
2026-09-30 15:06:44,232 - modules.salary_history - INFO - Looking for salary history:, ('data_analytics', 'mid')
2026-09-30 15:06:44,236 - modules.salary_history - INFO - Looking for salary history:, ('data_analytics', 'mid')
2026-09-30 15:06:44,296 - modules.salary_history - INFO - Looking for salary history:, ('data_analytics', 'mid')
2026-09-30 15:06:44,302 - modules.salary_history - INFO - Looking for salary history:, ('software_it', 'junior')
2026-09-30 15:06:44,316 - modules.salary_history - INFO - Looking for salary history:, ('data_analytics', 'senior')
2026-09-30 15:06:44,325 - modules.salary_history - INFO - Looking for salary history:, ('legal_compliance_risk', 'mid')
2026-09-30 15:06:44,330 - modules.salary_history - INFO - Looking for salary history:, ('data_analytics', 'mid')
2026-09-30 15:06:44,333 - modules.salary_history - INFO - Looking for salary history:, ('logistics_supply_chain', 'mid')
2026-09-30 15:06:44,337 - modules.salary_history - INFO - Looking for salary history:, ('administration', 'mid')
2026-09-30 15:06:44,343 - modules.salary_history - INFO - Looking for salary history:, ('data_analytics', 'mid')
2026-09-30 15:06:44,351 - modules.salary_history - INFO - Looking for salary history:, ('software_it', 'mid')
2026-09-30 15:06:44,356 - modules.salary_history - INFO - Looking for salary history:, ('software_it', 'mid')
2026-09-30 15:06:44,359 - modules.salary_history - INFO - Looking for salary history:, ('data_analytics', 'mid')
2026-09-30 15:06:44,368 - modules.salary_history - INFO - Looking for salary history:, ('software_it', 'mid')
2026-09-30 15:06:44,376 - modules.salary_history - INFO - Looking for salary history:, ('software_it', 'junior')
2026-09-30 15:06:44,382 - modules.salary_history - INFO - Looking for salary history:, ('data_analytics', 'senior')
2026-09-30 15:06:44,385 - modules.salary_history - INFO - Looking for salary history:, ('data_analytics', 'mid')
2026-09-30 15:06:44,389 - modules.salary_history - INFO - Looking for salary history:, ('data_analytics', 'mid')
2026-09-30 15:06:44,392 - modules.salary_history - INFO - Looking for salary history:, ('data_analytics', 'mid')
2026-09-30 15:06:44,404 - modules.salary_history - INFO - Looking for salary history:, ('data_analytics', 'senior')
2026-09-30 15:06:44,407 - modules.salary_history - INFO - Looking for salary history:, ('data_analytics', 'mid')
2026-09-30 15:06:44,410 - modules.salary_history - INFO - Looking for salary history:, ('data_analytics', 'mid')
2026-09-30 15:06:44,414 - modules.salary_history - INFO - Looking for salary history:, ('data_analytics', 'mid')
2026-09-30 15:06:44,420 - modules.salary_history - INFO - Looking for salary history:, ('data_analytics', 'junior')
2026-09-30 15:06:44,423 - modules.salary_history - INFO - Looking for salary history:, ('software_it', 'mid')
2026-09-30 15:06:44,429 - modules.salary_history - INFO - Looking for salary history:, ('data_analytics', 'junior')
2026-09-30 15:06:44,432 - modules.salary_history - INFO - Looking for salary history:, ('software_it', 'mid')
2026-09-30 15:06:44,443 - modules.salary_history - INFO - Looking for salary history:, ('it_support', 'junior')
2026-09-30 15:06:44,446 - modules.salary_history - INFO - Looking for salary history:, ('hr', 'junior')
2026-09-30 15:06:44,449 - modules.salary_history - INFO - Looking for salary history:, ('logistics_supply_chain', 'mid')
2026-09-30 15:06:44,459 - modules.salary_history - INFO - Looking for salary history:, ('project_management', 'junior')
2026-09-30 15:06:44,462 - modules.salary_history - INFO - Looking for salary history:, ('finance_accounting', 'mid')
2026-09-30 15:06:44,471 - modules.salary_history - INFO - Looking for salary history:, ('software_it', 'mid')
2026-09-30 15:06:44,491 - modules.salary_history - INFO - Looking for salary history:, ('administration', 'senior')
2026-09-30 15:06:44,494 - modules.salary_history - INFO - Looking for salary history:, ('administration', 'mid')
2026-09-30 15:06:44,497 - modules.salary_history - INFO - Looking for salary history:, ('finance_accounting', 'junior')
2026-09-30 15:06:44,500 - modules.salary_history - INFO - Looking for salary history:, ('sales_customer_service', 'junior')
2026-09-30 15:06:44,507 - modules.salary_history - INFO - Looking for salary history:, ('logistics_supply_chain', 'junior')
2026-09-30 15:06:44,510 - modules.salary_history - INFO - Looking for salary history:, ('data_analytics', 'mid')
2026-09-30 15:06:44,513 - modules.salary_history - INFO - Looking for salary history:, ('data_analytics', 'mid')
2026-09-30 15:06:44,517 - modules.salary_history - INFO - Looking for salary history:, ('data_analytics', 'mid')
2026-09-30 15:06:44,520 - modules.salary_history - INFO - Looking for salary history:, ('software_it', 'mid')
2026-09-30 15:06:44,523 - modules.salary_history - INFO - Looking for salary history:, ('sales_customer_service', 'mid')
2026-09-30 15:06:44,526 - modules.salary_history - INFO - Looking for salary history:, ('data_analytics', 'mid')
2026-09-30 15:06:44,530 - modules.salary_history - INFO - Looking for salary history:, ('data_analytics', 'mid')
2026-09-30 15:06:44,533 - modules.salary_history - INFO - Looking for salary history:, ('data_analytics', 'mid')
2026-09-30 15:06:44,537 - modules.salary_history - INFO - Looking for salary history:, ('data_analytics', 'mid')
2026-09-30 15:06:44,540 - modules.salary_history - INFO - Looking for salary history:, ('sales_customer_service', 'mid')
2026-09-30 15:06:44,543 - modules.salary_history - INFO - Looking for salary history:, ('software_it', 'mid')
2026-09-30 15:06:44,547 - modules.salary_history - INFO - Looking for salary history:, ('data_analytics', 'mid')
2026-09-30 15:06:44,550 - modules.salary_history - INFO - Looking for salary history:, ('sales_customer_service', 'mid')
2026-09-30 15:06:44,554 - modules.salary_history - INFO - Looking for salary history:, ('sales_customer_service', 'junior')
2026-09-30 15:06:44,557 - modules.salary_history - INFO - Looking for salary history:, ('data_analytics', 'mid')
2026-09-30 15:06:44,560 - modules.salary_history - INFO - Looking for salary history:, ('finance_accounting', 'junior')
2026-09-30 15:06:44,565 - modules.salary_history - INFO - Looking for salary history:, ('finance_accounting', 'junior')
2026-09-30 15:06:44,571 - modules.salary_history - INFO - Looking for salary history:, ('data_analytics', 'senior')
2026-09-30 15:06:44,574 - modules.salary_history - INFO - Looking for salary history:, ('data_analytics', 'senior')
2026-09-30 15:06:44,579 - modules.salary_history - INFO - Looking for salary history:, ('data_analytics', 'mid')
2026-09-30 15:06:44,619 - modules.salary_history - INFO - Looking for salary history:, ('data_analytics', 'senior')
2026-09-30 15:06:44,624 - modules.salary_history - INFO - Looking for salary history:, ('logistics_supply_chain', 'intern')
2026-09-30 15:06:44,626 - modules.salary_history - INFO - Looking for salary history:, ('logistics_supply_chain', 'intern')
2026-09-30 15:06:44,629 - modules.salary_history - INFO - Looking for salary history:, ('logistics_supply_chain', 'intern')
2026-09-30 15:06:44,638 - modules.salary_history - INFO - Looking for salary history:, ('sales_customer_service', 'mid')
2026-09-30 15:06:44,641 - modules.salary_history - INFO - Looking for salary history:, ('data_analytics', 'senior')
2026-09-30 15:06:44,651 - modules.salary_history - INFO - Looking for salary history:, ('finance_accounting', 'mid')
2026-09-30 15:06:44,658 - modules.salary_history - INFO - Looking for salary history:, ('data_analytics', 'senior')
2026-09-30 15:06:44,671 - modules.salary_history - INFO - Looking for salary history:, ('legal_compliance_risk', 'senior')
2026-09-30 15:06:44,682 - modules.salary_history - INFO - Looking for salary history:, ('software_it', 'junior')
2026-09-30 15:06:44,687 - modules.salary_history - INFO - Looking for salary history:, ('software_it', 'junior')
2026-09-30 15:06:44,690 - modules.salary_history - INFO - Looking for salary history:, ('software_it', 'junior')
2026-09-30 15:06:44,696 - modules.salary_history - INFO - Looking for salary history:, ('hr', 'mid')
2026-09-30 15:06:44,702 - modules.salary_history - INFO - Looking for salary history:, ('software_it', 'manager')
2026-09-30 15:06:44,706 - modules.salary_history - INFO - Looking for salary history:, ('project_management', 'manager')
2026-09-30 15:06:44,709 - modules.salary_history - INFO - Looking for salary history:, ('project_management', 'manager')
2026-09-30 15:06:44,714 - modules.salary_history - INFO - Looking for salary history:, ('project_management', 'junior')
2026-09-30 15:06:44,723 - modules.salary_history - INFO - Looking for salary history:, ('it_support', 'junior')
2026-09-30 15:06:44,728 - modules.salary_history - INFO - Looking for salary history:, ('software_it', 'mid')
2026-09-30 15:06:44,731 - modules.salary_history - INFO - Looking for salary history:, ('software_it', 'mid')
2026-09-30 15:06:44,734 - modules.salary_history - INFO - Looking for salary history:, ('software_it', 'mid')
2026-09-30 15:06:44,738 - modules.salary_history - INFO - Looking for salary history:, ('data_analytics', 'senior')
2026-09-30 15:06:44,741 - modules.salary_history - INFO - Looking for salary history:, ('software_it', 'mid')
2026-09-30 15:06:44,744 - modules.salary_history - INFO - Looking for salary history:, ('data_analytics', 'mid')
2026-09-30 15:06:44,747 - modules.salary_history - INFO - Looking for salary history:, ('software_it', 'mid')
2026-09-30 15:06:44,750 - modules.salary_history - INFO - Looking for salary history:, ('software_it', 'senior')
2026-09-30 15:06:44,759 - modules.salary_history - INFO - Looking for salary history:, ('legal_compliance_risk', 'senior')
2026-09-30 15:06:44,762 - modules.salary_history - INFO - Looking for salary history:, ('software_it', 'junior')
2026-09-30 15:06:44,765 - modules.salary_history - INFO - Looking for salary history:, ('software_it', 'junior')
2026-09-30 15:06:44,769 - modules.salary_history - INFO - Looking for salary history:, ('software_it', 'junior')
2026-09-30 15:06:44,775 - modules.salary_history - INFO - Looking for salary history:, ('data_analytics', 'mid')
2026-09-30 15:06:44,781 - modules.salary_history - INFO - Looking for salary history:, ('data_analytics', 'mid')
2026-09-30 15:06:44,787 - modules.salary_history - INFO - Looking for salary history:, ('data_analytics', 'senior')
2026-09-30 15:06:44,793 - modules.salary_history - INFO - Looking for salary history:, ('procurement', 'mid')
2026-09-30 15:06:44,807 - modules.salary_history - INFO - Looking for salary history:, ('logistics_supply_chain', 'senior')
2026-09-30 15:06:44,809 - modules.salary_history - INFO - Looking for salary history:, ('sales_customer_service', 'mid')
2026-09-30 15:06:44,812 - modules.salary_history - INFO - Looking for salary history:, ('legal_compliance_risk', 'junior')
2026-09-30 15:06:44,832 - modules.salary_history - INFO - Looking for salary history:, ('procurement', 'mid')
2026-09-30 15:06:44,844 - modules.salary_history - INFO - Looking for salary history:, ('it_support', 'mid')
2026-09-30 15:06:44,849 - modules.salary_history - INFO - Looking for salary history:, ('hr', 'mid')
2026-09-30 15:06:44,853 - modules.salary_history - INFO - Looking for salary history:, ('hr', 'mid')
2026-09-30 15:06:44,857 - modules.salary_history - INFO - Looking for salary history:, ('hr', 'mid')
2026-09-30 15:06:44,860 - modules.salary_history - INFO - Looking for salary history:, ('hr', 'mid')
2026-09-30 15:06:44,863 - modules.salary_history - INFO - Looking for salary history:, ('it_support', 'junior')
2026-09-30 15:06:44,866 - modules.salary_history - INFO - Looking for salary history:, ('software_it', 'mid')
2026-09-30 15:06:44,874 - modules.salary_history - INFO - Looking for salary history:, ('data_analytics', 'mid')
2026-09-30 15:06:44,886 - modules.salary_history - INFO - Looking for salary history:, ('engineering_production', 'manager')
2026-09-30 15:06:44,890 - modules.salary_history - INFO - Looking for salary history:, ('hr', 'manager')
2026-09-30 15:06:44,900 - modules.salary_history - INFO - Looking for salary history:, ('data_analytics', 'mid')
2026-09-30 15:06:44,904 - modules.salary_history - INFO - Looking for salary history:, ('data_analytics', 'mid')
2026-09-30 15:06:44,908 - modules.salary_history - INFO - Looking for salary history:, ('data_analytics', 'mid')
2026-09-30 15:06:44,919 - modules.salary_history - INFO - Looking for salary history:, ('data_analytics', 'mid')
2026-09-30 15:06:44,923 - modules.salary_history - INFO - Looking for salary history:, ('data_analytics', 'mid')
2026-09-30 15:06:44,926 - modules.salary_history - INFO - Looking for salary history:, ('data_analytics', 'senior')
2026-09-30 15:06:44,929 - modules.salary_history - INFO - Looking for salary history:, ('data_analytics', 'mid')
2026-09-30 15:06:44,932 - modules.salary_history - INFO - Looking for salary history:, ('data_analytics', 'senior')
2026-09-30 15:06:44,936 - modules.salary_history - INFO - Looking for salary history:, ('software_it', 'mid')
2026-09-30 15:06:44,949 - modules.salary_history - INFO - Looking for salary history:, ('software_it', 'mid')
2026-09-30 15:06:44,961 - modules.salary_history - INFO - Looking for salary history:, ('data_analytics', 'mid')
2026-09-30 15:06:44,965 - modules.salary_history - INFO - Looking for salary history:, ('data_analytics', 'mid')
2026-09-30 15:06:44,968 - modules.salary_history - INFO - Looking for salary history:, ('software_it', 'mid')
2026-09-30 15:06:44,972 - modules.salary_history - INFO - Looking for salary history:, ('software_it', 'mid')
2026-09-30 15:06:44,975 - modules.salary_history - INFO - Looking for salary history:, ('data_analytics', 'mid')
2026-09-30 15:06:44,992 - modules.salary_history - INFO - Looking for salary history:, ('logistics_supply_chain', 'mid')
2026-09-30 15:06:44,994 - modules.salary_history - INFO - Looking for salary history:, ('finance_accounting', 'mid')
2026-09-30 15:06:44,997 - modules.salary_history - INFO - Looking for salary history:, ('data_analytics', 'mid')
2026-09-30 15:06:45,006 - modules.salary_history - INFO - Looking for salary history:, ('procurement', 'mid')
2026-09-30 15:06:45,009 - modules.salary_history - INFO - Looking for salary history:, ('procurement', 'mid')
2026-09-30 15:06:45,012 - modules.salary_history - INFO - Looking for salary history:, ('software_it', 'mid')
2026-09-30 15:06:45,018 - modules.salary_history - INFO - Looking for salary history:, ('logistics_supply_chain', 'mid')
2026-09-30 15:06:45,022 - modules.salary_history - INFO - Looking for salary history:, ('software_it', 'junior')
2026-09-30 15:06:45,025 - modules.salary_history - INFO - Looking for salary history:, ('finance_accounting', 'mid')
2026-09-30 15:06:45,029 - modules.salary_history - INFO - Looking for salary history:, ('sales_customer_service', 'junior')
2026-09-30 15:06:45,032 - modules.salary_history - INFO - Looking for salary history:, ('data_analytics', 'mid')
2026-09-30 15:06:45,035 - modules.salary_history - INFO - Looking for salary history:, ('software_it', 'mid')
2026-09-30 15:06:45,040 - modules.salary_history - INFO - Looking for salary history:, ('hr', 'mid')
2026-09-30 15:06:45,043 - modules.salary_history - INFO - Looking for salary history:, ('project_management', 'manager')
2026-09-30 15:06:45,046 - modules.salary_history - INFO - Looking for salary history:, ('hr', 'mid')
2026-09-30 15:06:45,050 - modules.salary_history - INFO - Looking for salary history:, ('it_support', 'mid')
2026-09-30 15:06:45,066 - modules.salary_history - INFO - Looking for salary history:, ('logistics_supply_chain', 'intern')
2026-09-30 15:06:45,075 - modules.salary_history - INFO - Looking for salary history:, ('finance_accounting', 'intern')
2026-09-30 15:06:45,078 - modules.salary_history - INFO - Looking for salary history:, ('administration', 'junior')
2026-09-30 15:06:45,082 - modules.salary_history - INFO - Looking for salary history:, ('administration', 'senior')
2026-09-30 15:06:45,089 - modules.salary_history - INFO - Looking for salary history:, ('software_it', 'mid')
2026-09-30 15:06:45,092 - modules.salary_history - INFO - Looking for salary history:, ('administration', 'mid')
2026-09-30 15:06:45,098 - modules.salary_history - INFO - Looking for salary history:, ('logistics_supply_chain', 'mid')
2026-09-30 15:06:45,110 - modules.salary_history - INFO - Looking for salary history:, ('finance_accounting', 'junior')
2026-09-30 15:06:45,117 - modules.salary_history - INFO - Looking for salary history:, ('procurement', 'junior')
2026-09-30 15:06:45,123 - modules.salary_history - INFO - Looking for salary history:, ('administration', 'mid')
2026-09-30 15:06:45,129 - modules.salary_history - INFO - Looking for salary history:, ('software_it', 'mid')
2026-09-30 15:06:45,132 - modules.salary_history - INFO - Looking for salary history:, ('software_it', 'mid')
2026-09-30 15:06:45,149 - modules.salary_history - INFO - Looking for salary history:, ('data_analytics', 'mid')
2026-09-30 15:06:45,153 - modules.salary_history - INFO - Looking for salary history:, ('hr', 'mid')
2026-09-30 15:06:45,161 - modules.salary_history - INFO - Looking for salary history:, ('data_analytics', 'mid')
2026-09-30 15:06:45,165 - modules.salary_history - INFO - Looking for salary history:, ('finance_accounting', 'mid')
2026-09-30 15:06:45,169 - modules.salary_history - INFO - Looking for salary history:, ('data_analytics', 'mid')
2026-09-30 15:06:45,209 - modules.salary_history - INFO - Looking for salary history:, ('hr', 'mid')
2026-09-30 15:06:45,226 - modules.salary_history - INFO - Looking for salary history:, ('data_analytics', 'mid')
2026-09-30 15:06:45,229 - modules.salary_history - INFO - Looking for salary history:, ('finance_accounting', 'mid')
2026-09-30 15:06:45,236 - modules.salary_history - INFO - Looking for salary history:, ('sales_customer_service', 'mid')
2026-09-30 15:06:45,243 - modules.salary_history - INFO - Looking for salary history:, ('data_analytics', 'junior')
2026-09-30 15:06:45,260 - modules.salary_history - INFO - Looking for salary history:, ('medical', 'mid')
2026-09-30 15:06:45,263 - modules.salary_history - INFO - Looking for salary history:, ('marketing', 'manager')
2026-09-30 15:06:45,272 - modules.salary_history - INFO - Looking for salary history:, ('sales_customer_service', 'mid')
2026-09-30 15:06:45,275 - modules.salary_history - INFO - Looking for salary history:, ('data_analytics', 'junior')
2026-09-30 15:06:45,287 - modules.salary_history - INFO - Looking for salary history:, ('finance_accounting', 'junior')
2026-09-30 15:06:45,291 - modules.salary_history - INFO - Looking for salary history:, ('software_it', 'mid')
2026-09-30 15:06:45,294 - modules.salary_history - INFO - Looking for salary history:, ('software_it', 'junior')
2026-09-30 15:06:45,314 - modules.salary_history - INFO - Looking for salary history:, ('software_it', 'mid')
2026-09-30 15:06:45,321 - modules.salary_history - INFO - Looking for salary history:, ('data_analytics', 'senior')
2026-09-30 15:06:45,324 - modules.salary_history - INFO - Looking for salary history:, ('data_analytics', 'senior')
2026-09-30 15:06:45,327 - modules.salary_history - INFO - Looking for salary history:, ('data_analytics', 'senior')
2026-09-30 15:06:45,330 - modules.salary_history - INFO - Looking for salary history:, ('data_analytics', 'senior')
2026-09-30 15:06:45,333 - modules.salary_history - INFO - Looking for salary history:, ('data_analytics', 'senior')
2026-09-30 15:06:45,337 - modules.salary_history - INFO - Looking for salary history:, ('data_analytics', 'senior')
2026-09-30 15:06:45,340 - modules.salary_history - INFO - Looking for salary history:, ('data_analytics', 'senior')
2026-09-30 15:06:45,344 - modules.salary_history - INFO - Looking for salary history:, ('data_analytics', 'senior')
2026-09-30 15:06:45,360 - modules.salary_history - INFO - Looking for salary history:, ('software_it', 'mid')
2026-09-30 15:06:45,365 - modules.salary_history - INFO - Looking for salary history:, ('sales_customer_service', 'mid')
2026-09-30 15:06:45,369 - modules.salary_history - INFO - Looking for salary history:, ('sales_customer_service', 'mid')
2026-09-30 15:06:45,373 - modules.salary_history - INFO - Looking for salary history:, ('sales_customer_service', 'mid')
2026-09-30 15:06:45,376 - modules.salary_history - INFO - Looking for salary history:, ('sales_customer_service', 'mid')
2026-09-30 15:06:45,380 - modules.salary_history - INFO - Looking for salary history:, ('sales_customer_service', 'mid')
2026-09-30 15:06:45,382 - modules.salary_history - INFO - Looking for salary history:, ('sales_customer_service', 'mid')
2026-09-30 15:06:45,387 - modules.salary_history - INFO - Looking for salary history:, ('sales_customer_service', 'mid')
2026-09-30 15:06:45,390 - modules.salary_history - INFO - Looking for salary history:, ('sales_customer_service', 'mid')
2026-09-30 15:06:45,401 - modules.salary_history - INFO - Looking for salary history:, ('software_it', 'mid')
2026-09-30 15:06:45,407 - modules.salary_history - INFO - Looking for salary history:, ('logistics_supply_chain', 'mid')
2026-09-30 15:06:45,411 - modules.salary_history - INFO - Looking for salary history:, ('data_analytics', 'junior')
2026-09-30 15:06:45,414 - modules.salary_history - INFO - Looking for salary history:, ('software_it', 'junior')
2026-09-30 15:06:45,418 - modules.salary_history - INFO - Looking for salary history:, ('administration', 'mid')
2026-09-30 15:06:45,422 - modules.salary_history - INFO - Looking for salary history:, ('finance_accounting', 'junior')
2026-09-30 15:06:45,424 - modules.salary_history - INFO - Looking for salary history:, ('sales_customer_service', 'mid')
2026-09-30 15:06:45,432 - modules.salary_history - INFO - Looking for salary history:, ('administration', 'senior')
2026-09-30 15:06:45,436 - modules.salary_history - INFO - Looking for salary history:, ('finance_accounting', 'mid')
2026-09-30 15:06:45,439 - modules.salary_history - INFO - Looking for salary history:, ('logistics_supply_chain', 'junior')
2026-09-30 15:06:45,443 - modules.salary_history - INFO - Looking for salary history:, ('logistics_supply_chain', 'mid')
2026-09-30 15:06:45,446 - modules.salary_history - INFO - Looking for salary history:, ('data_analytics', 'mid')
2026-09-30 15:06:45,449 - modules.salary_history - INFO - Looking for salary history:, ('finance_accounting', 'mid')
2026-09-30 15:06:45,453 - modules.salary_history - INFO - Looking for salary history:, ('software_it', 'mid')
2026-09-30 15:06:45,467 - modules.salary_history - INFO - Looking for salary history:, ('data_analytics', 'junior')
2026-09-30 15:06:45,472 - modules.salary_history - INFO - Looking for salary history:, ('logistics_supply_chain', 'mid')
2026-09-30 15:06:45,480 - modules.salary_history - INFO - Looking for salary history:, ('administration', 'junior')
2026-09-30 15:06:45,484 - modules.salary_history - INFO - Looking for salary history:, ('procurement', 'junior')
2026-09-30 15:06:45,488 - modules.salary_history - INFO - Looking for salary history:, ('administration', 'senior')
2026-09-30 15:06:45,492 - modules.salary_history - INFO - Looking for salary history:, ('data_analytics', 'junior')
2026-09-30 15:06:45,495 - modules.salary_history - INFO - Looking for salary history:, ('finance_accounting', 'junior')
2026-09-30 15:06:45,498 - modules.salary_history - INFO - Looking for salary history:, ('administration', 'mid')
2026-09-30 15:06:45,506 - modules.salary_history - INFO - Looking for salary history:, ('sales_customer_service', 'junior')
2026-09-30 15:06:45,512 - modules.salary_history - INFO - Looking for salary history:, ('logistics_supply_chain', 'intern')
2026-09-30 15:06:45,518 - modules.salary_history - INFO - Looking for salary history:, ('hr', 'junior')
2026-09-30 15:06:45,524 - modules.salary_history - INFO - Looking for salary history:, ('software_it', 'mid')
2026-09-30 15:06:45,527 - modules.salary_history - INFO - Looking for salary history:, ('administration', 'mid')
2026-09-30 15:06:45,530 - modules.salary_history - INFO - Looking for salary history:, ('project_management', 'junior')
2026-09-30 15:06:45,533 - modules.salary_history - INFO - Looking for salary history:, ('software_it', 'junior')
2026-09-30 15:06:45,537 - modules.salary_history - INFO - Looking for salary history:, ('finance_accounting', 'mid')
2026-09-30 15:06:45,541 - modules.salary_history - INFO - Looking for salary history:, ('data_analytics', 'mid')
2026-09-30 15:06:45,550 - modules.salary_history - INFO - Looking for salary history:, ('data_analytics', 'senior')
2026-09-30 15:06:45,555 - modules.salary_history - INFO - Looking for salary history:, ('software_it', 'mid')
2026-09-30 15:06:45,558 - modules.salary_history - INFO - Looking for salary history:, ('software_it', 'mid')
2026-09-30 15:06:45,561 - modules.salary_history - INFO - Looking for salary history:, ('data_analytics', 'mid')
2026-09-30 15:06:45,564 - modules.salary_history - INFO - Looking for salary history:, ('data_analytics', 'mid')
2026-09-30 15:06:45,567 - modules.salary_history - INFO - Looking for salary history:, ('data_analytics', 'senior')
2026-09-30 15:06:45,580 - modules.salary_history - INFO - Looking for salary history:, ('software_it', 'mid')
2026-09-30 15:06:45,582 - modules.salary_history - INFO - Looking for salary history:, ('software_it', 'mid')
2026-09-30 15:06:45,586 - modules.salary_history - INFO - Looking for salary history:, ('data_analytics', 'mid')
2026-09-30 15:06:45,590 - modules.salary_history - INFO - Looking for salary history:, ('data_analytics', 'senior')
2026-09-30 15:06:45,593 - modules.salary_history - INFO - Looking for salary history:, ('data_analytics', 'mid')
2026-09-30 15:06:45,606 - modules.salary_history - INFO - Looking for salary history:, ('hr', 'mid')
2026-09-30 15:06:45,609 - modules.salary_history - INFO - Looking for salary history:, ('software_it', 'mid')
2026-09-30 15:06:45,621 - modules.salary_history - INFO - Looking for salary history:, ('marketing', 'mid')
2026-09-30 15:06:45,624 - modules.salary_history - INFO - Looking for salary history:, ('administration', 'mid')
2026-09-30 15:06:45,627 - modules.salary_history - INFO - Looking for salary history:, ('hr', 'mid')
2026-09-30 15:06:45,643 - modules.salary_history - INFO - Looking for salary history:, ('finance_accounting', 'mid')
2026-09-30 15:06:45,662 - modules.salary_history - INFO - Looking for salary history:, ('software_it', 'mid')
2026-09-30 15:06:45,673 - modules.salary_history - INFO - Looking for salary history:, ('legal_compliance_risk', 'junior')
2026-09-30 15:06:45,683 - modules.salary_history - INFO - Looking for salary history:, ('software_it', 'junior')
2026-09-30 15:06:45,690 - modules.salary_history - INFO - Looking for salary history:, ('legal_compliance_risk', 'junior')
2026-09-30 15:06:45,693 - modules.salary_history - INFO - Looking for salary history:, ('project_management', 'mid')
2026-09-30 15:06:45,697 - modules.salary_history - INFO - Looking for salary history:, ('software_it', 'junior')
2026-09-30 15:06:45,706 - modules.salary_history - INFO - Looking for salary history:, ('project_management', 'manager')
2026-09-30 15:06:45,709 - modules.salary_history - INFO - Looking for salary history:, ('project_management', 'manager')
2026-09-30 15:06:45,712 - modules.salary_history - INFO - Looking for salary history:, ('project_management', 'manager')
2026-09-30 15:06:45,726 - modules.salary_history - INFO - Looking for salary history:, ('data_analytics', 'mid')
2026-09-30 15:06:45,729 - modules.salary_history - INFO - Looking for salary history:, ('data_analytics', 'mid')
2026-09-30 15:06:45,733 - modules.salary_history - INFO - Looking for salary history:, ('data_analytics', 'mid')
2026-09-30 15:06:45,737 - modules.salary_history - INFO - Looking for salary history:, ('data_analytics', 'mid')
2026-09-30 15:06:45,747 - modules.salary_history - INFO - Looking for salary history:, ('software_it', 'junior')
2026-09-30 15:06:45,757 - modules.salary_history - INFO - Looking for salary history:, ('data_analytics', 'mid')
2026-09-30 15:06:45,760 - modules.salary_history - INFO - Looking for salary history:, ('data_analytics', 'mid')
2026-09-30 15:06:45,762 - modules.salary_history - INFO - Looking for salary history:, ('data_analytics', 'mid')
2026-09-30 15:06:45,766 - modules.salary_history - INFO - Looking for salary history:, ('data_analytics', 'mid')
2026-09-30 15:06:45,771 - modules.salary_history - INFO - Looking for salary history:, ('software_it', 'mid')
2026-09-30 15:06:45,780 - modules.salary_history - INFO - Looking for salary history:, ('finance_accounting', 'intern')
2026-09-30 15:06:45,788 - modules.salary_history - INFO - Looking for salary history:, ('finance_accounting', 'junior')
2026-09-30 15:06:45,792 - modules.salary_history - INFO - Looking for salary history:, ('logistics_supply_chain', 'mid')
2026-09-30 15:06:45,799 - modules.salary_history - INFO - Looking for salary history:, ('administration', 'mid')
2026-09-30 15:06:45,804 - modules.salary_history - INFO - Looking for salary history:, ('it_support', 'junior')
2026-09-30 15:06:45,810 - modules.salary_history - INFO - Looking for salary history:, ('data_analytics', 'senior')
2026-09-30 15:06:45,813 - modules.salary_history - INFO - Looking for salary history:, ('data_analytics', 'mid')
2026-09-30 15:06:45,822 - modules.salary_history - INFO - Looking for salary history:, ('data_analytics', 'mid')
2026-09-30 15:06:45,825 - modules.salary_history - INFO - Looking for salary history:, ('data_analytics', 'mid')
2026-09-30 15:06:45,828 - modules.salary_history - INFO - Looking for salary history:, ('data_analytics', 'mid')
2026-09-30 15:06:45,831 - modules.salary_history - INFO - Looking for salary history:, ('data_analytics', 'mid')
2026-09-30 15:06:45,838 - modules.salary_history - INFO - Looking for salary history:, ('software_it', 'senior')
2026-09-30 15:06:45,841 - modules.salary_history - INFO - Looking for salary history:, ('software_it', 'senior')
2026-09-30 15:06:45,844 - modules.salary_history - INFO - Looking for salary history:, ('project_management', 'manager')
2026-09-30 15:06:45,856 - modules.salary_history - INFO - Looking for salary history:, ('data_analytics', 'mid')
2026-09-30 15:06:45,869 - modules.salary_history - INFO - Looking for salary history:, ('data_analytics', 'mid')
2026-09-30 15:06:45,875 - modules.salary_history - INFO - Looking for salary history:, ('data_analytics', 'mid')
2026-09-30 15:06:45,879 - modules.salary_history - INFO - Looking for salary history:, ('data_analytics', 'junior')
2026-09-30 15:06:45,882 - modules.salary_history - INFO - Looking for salary history:, ('data_analytics', 'junior')
2026-09-30 15:06:45,902 - modules.salary_history - INFO - Looking for salary history:, ('data_analytics', 'junior')
2026-09-30 15:06:45,906 - modules.salary_history - INFO - Looking for salary history:, ('software_it', 'junior')
2026-09-30 15:06:45,909 - modules.salary_history - INFO - Looking for salary history:, ('data_analytics', 'junior')
2026-09-30 15:06:46,237 - modules.salary_history - INFO - Looking for salary history:, ('data_analytics', 'junior')
2026-09-30 15:06:46,246 - modules.salary_history - INFO - Looking for salary history:, ('data_analytics', 'junior')
2026-09-30 15:06:46,264 - modules.salary_history - INFO - Looking for salary history:, ('data_analytics', 'junior')
2026-09-30 15:06:46,272 - modules.salary_history - INFO - Looking for salary history:, ('data_analytics', 'mid')
2026-09-30 15:06:46,275 - modules.salary_history - INFO - Looking for salary history:, ('software_it', 'mid')
2026-09-30 15:06:46,280 - modules.salary_history - INFO - Looking for salary history:, ('data_analytics', 'senior')
2026-09-30 15:06:46,283 - modules.salary_history - INFO - Looking for salary history:, ('it_support', 'junior')
2026-09-30 15:06:46,289 - modules.salary_history - INFO - Looking for salary history:, ('it_support', 'junior')
2026-09-30 15:06:46,300 - modules.salary_history - INFO - Looking for salary history:, ('it_support', 'mid')
2026-09-30 15:06:46,304 - modules.salary_history - INFO - Looking for salary history:, ('software_it', 'mid')
2026-09-30 15:06:46,307 - modules.salary_history - INFO - Looking for salary history:, ('legal_compliance_risk', 'junior')
2026-09-30 15:06:46,310 - modules.salary_history - INFO - Looking for salary history:, ('it_support', 'junior')
2026-09-30 15:06:46,314 - modules.salary_history - INFO - Looking for salary history:, ('software_it', 'mid')
2026-09-30 15:06:46,317 - modules.salary_history - INFO - Looking for salary history:, ('finance_accounting', 'mid')
2026-09-30 15:06:46,323 - modules.salary_history - INFO - Looking for salary history:, ('finance_accounting', 'junior')
2026-09-30 15:06:46,326 - modules.salary_history - INFO - Looking for salary history:, ('it_support', 'mid')
2026-09-30 15:06:46,329 - modules.salary_history - INFO - Looking for salary history:, ('finance_accounting', 'intern')
2026-09-30 15:06:46,331 - modules.salary_history - INFO - Looking for salary history:, ('logistics_supply_chain', 'mid')
2026-09-30 15:06:46,334 - modules.salary_history - INFO - Looking for salary history:, ('finance_accounting', 'mid')
2026-09-30 15:06:46,337 - modules.salary_history - INFO - Looking for salary history:, ('finance_accounting', 'junior')
2026-09-30 15:06:46,340 - modules.salary_history - INFO - Looking for salary history:, ('sales_customer_service', 'mid')
2026-09-30 15:06:46,343 - modules.salary_history - INFO - Looking for salary history:, ('finance_accounting', 'mid')
2026-09-30 15:06:46,350 - modules.salary_history - INFO - Looking for salary history:, ('data_analytics', 'mid')
2026-09-30 15:06:46,354 - modules.salary_history - INFO - Looking for salary history:, ('it_support', 'junior')
2026-09-30 15:06:46,357 - modules.salary_history - INFO - Looking for salary history:, ('logistics_supply_chain', 'mid')
2026-09-30 15:06:46,360 - modules.salary_history - INFO - Looking for salary history:, ('hr', 'junior')
2026-09-30 15:06:46,364 - modules.salary_history - INFO - Looking for salary history:, ('logistics_supply_chain', 'mid')
2026-09-30 15:06:46,369 - modules.salary_history - INFO - Looking for salary history:, ('logistics_supply_chain', 'mid')
2026-09-30 15:06:46,378 - modules.salary_history - INFO - Looking for salary history:, ('data_analytics', 'mid')
2026-09-30 15:06:46,381 - modules.salary_history - INFO - Looking for salary history:, ('engineering_production', 'mid')
2026-09-30 15:06:46,383 - modules.salary_history - INFO - Looking for salary history:, ('administration', 'mid')
2026-09-30 15:06:46,386 - modules.salary_history - INFO - Looking for salary history:, ('administration', 'mid')
2026-09-30 15:06:46,398 - modules.salary_history - INFO - Looking for salary history:, ('administration', 'senior')
2026-09-30 15:06:46,401 - modules.salary_history - INFO - Looking for salary history:, ('administration', 'mid')
2026-09-30 15:06:46,405 - modules.salary_history - INFO - Looking for salary history:, ('finance_accounting', 'junior')
2026-09-30 15:06:46,408 - modules.salary_history - INFO - Looking for salary history:, ('finance_accounting', 'mid')
2026-09-30 15:06:46,411 - modules.salary_history - INFO - Looking for salary history:, ('administration', 'mid')
2026-09-30 15:06:46,416 - modules.salary_history - INFO - Looking for salary history:, ('sales_customer_service', 'junior')
2026-09-30 15:06:46,420 - modules.salary_history - INFO - Looking for salary history:, ('software_it', 'mid')
2026-09-30 15:06:46,423 - modules.salary_history - INFO - Looking for salary history:, ('logistics_supply_chain', 'junior')
2026-09-30 15:06:46,427 - modules.salary_history - INFO - Looking for salary history:, ('logistics_supply_chain', 'junior')
2026-09-30 15:06:46,431 - modules.salary_history - INFO - Looking for salary history:, ('procurement', 'mid')
2026-09-30 15:06:46,434 - modules.salary_history - INFO - Looking for salary history:, ('data_analytics', 'senior')
2026-09-30 15:06:46,438 - modules.salary_history - INFO - Looking for salary history:, ('data_analytics', 'mid')
2026-09-30 15:06:46,441 - modules.salary_history - INFO - Looking for salary history:, ('marketing', 'mid')
2026-09-30 15:06:46,444 - modules.salary_history - INFO - Looking for salary history:, ('software_it', 'mid')
2026-09-30 15:06:46,453 - modules.salary_history - INFO - Looking for salary history:, ('finance_accounting', 'mid')
2026-09-30 15:06:46,465 - modules.salary_history - INFO - Looking for salary history:, ('logistics_supply_chain', 'mid')
2026-09-30 15:06:46,477 - modules.salary_history - INFO - Looking for salary history:, ('data_analytics', 'senior')
2026-09-30 15:06:46,482 - modules.salary_history - INFO - Looking for salary history:, ('data_analytics', 'mid')
2026-09-30 15:06:46,488 - modules.salary_history - INFO - Looking for salary history:, ('software_it', 'mid')
2026-09-30 15:06:46,504 - modules.salary_history - INFO - Looking for salary history:, ('finance_accounting', 'junior')
2026-09-30 15:06:46,508 - modules.salary_history - INFO - Looking for salary history:, ('data_analytics', 'junior')
2026-09-30 15:06:46,513 - modules.salary_history - INFO - Looking for salary history:, ('finance_accounting', 'junior')
2026-09-30 15:06:46,517 - modules.salary_history - INFO - Looking for salary history:, ('finance_accounting', 'junior')
2026-09-30 15:06:46,522 - modules.salary_history - INFO - Looking for salary history:, ('sales_customer_service', 'mid')
2026-09-30 15:06:46,535 - modules.salary_history - INFO - Looking for salary history:, ('data_analytics', 'junior')
2026-09-30 15:06:46,539 - modules.salary_history - INFO - Looking for salary history:, ('it_support', 'mid')
2026-09-30 15:06:46,543 - modules.salary_history - INFO - Looking for salary history:, ('finance_accounting', 'junior')
2026-09-30 15:06:46,546 - modules.salary_history - INFO - Looking for salary history:, ('finance_accounting', 'junior')
2026-09-30 15:06:46,551 - modules.salary_history - INFO - Looking for salary history:, ('finance_accounting', 'junior')
2026-09-30 15:06:46,561 - modules.salary_history - INFO - Looking for salary history:, ('engineering_production', 'manager')
2026-09-30 15:06:46,563 - modules.salary_history - INFO - Looking for salary history:, ('project_management', 'manager')
2026-09-30 15:06:46,578 - modules.salary_history - INFO - Looking for salary history:, ('finance_accounting', 'junior')
2026-09-30 15:06:46,582 - modules.salary_history - INFO - Looking for salary history:, ('finance_accounting', 'junior')
2026-09-30 15:06:46,585 - modules.salary_history - INFO - Looking for salary history:, ('finance_accounting', 'junior')
2026-09-30 15:06:46,599 - modules.salary_history - INFO - Looking for salary history:, ('data_analytics', 'senior')
2026-09-30 15:06:46,605 - modules.salary_history - INFO - Looking for salary history:, ('data_analytics', 'senior')
2026-09-30 15:06:46,608 - modules.salary_history - INFO - Looking for salary history:, ('data_analytics', 'senior')
2026-09-30 15:06:46,612 - modules.salary_history - INFO - Looking for salary history:, ('data_analytics', 'senior')
2026-09-30 15:06:46,616 - modules.salary_history - INFO - Looking for salary history:, ('data_analytics', 'senior')
2026-09-30 15:06:46,620 - modules.salary_history - INFO - Looking for salary history:, ('data_analytics', 'senior')
2026-09-30 15:06:46,624 - modules.salary_history - INFO - Looking for salary history:, ('data_analytics', 'senior')
2026-09-30 15:06:46,627 - modules.salary_history - INFO - Looking for salary history:, ('data_analytics', 'senior')
2026-09-30 15:06:46,651 - modules.salary_history - INFO - Looking for salary history:, ('data_analytics', 'senior')
2026-09-30 15:06:46,655 - modules.salary_history - INFO - Looking for salary history:, ('data_analytics', 'senior')
2026-09-30 15:06:46,659 - modules.salary_history - INFO - Looking for salary history:, ('data_analytics', 'senior')
2026-09-30 15:06:46,662 - modules.salary_history - INFO - Looking for salary history:, ('data_analytics', 'senior')
2026-09-30 15:06:46,665 - modules.salary_history - INFO - Looking for salary history:, ('data_analytics', 'senior')
2026-09-30 15:06:46,669 - modules.salary_history - INFO - Looking for salary history:, ('data_analytics', 'senior')
2026-09-30 15:06:46,673 - modules.salary_history - INFO - Looking for salary history:, ('data_analytics', 'senior')
2026-09-30 15:06:46,677 - modules.salary_history - INFO - Looking for salary history:, ('data_analytics', 'senior')
2026-09-30 15:06:46,681 - modules.salary_history - INFO - Looking for salary history:, ('data_analytics', 'senior')
2026-09-30 15:06:46,686 - modules.salary_history - INFO - Looking for salary history:, ('data_analytics', 'mid')
2026-09-30 15:06:46,697 - modules.salary_history - INFO - Looking for salary history:, ('data_analytics', 'mid')
2026-09-30 15:06:46,701 - modules.salary_history - INFO - Looking for salary history:, ('administration', 'mid')
2026-09-30 15:06:46,705 - modules.salary_history - INFO - Looking for salary history:, ('data_analytics', 'mid')
2026-09-30 15:06:46,708 - modules.salary_history - INFO - Looking for salary history:, ('administration', 'mid')
2026-09-30 15:06:46,712 - modules.salary_history - INFO - Looking for salary history:, ('procurement', 'mid')
2026-09-30 15:06:46,715 - modules.salary_history - INFO - Looking for salary history:, ('administration', 'mid')
2026-09-30 15:06:46,719 - modules.salary_history - INFO - Looking for salary history:, ('finance_accounting', 'junior')
2026-09-30 15:06:46,723 - modules.salary_history - INFO - Looking for salary history:, ('administration', 'mid')
2026-09-30 15:06:46,731 - modules.salary_history - INFO - Looking for salary history:, ('data_analytics', 'junior')
2026-09-30 15:06:46,739 - modules.salary_history - INFO - Looking for salary history:, ('finance_accounting', 'menager')
2026-09-30 15:06:46,742 - modules.salary_history - INFO - Looking for salary history:, ('logistics_supply_chain', 'senior')
2026-09-30 15:06:46,745 - modules.salary_history - INFO - Looking for salary history:, ('hr', 'junior')
2026-09-30 15:06:46,749 - modules.salary_history - INFO - Looking for salary history:, ('administration', 'senior')
2026-09-30 15:06:46,751 - modules.salary_history - INFO - Looking for salary history:, ('logistics_supply_chain', 'mid')
2026-09-30 15:06:46,755 - modules.salary_history - INFO - Looking for salary history:, ('administration', 'junior')
2026-09-30 15:06:46,765 - modules.salary_history - INFO - Looking for salary history:, ('finance_accounting', 'intern')
2026-09-30 15:06:46,768 - modules.salary_history - INFO - Looking for salary history:, ('project_management', 'junior')
2026-09-30 15:06:46,771 - modules.salary_history - INFO - Looking for salary history:, ('software_it', 'junior')
2026-09-30 15:06:46,774 - modules.salary_history - INFO - Looking for salary history:, ('finance_accounting', 'mid')
2026-09-30 15:06:46,781 - modules.salary_history - INFO - Looking for salary history:, ('sales_customer_service', 'manager')
2026-09-30 15:06:46,793 - modules.salary_history - INFO - Looking for salary history:, ('finance_accounting', 'intern')
2026-09-30 15:06:46,802 - modules.salary_history - INFO - Looking for salary history:, ('administration', 'senior')
2026-09-30 15:06:46,806 - modules.salary_history - INFO - Looking for salary history:, ('project_management', 'junior')
2026-09-30 15:06:46,809 - modules.salary_history - INFO - Looking for salary history:, ('logistics_supply_chain', 'mid')
2026-09-30 15:06:46,813 - modules.salary_history - INFO - Looking for salary history:, ('administration', 'mid')
2026-09-30 15:06:46,816 - modules.salary_history - INFO - Looking for salary history:, ('administration', 'mid')
2026-09-30 15:06:46,820 - modules.salary_history - INFO - Looking for salary history:, ('software_it', 'mid')
2026-09-30 15:06:46,823 - modules.salary_history - INFO - Looking for salary history:, ('administration', 'mid')
2026-09-30 15:06:46,826 - modules.salary_history - INFO - Looking for salary history:, ('logistics_supply_chain', 'manager')
2026-09-30 15:06:46,828 - modules.salary_history - INFO - Looking for salary history:, ('engineering_production', 'mid')
2026-09-30 15:06:46,839 - modules.salary_history - INFO - Looking for salary history:, ('finance_accounting', 'mid')
2026-09-30 15:06:46,843 - modules.salary_history - INFO - Looking for salary history:, ('finance_accounting', 'junior')
2026-09-30 15:06:46,847 - modules.salary_history - INFO - Looking for salary history:, ('finance_accounting', 'mid')
2026-09-30 15:06:46,854 - modules.salary_history - INFO - Looking for salary history:, ('software_it', 'intern')
2026-09-30 15:06:46,857 - modules.salary_history - INFO - Looking for salary history:, ('finance_accounting', 'mid')
2026-09-30 15:06:46,860 - modules.salary_history - INFO - Looking for salary history:, ('logistics_supply_chain', 'manager')
2026-09-30 15:06:46,865 - modules.salary_history - INFO - Looking for salary history:, ('logistics_supply_chain', 'mid')
2026-09-30 15:06:46,872 - modules.salary_history - INFO - Looking for salary history:, ('it_support', 'mid')
2026-09-30 15:06:46,875 - modules.salary_history - INFO - Looking for salary history:, ('it_support', 'mid')
2026-09-30 15:06:46,878 - modules.salary_history - INFO - Looking for salary history:, ('engineering_production', 'manager')
2026-09-30 15:06:46,881 - modules.salary_history - INFO - Looking for salary history:, ('data_analytics', 'mid')
2026-09-30 15:06:46,885 - modules.salary_history - INFO - Looking for salary history:, ('data_analytics', 'mid')
2026-09-30 15:06:46,888 - modules.salary_history - INFO - Looking for salary history:, ('finance_accounting', 'mid')
2026-09-30 15:06:46,897 - modules.salary_history - INFO - Looking for salary history:, ('data_analytics', 'mid')
2026-09-30 15:06:46,900 - modules.salary_history - INFO - Looking for salary history:, ('data_analytics', 'mid')
2026-09-30 15:06:46,903 - modules.salary_history - INFO - Looking for salary history:, ('data_analytics', 'mid')
2026-09-30 15:06:46,906 - modules.salary_history - INFO - Looking for salary history:, ('engineering_production', 'junior')
2026-09-30 15:06:46,910 - modules.salary_history - INFO - Looking for salary history:, ('finance_accounting', 'mid')
2026-09-30 15:06:46,924 - modules.salary_history - INFO - Looking for salary history:, ('data_analytics', 'mid')
2026-09-30 15:06:46,934 - modules.salary_history - INFO - Looking for salary history:, ('software_it', 'mid')
2026-09-30 15:06:46,937 - modules.salary_history - INFO - Looking for salary history:, ('data_analytics', 'mid')
2026-09-30 15:06:46,940 - modules.salary_history - INFO - Looking for salary history:, ('software_it', 'mid')
2026-09-30 15:06:46,944 - modules.salary_history - INFO - Looking for salary history:, ('data_analytics', 'mid')
2026-09-30 15:06:46,948 - modules.salary_history - INFO - Looking for salary history:, ('data_analytics', 'mid')
2026-09-30 15:06:46,957 - modules.salary_history - INFO - Looking for salary history:, ('software_it', 'mid')
2026-09-30 15:06:46,961 - modules.salary_history - INFO - Looking for salary history:, ('software_it', 'mid')
2026-09-30 15:06:46,964 - modules.salary_history - INFO - Looking for salary history:, ('data_analytics', 'mid')
2026-09-30 15:06:46,967 - modules.salary_history - INFO - Looking for salary history:, ('data_analytics', 'mid')
2026-09-30 15:06:46,978 - modules.salary_history - INFO - Looking for salary history:, ('software_it', 'junior')
2026-09-30 15:06:46,980 - modules.salary_history - INFO - Looking for salary history:, ('data_analytics', 'senior')
2026-09-30 15:06:46,984 - modules.salary_history - INFO - Looking for salary history:, ('data_analytics', 'mid')
2026-09-30 15:06:46,988 - modules.salary_history - INFO - Looking for salary history:, ('data_analytics', 'mid')
2026-09-30 15:06:46,992 - modules.salary_history - INFO - Looking for salary history:, ('data_analytics', 'senior')
2026-09-30 15:06:47,061 - modules.salary_history - INFO - Looking for salary history:, ('data_analytics', 'mid')
2026-09-30 15:06:47,071 - modules.salary_history - INFO - Looking for salary history:, ('data_analytics', 'mid')
2026-09-30 15:06:47,091 - modules.salary_history - INFO - Looking for salary history:, ('logistics_supply_chain', 'mid')
2026-09-30 15:06:47,096 - modules.salary_history - INFO - Looking for salary history:, ('hr', 'mid')
2026-09-30 15:06:47,105 - modules.salary_history - INFO - Looking for salary history:, ('data_analytics', 'mid')
2026-09-30 15:06:47,113 - modules.salary_history - INFO - Looking for salary history:, ('logistics_supply_chain', 'mid')
2026-09-30 15:06:47,116 - modules.salary_history - INFO - Looking for salary history:, ('hr', 'mid')
2026-09-30 15:06:47,121 - modules.salary_history - INFO - Looking for salary history:, ('data_analytics', 'mid')
2026-09-30 15:06:47,125 - modules.salary_history - INFO - Looking for salary history:, ('software_it', 'junior')
2026-09-30 15:06:47,128 - modules.salary_history - INFO - Looking for salary history:, ('software_it', 'senior')
2026-09-30 15:06:47,140 - modules.salary_history - INFO - Looking for salary history:, ('finance_accounting', 'intern')
2026-09-30 15:06:47,145 - modules.salary_history - INFO - Looking for salary history:, ('administration', 'senior')
2026-09-30 15:06:47,151 - modules.salary_history - INFO - Looking for salary history:, ('logistics_supply_chain', 'mid')
2026-09-30 15:06:47,156 - modules.salary_history - INFO - Looking for salary history:, ('finance_accounting', 'junior')
2026-09-30 15:06:47,162 - modules.salary_history - INFO - Looking for salary history:, ('logistics_supply_chain', 'mid')
2026-09-30 15:06:47,166 - modules.salary_history - INFO - Looking for salary history:, ('sales_customer_service', 'manager')
2026-09-30 15:06:47,170 - modules.salary_history - INFO - Looking for salary history:, ('data_analytics', 'mid')
2026-09-30 15:06:47,180 - modules.salary_history - INFO - Looking for salary history:, ('administration', 'mid')
2026-09-30 15:06:47,197 - modules.salary_history - INFO - Looking for salary history:, ('software_it', 'junior')
2026-09-30 15:06:47,200 - modules.salary_history - INFO - Looking for salary history:, ('procurement', 'mid')
2026-09-30 15:06:47,204 - modules.salary_history - INFO - Looking for salary history:, ('finance_accounting', 'junior')
2026-09-30 15:06:47,208 - modules.salary_history - INFO - Looking for salary history:, ('logistics_supply_chain', 'mid')
2026-09-30 15:06:47,211 - modules.salary_history - INFO - Looking for salary history:, ('data_analytics', 'junior')
2026-09-30 15:06:47,218 - modules.salary_history - INFO - Looking for salary history:, ('data_analytics', 'mid')
2026-09-30 15:06:47,224 - modules.salary_history - INFO - Looking for salary history:, ('finance_accounting', 'mid')
2026-09-30 15:06:47,232 - modules.salary_history - INFO - Looking for salary history:, ('legal_compliance_risk', 'mid')
2026-09-30 15:06:47,245 - modules.salary_history - INFO - Looking for salary history:, ('software_it', 'junior')
2026-09-30 15:06:47,248 - modules.salary_history - INFO - Looking for salary history:, ('legal_compliance_risk', 'mid')
2026-09-30 15:06:47,258 - modules.salary_history - INFO - Looking for salary history:, ('software_it', 'junior')
2026-09-30 15:06:47,261 - modules.salary_history - INFO - Looking for salary history:, ('legal_compliance_risk', 'mid')
2026-09-30 15:06:47,266 - modules.salary_history - INFO - Looking for salary history:, ('software_it', 'junior')
2026-09-30 15:06:47,275 - modules.salary_history - INFO - Looking for salary history:, ('software_it', 'junior')
2026-09-30 15:06:47,280 - modules.salary_history - INFO - Looking for salary history:, ('logistics_supply_chain', 'mid')
2026-09-30 15:06:47,290 - modules.salary_history - INFO - Looking for salary history:, ('data_analytics', 'junior')
2026-09-30 15:06:47,298 - modules.salary_history - INFO - Looking for salary history:, ('data_analytics', 'mid')
2026-09-30 15:06:47,301 - modules.salary_history - INFO - Looking for salary history:, ('procurement', 'mid')
2026-09-30 15:06:47,305 - modules.salary_history - INFO - Looking for salary history:, ('data_analytics', 'mid')
2026-09-30 15:06:47,308 - modules.salary_history - INFO - Looking for salary history:, ('legal_compliance_risk', 'mid')
2026-09-30 15:06:47,311 - modules.salary_history - INFO - Looking for salary history:, ('customer_operations', 'intern')
2026-09-30 15:06:47,314 - modules.salary_history - INFO - Looking for salary history:, ('logistics_supply_chain', 'mid')
2026-09-30 15:06:47,318 - modules.salary_history - INFO - Looking for salary history:, ('logistics_supply_chain', 'mid')
2026-09-30 15:06:47,321 - modules.salary_history - INFO - Looking for salary history:, ('logistics_supply_chain', 'mid')
2026-09-30 15:06:47,324 - modules.salary_history - INFO - Looking for salary history:, ('data_analytics', 'manager')
2026-09-30 15:06:47,326 - modules.salary_history - INFO - Looking for salary history:, ('hr', 'senior')
2026-09-30 15:06:47,328 - modules.salary_history - INFO - Looking for salary history:, ('finance_accounting', 'senior')
2026-09-30 15:06:47,340 - modules.salary_history - INFO - Looking for salary history:, ('it_support', 'junior')
2026-09-30 15:06:47,343 - modules.salary_history - INFO - Looking for salary history:, ('logistics_supply_chain', 'mid')
2026-09-30 15:06:47,346 - modules.salary_history - INFO - Looking for salary history:, ('finance_accounting', 'intern')
2026-09-30 15:06:47,349 - modules.salary_history - INFO - Looking for salary history:, ('data_analytics', 'junior')
2026-09-30 15:06:47,352 - modules.salary_history - INFO - Looking for salary history:, ('logistics_supply_chain', 'intern')
2026-09-30 15:06:47,355 - modules.salary_history - INFO - Looking for salary history:, ('administration', 'junior')
2026-09-30 15:06:47,358 - modules.salary_history - INFO - Looking for salary history:, ('hr', 'junior')
2026-09-30 15:06:47,361 - modules.salary_history - INFO - Looking for salary history:, ('finance_accounting', 'junior')
2026-09-30 15:06:47,364 - modules.salary_history - INFO - Looking for salary history:, ('procurement', 'junior')
2026-09-30 15:06:47,368 - modules.salary_history - INFO - Looking for salary history:, ('software_it', 'junior')
2026-09-30 15:06:47,374 - modules.salary_history - INFO - Looking for salary history:, ('software_it', 'junior')
2026-09-30 15:06:47,377 - modules.salary_history - INFO - Looking for salary history:, ('data_analytics', 'junior')
2026-09-30 15:06:47,380 - modules.salary_history - INFO - Looking for salary history:, ('finance_accounting', 'junior')
2026-09-30 15:06:47,392 - modules.salary_history - INFO - Looking for salary history:, ('procurement', 'mid')
2026-09-30 15:06:47,394 - modules.salary_history - INFO - Looking for salary history:, ('finance_accounting', 'intern')
2026-09-30 15:06:47,397 - modules.salary_history - INFO - Looking for salary history:, ('administration', 'junior')
2026-09-30 15:06:47,400 - modules.salary_history - INFO - Looking for salary history:, ('project_management', 'junior')
2026-09-30 15:06:47,404 - modules.salary_history - INFO - Looking for salary history:, ('data_analytics', 'mid')
2026-09-30 15:06:47,407 - modules.salary_history - INFO - Looking for salary history:, ('data_analytics', 'mid')
2026-09-30 15:06:47,410 - modules.salary_history - INFO - Looking for salary history:, ('data_analytics', 'mid')
2026-09-30 15:06:47,414 - modules.salary_history - INFO - Looking for salary history:, ('data_analytics', 'mid')
2026-09-30 15:06:47,417 - modules.salary_history - INFO - Looking for salary history:, ('data_analytics', 'mid')
2026-09-30 15:06:47,421 - modules.salary_history - INFO - Looking for salary history:, ('data_analytics', 'mid')
2026-09-30 15:06:47,424 - modules.salary_history - INFO - Looking for salary history:, ('data_analytics', 'mid')
2026-09-30 15:06:47,427 - modules.salary_history - INFO - Looking for salary history:, ('data_analytics', 'mid')
2026-09-30 15:06:47,429 - modules.salary_history - INFO - Looking for salary history:, ('data_analytics', 'mid')
2026-09-30 15:06:47,431 - modules.salary_history - INFO - Looking for salary history:, ('data_analytics', 'mid')
2026-09-30 15:06:47,434 - modules.salary_history - INFO - Looking for salary history:, ('data_analytics', 'mid')
2026-09-30 15:06:47,438 - modules.salary_history - INFO - Looking for salary history:, ('data_analytics', 'senior')
2026-09-30 15:06:47,443 - modules.salary_history - INFO - Looking for salary history:, ('software_it', 'junior')
2026-09-30 15:06:47,446 - modules.salary_history - INFO - Looking for salary history:, ('logistics_supply_chain', 'mid')
2026-09-30 15:06:47,452 - modules.salary_history - INFO - Looking for salary history:, ('software_it', 'junior')
2026-09-30 15:06:47,455 - modules.salary_history - INFO - Looking for salary history:, ('software_it', 'junior')
2026-09-30 15:06:47,461 - modules.salary_history - INFO - Looking for salary history:, ('data_analytics', 'junior')
2026-09-30 15:06:47,470 - modules.salary_history - INFO - Looking for salary history:, ('data_analytics', 'mid')
2026-09-30 15:06:47,473 - modules.salary_history - INFO - Looking for salary history:, ('finance_accounting', 'junior')
2026-09-30 15:06:47,478 - modules.salary_history - INFO - Looking for salary history:, ('software_it', 'junior')
2026-09-30 15:06:47,483 - modules.salary_history - INFO - Looking for salary history:, ('hr', 'junior')
2026-09-30 15:06:47,487 - modules.salary_history - INFO - Looking for salary history:, ('data_analytics', 'mid')
2026-09-30 15:06:47,490 - modules.salary_history - INFO - Looking for salary history:, ('software_it', 'junior')
2026-09-30 15:06:47,496 - modules.salary_history - INFO - Looking for salary history:, ('finance_accounting', 'manager')
2026-09-30 15:06:47,499 - modules.salary_history - INFO - Looking for salary history:, ('engineering_production', 'manager')
2026-09-30 15:06:47,503 - modules.salary_history - INFO - Looking for salary history:, ('engineering_production', 'manager')
2026-09-30 15:06:47,506 - modules.salary_history - INFO - Looking for salary history:, ('engineering_production', 'manager')
2026-09-30 15:06:47,509 - modules.salary_history - INFO - Looking for salary history:, ('software_it', 'junior')
2026-09-30 15:06:47,514 - modules.salary_history - INFO - Looking for salary history:, ('data_analytics', 'mid')
2026-09-30 15:06:47,520 - modules.salary_history - INFO - Looking for salary history:, ('software_it', 'junior')
2026-09-30 15:06:47,524 - modules.salary_history - INFO - Looking for salary history:, ('data_analytics', 'mid')
2026-09-30 15:06:47,527 - modules.salary_history - INFO - Looking for salary history:, ('data_analytics', 'mid')
2026-09-30 15:06:47,529 - modules.salary_history - INFO - Looking for salary history:, ('data_analytics', 'senior')
2026-09-30 15:06:47,533 - modules.salary_history - INFO - Looking for salary history:, ('software_it', 'senior')
2026-09-30 15:06:47,537 - modules.salary_history - INFO - Looking for salary history:, ('software_it', 'senior')
2026-09-30 15:06:47,540 - modules.salary_history - INFO - Looking for salary history:, ('software_it', 'senior')
2026-09-30 15:06:47,545 - modules.salary_history - INFO - Looking for salary history:, ('software_it', 'senior')
2026-09-30 15:06:47,549 - modules.salary_history - INFO - Looking for salary history:, ('software_it', 'senior')
2026-09-30 15:06:47,553 - modules.salary_history - INFO - Looking for salary history:, ('software_it', 'senior')
2026-09-30 15:06:47,559 - modules.salary_history - INFO - Looking for salary history:, ('software_it', 'junior')
2026-09-30 15:06:47,565 - modules.salary_history - INFO - Looking for salary history:, ('software_it', 'junior')
2026-09-30 15:06:47,572 - modules.salary_history - INFO - Looking for salary history:, ('data_analytics', 'mid')
2026-09-30 15:06:47,575 - modules.salary_history - INFO - Looking for salary history:, ('data_analytics', 'mid')
2026-09-30 15:06:47,578 - modules.salary_history - INFO - Looking for salary history:, ('software_it', 'junior')
2026-09-30 15:06:47,598 - modules.salary_history - INFO - Looking for salary history:, ('data_analytics', 'senior')
2026-09-30 15:06:47,601 - modules.salary_history - INFO - Looking for salary history:, ('finance_accounting', 'mid')
2026-09-30 15:06:47,607 - modules.salary_history - INFO - Looking for salary history:, ('software_it', 'mid')
2026-09-30 15:06:47,611 - modules.salary_history - INFO - Looking for salary history:, ('data_analytics', 'mid')
2026-09-30 15:06:47,616 - modules.salary_history - INFO - Looking for salary history:, ('data_analytics', 'mid')
2026-09-30 15:06:47,623 - modules.salary_history - INFO - Looking for salary history:, ('data_analytics', 'mid')
2026-09-30 15:06:47,626 - modules.salary_history - INFO - Looking for salary history:, ('data_analytics', 'senior')
2026-09-30 15:06:47,629 - modules.salary_history - INFO - Looking for salary history:, ('data_analytics', 'mid')
2026-09-30 15:06:47,641 - modules.salary_history - INFO - Looking for salary history:, ('data_analytics', 'mid')
2026-09-30 15:06:47,644 - modules.salary_history - INFO - Looking for salary history:, ('data_analytics', 'mid')
2026-09-30 15:06:47,647 - modules.salary_history - INFO - Looking for salary history:, ('data_analytics', 'senior')
2026-09-30 15:06:47,650 - modules.salary_history - INFO - Looking for salary history:, ('data_analytics', 'mid')
2026-09-30 15:06:47,655 - modules.salary_history - INFO - Looking for salary history:, ('data_analytics', 'mid')
2026-09-30 15:06:47,659 - modules.salary_history - INFO - Looking for salary history:, ('data_analytics', 'mid')
2026-09-30 15:06:47,667 - modules.salary_history - INFO - Looking for salary history:, ('data_analytics', 'mid')
2026-09-30 15:06:47,671 - modules.salary_history - INFO - Looking for salary history:, ('sales_customer_service', 'mid')
2026-09-30 15:06:47,674 - modules.salary_history - INFO - Looking for salary history:, ('data_analytics', 'manager')
2026-09-30 15:06:47,684 - modules.salary_history - INFO - Looking for salary history:, ('legal_compliance_risk', 'mid')
2026-09-30 15:06:47,687 - modules.salary_history - INFO - Looking for salary history:, ('sales_customer_service', 'junior')
2026-09-30 15:06:47,697 - modules.salary_history - INFO - Looking for salary history:, ('data_analytics', 'junior')
2026-09-30 15:06:47,704 - modules.salary_history - INFO - Looking for salary history:, ('data_analytics', 'mid')
2026-09-30 15:06:47,712 - modules.salary_history - INFO - Looking for salary history:, ('data_analytics', 'mid')
2026-09-30 15:06:47,716 - modules.salary_history - INFO - Looking for salary history:, ('sales_customer_service', 'mid')
2026-09-30 15:06:47,720 - modules.salary_history - INFO - Looking for salary history:, ('data_analytics', 'senior')
2026-09-30 15:06:47,723 - modules.salary_history - INFO - Looking for salary history:, ('data_analytics', 'mid')
2026-09-30 15:06:47,726 - modules.salary_history - INFO - Looking for salary history:, ('data_analytics', 'senior')
2026-09-30 15:06:47,732 - modules.salary_history - INFO - Looking for salary history:, ('data_analytics', 'mid')
2026-09-30 15:06:47,735 - modules.salary_history - INFO - Looking for salary history:, ('data_analytics', 'mid')
2026-09-30 15:06:47,739 - modules.salary_history - INFO - Looking for salary history:, ('data_analytics', 'senior')
2026-09-30 15:06:47,742 - modules.salary_history - INFO - Looking for salary history:, ('software_it', 'mid')
2026-09-30 15:06:47,745 - modules.salary_history - INFO - Looking for salary history:, ('software_it', 'mid')
2026-09-30 15:06:47,748 - modules.salary_history - INFO - Looking for salary history:, ('data_analytics', 'mid')
2026-09-30 15:06:47,751 - modules.salary_history - INFO - Looking for salary history:, ('software_it', 'mid')
2026-09-30 15:06:47,755 - modules.salary_history - INFO - Looking for salary history:, ('data_analytics', 'mid')
2026-09-30 15:06:47,761 - modules.salary_history - INFO - Looking for salary history:, ('data_analytics', 'mid')
2026-09-30 15:06:47,765 - modules.salary_history - INFO - Looking for salary history:, ('hr', 'senior')
2026-09-30 15:06:47,768 - modules.salary_history - INFO - Looking for salary history:, ('data_analytics', 'mid')
2026-09-30 15:06:47,772 - modules.salary_history - INFO - Looking for salary history:, ('software_it', 'junior')
2026-09-30 15:06:47,781 - modules.salary_history - INFO - Looking for salary history:, ('procurement', 'mid')
2026-09-30 15:06:47,785 - modules.salary_history - INFO - Looking for salary history:, ('data_analytics', 'mid')
2026-09-30 15:06:47,788 - modules.salary_history - INFO - Looking for salary history:, ('data_analytics', 'junior')
2026-09-30 15:06:47,791 - modules.salary_history - INFO - Looking for salary history:, ('logistics_supply_chain', 'mid')
2026-09-30 15:06:47,794 - modules.salary_history - INFO - Looking for salary history:, ('hr', 'mid')
2026-09-30 15:06:47,797 - modules.salary_history - INFO - Looking for salary history:, ('data_analytics', 'mid')
2026-09-30 15:06:47,801 - modules.salary_history - INFO - Looking for salary history:, ('procurement', 'mid')
2026-09-30 15:06:47,807 - modules.salary_history - INFO - Looking for salary history:, ('finance_accounting', 'junior')
2026-09-30 15:06:47,811 - modules.salary_history - INFO - Looking for salary history:, ('procurement', 'mid')
2026-09-30 15:06:47,816 - modules.salary_history - INFO - Looking for salary history:, ('software_it', 'mid')
2026-09-30 15:06:47,823 - modules.salary_history - INFO - Looking for salary history:, ('data_analytics', 'junior')
2026-09-30 15:06:47,826 - modules.salary_history - INFO - Looking for salary history:, ('finance_accounting', 'intern')
2026-09-30 15:06:47,829 - modules.salary_history - INFO - Looking for salary history:, ('logistics_supply_chain', 'mid')
2026-09-30 15:06:47,834 - modules.salary_history - INFO - Looking for salary history:, ('software_it', 'junior')
2026-09-30 15:06:47,838 - modules.salary_history - INFO - Looking for salary history:, ('logistics_supply_chain', 'mid')
2026-09-30 15:06:47,841 - modules.salary_history - INFO - Looking for salary history:, ('administration', 'mid')
2026-09-30 15:06:47,844 - modules.salary_history - INFO - Looking for salary history:, ('customer_operations', 'intern')
2026-09-30 15:06:47,856 - modules.salary_history - INFO - Looking for salary history:, ('data_analytics', 'mid')
2026-09-30 15:06:47,861 - modules.salary_history - INFO - Looking for salary history:, ('data_analytics', 'mid')
2026-09-30 15:06:47,865 - modules.salary_history - INFO - Looking for salary history:, ('data_analytics', 'mid')
2026-09-30 15:06:47,868 - modules.salary_history - INFO - Looking for salary history:, ('data_analytics', 'mid')
2026-09-30 15:06:47,874 - modules.salary_history - INFO - Looking for salary history:, ('data_analytics', 'mid')
2026-09-30 15:06:47,880 - modules.salary_history - INFO - Looking for salary history:, ('data_analytics', 'senior')
2026-09-30 15:06:47,884 - modules.salary_history - INFO - Looking for salary history:, ('data_analytics', 'mid')
2026-09-30 15:06:47,887 - modules.salary_history - INFO - Looking for salary history:, ('data_analytics', 'mid')
2026-09-30 15:06:47,891 - modules.salary_history - INFO - Looking for salary history:, ('it_support', 'mid')
2026-09-30 15:06:47,894 - modules.salary_history - INFO - Looking for salary history:, ('data_analytics', 'mid')
2026-09-30 15:06:47,897 - modules.salary_history - INFO - Looking for salary history:, ('software_it', 'mid')
2026-09-30 15:06:47,906 - modules.salary_history - INFO - Looking for salary history:, ('data_analytics', 'mid')
2026-09-30 15:06:47,909 - modules.salary_history - INFO - Looking for salary history:, ('data_analytics', 'mid')
2026-09-30 15:06:47,911 - modules.salary_history - INFO - Looking for salary history:, ('data_analytics', 'mid')
2026-09-30 15:06:47,915 - modules.salary_history - INFO - Looking for salary history:, ('data_analytics', 'mid')
2026-09-30 15:06:47,919 - modules.salary_history - INFO - Looking for salary history:, ('data_analytics', 'mid')
2026-09-30 15:06:47,922 - modules.salary_history - INFO - Looking for salary history:, ('data_analytics', 'mid')
2026-09-30 15:06:47,925 - modules.salary_history - INFO - Looking for salary history:, ('finance_accounting', 'junior')
2026-09-30 15:06:47,928 - modules.salary_history - INFO - Looking for salary history:, ('data_analytics', 'mid')
2026-09-30 15:06:47,930 - modules.salary_history - INFO - Looking for salary history:, ('software_it', 'junior')
2026-09-30 15:06:47,933 - modules.salary_history - INFO - Looking for salary history:, ('logistics_supply_chain', 'junior')
2026-09-30 15:06:47,937 - modules.salary_history - INFO - Looking for salary history:, ('data_analytics', 'junior')
2026-09-30 15:06:47,940 - modules.salary_history - INFO - Looking for salary history:, ('software_it', 'mid')
2026-09-30 15:06:47,943 - modules.salary_history - INFO - Looking for salary history:, ('software_it', 'mid')
2026-09-30 15:06:47,946 - modules.salary_history - INFO - Looking for salary history:, ('software_it', 'senior')
2026-09-30 15:06:47,953 - modules.salary_history - INFO - Looking for salary history:, ('it_support', 'junior')
2026-09-30 15:06:47,957 - modules.salary_history - INFO - Looking for salary history:, ('it_support', 'junior')
2026-09-30 15:06:47,960 - modules.salary_history - INFO - Looking for salary history:, ('it_support', 'junior')
2026-09-30 15:06:47,963 - modules.salary_history - INFO - Looking for salary history:, ('software_it', 'junior')
2026-09-30 15:06:47,966 - modules.salary_history - INFO - Looking for salary history:, ('software_it', 'mid')
2026-09-30 15:06:47,970 - modules.salary_history - INFO - Looking for salary history:, ('data_analytics', 'intern')
2026-09-30 15:06:47,973 - modules.salary_history - INFO - Looking for salary history:, ('data_analytics', 'senior')
2026-09-30 15:06:47,976 - modules.salary_history - INFO - Looking for salary history:, ('data_analytics', 'senior')
2026-09-30 15:06:47,979 - modules.salary_history - INFO - Looking for salary history:, ('data_analytics', 'mid')
2026-09-30 15:06:47,983 - modules.salary_history - INFO - Looking for salary history:, ('logistics_supply_chain', 'intern')
2026-09-30 15:06:47,986 - modules.salary_history - INFO - Looking for salary history:, ('software_it', 'mid')
2026-09-30 15:06:47,990 - modules.salary_history - INFO - Looking for salary history:, ('engineering_production', 'mid')
2026-09-30 15:06:47,993 - modules.salary_history - INFO - Looking for salary history:, ('software_it', 'mid')
2026-09-30 15:06:47,996 - modules.salary_history - INFO - Looking for salary history:, ('hr', 'mid')
2026-09-30 15:06:47,999 - modules.salary_history - INFO - Looking for salary history:, ('software_it', 'junior')
2026-09-30 15:06:48,003 - modules.salary_history - INFO - Looking for salary history:, ('administration', 'senior')
2026-09-30 15:06:48,009 - modules.salary_history - INFO - Looking for salary history:, ('project_management', 'junior')
2026-09-30 15:06:48,013 - modules.salary_history - INFO - Looking for salary history:, ('procurement', 'junior')
2026-09-30 15:06:48,016 - modules.salary_history - INFO - Looking for salary history:, ('procurement', 'mid')
2026-09-30 15:06:48,020 - modules.salary_history - INFO - Looking for salary history:, ('software_it', 'mid')
2026-09-30 15:06:48,023 - modules.salary_history - INFO - Looking for salary history:, ('logistics_supply_chain', 'mid')
2026-09-30 15:06:48,026 - modules.salary_history - INFO - Looking for salary history:, ('logistics_supply_chain', 'mid')
2026-09-30 15:06:48,032 - modules.salary_history - INFO - Looking for salary history:, ('software_it', 'mid')
2026-09-30 15:06:48,035 - modules.salary_history - INFO - Looking for salary history:, ('software_it', 'senior')
2026-09-30 15:06:48,039 - modules.salary_history - INFO - Looking for salary history:, ('software_it', 'junior')
2026-09-30 15:06:48,042 - modules.salary_history - INFO - Looking for salary history:, ('logistics_supply_chain', 'mid')
2026-09-30 15:06:48,044 - modules.salary_history - INFO - Looking for salary history:, ('administration', 'mid')
2026-09-30 15:06:48,048 - modules.salary_history - INFO - Looking for salary history:, ('software_it', 'mid')
2026-09-30 15:06:48,051 - modules.salary_history - INFO - Looking for salary history:, ('software_it', 'mid')
2026-09-30 15:06:48,055 - modules.salary_history - INFO - Looking for salary history:, ('logistics_supply_chain', 'mid')
2026-09-30 15:06:48,061 - modules.salary_history - INFO - Looking for salary history:, ('logistics_supply_chain', 'mid')
2026-09-30 15:06:48,064 - modules.salary_history - INFO - Looking for salary history:, ('legal_compliance_risk', 'junior')
2026-09-30 15:06:48,067 - modules.salary_history - INFO - Looking for salary history:, ('hr', 'mid')
2026-09-30 15:06:48,070 - modules.salary_history - INFO - Looking for salary history:, ('finance_accounting', 'junior')
2026-09-30 15:06:48,073 - modules.salary_history - INFO - Looking for salary history:, ('logistics_supply_chain', 'mid')
2026-09-30 15:06:48,076 - modules.salary_history - INFO - Looking for salary history:, ('legal_compliance_risk', 'mid')
2026-09-30 15:06:48,079 - modules.salary_history - INFO - Looking for salary history:, ('software_it', 'junior')
2026-09-30 15:06:48,085 - modules.salary_history - INFO - Looking for salary history:, ('marketing', 'mid')
2026-09-30 15:06:48,089 - modules.salary_history - INFO - Looking for salary history:, ('logistics_supply_chain', 'mid')
2026-09-30 15:06:48,092 - modules.salary_history - INFO - Looking for salary history:, ('software_it', 'junior')
2026-09-30 15:06:48,097 - modules.salary_history - INFO - Looking for salary history:, ('data_analytics', 'junior')
2026-09-30 15:06:48,100 - modules.salary_history - INFO - Looking for salary history:, ('logistics_supply_chain', 'mid')
2026-09-30 15:06:48,104 - modules.salary_history - INFO - Looking for salary history:, ('legal_compliance_risk', 'mid')
2026-09-30 15:06:48,107 - modules.salary_history - INFO - Looking for salary history:, ('software_it', 'junior')
2026-09-30 15:06:48,113 - modules.salary_history - INFO - Looking for salary history:, ('data_analytics', 'junior')
2026-09-30 15:06:48,118 - modules.salary_history - INFO - Looking for salary history:, ('logistics_supply_chain', 'mid')
2026-09-30 15:06:48,121 - modules.salary_history - INFO - Looking for salary history:, ('legal_compliance_risk', 'mid')
2026-09-30 15:06:48,124 - modules.salary_history - INFO - Looking for salary history:, ('software_it', 'junior')
2026-09-30 15:06:48,130 - modules.salary_history - INFO - Looking for salary history:, ('finance_accounting', 'junior')
2026-09-30 15:06:48,133 - modules.salary_history - INFO - Looking for salary history:, ('finance_accounting', 'junior')
2026-09-30 15:06:48,137 - modules.salary_history - INFO - Looking for salary history:, ('software_it', 'junior')
2026-09-30 15:06:48,143 - modules.salary_history - INFO - Looking for salary history:, ('software_it', 'mid')
2026-09-30 15:06:48,149 - modules.salary_history - INFO - Looking for salary history:, ('software_it', 'mid')
2026-09-30 15:06:48,154 - modules.salary_history - INFO - Looking for salary history:, ('project_management', 'junior')
2026-09-30 15:06:48,157 - modules.salary_history - INFO - Looking for salary history:, ('software_it', 'junior')
2026-09-30 15:06:48,165 - modules.salary_history - INFO - Looking for salary history:, ('project_management', 'manager')
2026-09-30 15:06:48,168 - modules.salary_history - INFO - Looking for salary history:, ('project_management', 'manager')
2026-09-30 15:06:48,173 - modules.salary_history - INFO - Looking for salary history:, ('project_management', 'manager')
2026-09-30 15:06:48,177 - modules.salary_history - INFO - Looking for salary history:, ('project_management', 'manager')
2026-09-30 15:06:48,182 - modules.salary_history - INFO - Looking for salary history:, ('software_it', 'junior')
2026-09-30 15:06:48,190 - modules.salary_history - INFO - Looking for salary history:, ('data_analytics', 'junior')
2026-09-30 15:06:48,193 - modules.salary_history - INFO - Looking for salary history:, ('software_it', 'junior')
2026-09-30 15:06:48,201 - modules.salary_history - INFO - Looking for salary history:, ('data_analytics', 'junior')
2026-09-30 15:06:48,206 - modules.salary_history - INFO - Looking for salary history:, ('software_it', 'mid')
2026-09-30 15:06:48,209 - modules.salary_history - INFO - Looking for salary history:, ('software_it', 'mid')
2026-09-30 15:06:48,212 - modules.salary_history - INFO - Looking for salary history:, ('administration', 'senior')
2026-09-30 15:06:48,215 - modules.salary_history - INFO - Looking for salary history:, ('it_support', 'mid')
2026-09-30 15:06:48,219 - modules.salary_history - INFO - Looking for salary history:, ('legal_compliance_risk', 'mid')
2026-09-30 15:06:48,223 - modules.salary_history - INFO - Looking for salary history:, ('software_it', 'mid')
2026-09-30 15:06:48,226 - modules.salary_history - INFO - Looking for salary history:, ('software_it', 'mid')
2026-09-30 15:06:48,228 - modules.salary_history - INFO - Looking for salary history:, ('software_it', 'junior')
2026-09-30 15:06:48,233 - modules.salary_history - INFO - Looking for salary history:, ('data_analytics', 'junior')
2026-09-30 15:06:48,238 - modules.salary_history - INFO - Looking for salary history:, ('software_it', 'mid')
2026-09-30 15:06:48,241 - modules.salary_history - INFO - Looking for salary history:, ('software_it', 'junior')
2026-09-30 15:06:48,247 - modules.salary_history - INFO - Looking for salary history:, ('data_analytics', 'junior')
2026-09-30 15:06:48,251 - modules.salary_history - INFO - Looking for salary history:, ('software_it', 'mid')
2026-09-30 15:06:48,255 - modules.salary_history - INFO - Looking for salary history:, ('software_it', 'mid')
2026-09-30 15:06:48,259 - modules.salary_history - INFO - Looking for salary history:, ('it_support', 'mid')
2026-09-30 15:06:48,262 - modules.salary_history - INFO - Looking for salary history:, ('legal_compliance_risk', 'mid')
2026-09-30 15:06:48,265 - modules.salary_history - INFO - Looking for salary history:, ('data_analytics', 'mid')
2026-09-30 15:06:48,268 - modules.salary_history - INFO - Looking for salary history:, ('data_analytics', 'mid')
2026-09-30 15:06:48,272 - modules.salary_history - INFO - Looking for salary history:, ('software_it', 'junior')
2026-09-30 15:06:48,279 - modules.salary_history - INFO - Looking for salary history:, ('data_analytics', 'junior')
2026-09-30 15:06:48,282 - modules.salary_history - INFO - Looking for salary history:, ('it_support', 'junior')
2026-09-30 15:06:48,286 - modules.salary_history - INFO - Looking for salary history:, ('finance_accounting', 'mid')
2026-09-30 15:06:48,290 - modules.salary_history - INFO - Looking for salary history:, ('data_analytics', 'mid')
2026-09-30 15:06:48,293 - modules.salary_history - INFO - Looking for salary history:, ('it_support', 'junior')
2026-09-30 15:06:48,296 - modules.salary_history - INFO - Looking for salary history:, ('procurement', 'junior')
2026-09-30 15:06:48,300 - modules.salary_history - INFO - Looking for salary history:, ('administration', 'mid')
2026-09-30 15:06:48,304 - modules.salary_history - INFO - Looking for salary history:, ('finance_accounting', 'junior')
2026-09-30 15:06:48,307 - modules.salary_history - INFO - Looking for salary history:, ('finance_accounting', 'mid')
2026-09-30 15:06:48,310 - modules.salary_history - INFO - Looking for salary history:, ('finance_accounting', 'mid')
2026-09-30 15:06:48,313 - modules.salary_history - INFO - Looking for salary history:, ('data_analytics', 'mid')
2026-09-30 15:06:48,316 - modules.salary_history - INFO - Looking for salary history:, ('data_analytics', 'mid')
2026-09-30 15:06:48,320 - modules.salary_history - INFO - Looking for salary history:, ('finance_accounting', 'mid')
2026-09-30 15:06:48,327 - modules.salary_history - INFO - Looking for salary history:, ('data_analytics', 'mid')
2026-09-30 15:06:48,330 - modules.salary_history - INFO - Looking for salary history:, ('administration', 'mid')
2026-09-30 15:06:48,333 - modules.salary_history - INFO - Looking for salary history:, ('logistics_supply_chain', 'mid')
2026-09-30 15:06:48,341 - modules.salary_history - INFO - Looking for salary history:, ('administration', 'mid')
2026-09-30 15:06:48,350 - modules.salary_history - INFO - Looking for salary history:, ('software_it', 'mid')
2026-09-30 15:06:48,356 - modules.salary_history - INFO - Looking for salary history:, ('finance_accounting', 'mid')
2026-09-30 15:06:48,362 - modules.salary_history - INFO - Looking for salary history:, ('finance_accounting', 'senior')
2026-09-30 15:06:48,367 - modules.salary_history - INFO - Looking for salary history:, ('data_analytics', 'mid')
2026-09-30 15:06:48,370 - modules.salary_history - INFO - Looking for salary history:, ('data_analytics', 'mid')
2026-09-30 15:06:48,376 - modules.salary_history - INFO - Looking for salary history:, ('data_analytics', 'mid')
2026-09-30 15:06:48,379 - modules.salary_history - INFO - Looking for salary history:, ('finance_accounting', 'mid')
2026-09-30 15:06:48,382 - modules.salary_history - INFO - Looking for salary history:, ('administration', 'mid')
2026-09-30 15:06:48,388 - modules.salary_history - INFO - Looking for salary history:, ('data_analytics', 'mid')
2026-09-30 15:06:48,392 - modules.salary_history - INFO - Looking for salary history:, ('data_analytics', 'mid')
2026-09-30 15:06:48,395 - modules.salary_history - INFO - Looking for salary history:, ('data_analytics', 'mid')
2026-09-30 15:06:48,399 - modules.salary_history - INFO - Looking for salary history:, ('data_analytics', 'mid')
2026-09-30 15:06:48,402 - modules.salary_history - INFO - Looking for salary history:, ('data_analytics', 'mid')
2026-09-30 15:06:48,405 - modules.salary_history - INFO - Looking for salary history:, ('data_analytics', 'senior')
2026-09-30 15:06:48,409 - modules.salary_history - INFO - Looking for salary history:, ('data_analytics', 'mid')
2026-09-30 15:06:48,412 - modules.salary_history - INFO - Looking for salary history:, ('software_it', 'mid')
2026-09-30 15:06:48,418 - modules.salary_history - INFO - Looking for salary history:, ('software_it', 'mid')
2026-09-30 15:06:48,421 - modules.salary_history - INFO - Looking for salary history:, ('procurement', 'mid')
2026-09-30 15:06:48,424 - modules.salary_history - INFO - Looking for salary history:, ('software_it', 'mid')
2026-09-30 15:06:48,426 - modules.salary_history - INFO - Looking for salary history:, ('finance_accounting', 'junior')
2026-09-30 15:06:48,430 - modules.salary_history - INFO - Looking for salary history:, ('logistics_supply_chain', 'mid')
2026-09-30 15:06:48,433 - modules.salary_history - INFO - Looking for salary history:, ('logistics_supply_chain', 'manager')
2026-09-30 15:06:48,437 - modules.salary_history - INFO - Looking for salary history:, ('administration', 'junior')
2026-09-30 15:06:48,441 - modules.salary_history - INFO - Looking for salary history:, ('logistics_supply_chain', 'junior')
2026-09-30 15:06:48,447 - modules.salary_history - INFO - Looking for salary history:, ('hr', 'mid')
2026-09-30 15:06:48,450 - modules.salary_history - INFO - Looking for salary history:, ('logistics_supply_chain', 'mid')
2026-09-30 15:06:48,453 - modules.salary_history - INFO - Looking for salary history:, ('finance_accounting', 'mid')
2026-09-30 15:06:48,457 - modules.salary_history - INFO - Looking for salary history:, ('sales_customer_service', 'mid')
2026-09-30 15:06:48,460 - modules.salary_history - INFO - Looking for salary history:, ('logistics_supply_chain', 'mid')
2026-09-30 15:06:48,465 - modules.salary_history - INFO - Looking for salary history:, ('administration', 'senior')
2026-09-30 15:06:48,472 - modules.salary_history - INFO - Looking for salary history:, ('it_support', 'junior')
2026-09-30 15:06:48,477 - modules.salary_history - INFO - Looking for salary history:, ('logistics_supply_chain', 'mid')
2026-09-30 15:06:48,481 - modules.salary_history - INFO - Looking for salary history:, ('software_it', 'mid')
2026-09-30 15:06:48,485 - modules.salary_history - INFO - Looking for salary history:, ('procurement', 'junior')
2026-09-30 15:06:48,488 - modules.salary_history - INFO - Looking for salary history:, ('hr', 'junior')
2026-09-30 15:06:48,491 - modules.salary_history - INFO - Looking for salary history:, ('software_it', 'junior')
2026-09-30 15:06:48,494 - modules.salary_history - INFO - Looking for salary history:, ('data_analytics', 'mid')
2026-09-30 15:06:48,497 - modules.salary_history - INFO - Looking for salary history:, ('finance_accounting', 'mid')
2026-09-30 15:06:48,500 - modules.salary_history - INFO - Looking for salary history:, ('logistics_supply_chain', 'junior')
2026-09-30 15:06:48,507 - modules.salary_history - INFO - Looking for salary history:, ('software_it', 'junior')
2026-09-30 15:06:48,511 - modules.salary_history - INFO - Looking for salary history:, ('software_it', 'junior')
2026-09-30 15:06:48,516 - modules.salary_history - INFO - Looking for salary history:, ('administration', 'mid')
2026-09-30 15:06:48,520 - modules.salary_history - INFO - Looking for salary history:, ('administration', 'mid')
2026-09-30 15:06:48,522 - modules.salary_history - INFO - Looking for salary history:, ('data_analytics', 'junior')
2026-09-30 15:06:48,526 - modules.salary_history - INFO - Looking for salary history:, ('administration', 'mid')
2026-09-30 15:06:48,530 - modules.salary_history - INFO - Looking for salary history:, ('logistics_supply_chain', 'manager')
2026-09-30 15:06:48,532 - modules.salary_history - INFO - Looking for salary history:, ('administration', 'junior')
2026-09-30 15:06:48,536 - modules.salary_history - INFO - Looking for salary history:, ('logistics_supply_chain', 'mid')
2026-09-30 15:06:48,539 - modules.salary_history - INFO - Looking for salary history:, ('data_analytics', 'mid')
2026-09-30 15:06:48,542 - modules.salary_history - INFO - Looking for salary history:, ('software_it', 'mid')
2026-09-30 15:06:48,545 - modules.salary_history - INFO - Looking for salary history:, ('finance_accounting', 'mid')
2026-09-30 15:06:48,548 - modules.salary_history - INFO - Looking for salary history:, ('administration', 'junior')
2026-09-30 15:06:48,551 - modules.salary_history - INFO - Looking for salary history:, ('software_it', 'senior')
2026-09-30 15:06:48,555 - modules.salary_history - INFO - Looking for salary history:, ('software_it', 'mid')
2026-09-30 15:06:48,558 - modules.salary_history - INFO - Looking for salary history:, ('hr', 'senior')
2026-09-30 15:06:48,561 - modules.salary_history - INFO - Looking for salary history:, ('procurement', 'junior')
2026-09-30 15:06:48,565 - modules.salary_history - INFO - Looking for salary history:, ('logistics_supply_chain', 'mid')
2026-09-30 15:06:48,568 - modules.salary_history - INFO - Looking for salary history:, ('legal_compliance_risk', 'mid')
2026-09-30 15:06:48,571 - modules.salary_history - INFO - Looking for salary history:, ('data_analytics', 'mid')
2026-09-30 15:06:48,574 - modules.salary_history - INFO - Looking for salary history:, ('software_it', 'mid')
2026-09-30 15:06:48,577 - modules.salary_history - INFO - Looking for salary history:, ('software_it', 'mid')
2026-09-30 15:06:48,580 - modules.salary_history - INFO - Looking for salary history:, ('logistics_supply_chain', 'mid')
2026-09-30 15:06:48,583 - modules.salary_history - INFO - Looking for salary history:, ('logistics_supply_chain', 'manager')
2026-09-30 15:06:48,587 - modules.salary_history - INFO - Looking for salary history:, ('administration', 'mid')
2026-09-30 15:06:48,590 - modules.salary_history - INFO - Looking for salary history:, ('data_analytics', 'junior')
2026-09-30 15:06:48,595 - modules.salary_history - INFO - Looking for salary history:, ('software_it', 'junior')
2026-09-30 15:06:48,598 - modules.salary_history - INFO - Looking for salary history:, ('software_it', 'mid')
2026-09-30 15:06:48,602 - modules.salary_history - INFO - Looking for salary history:, ('project_management', 'junior')
2026-09-30 15:06:48,605 - modules.salary_history - INFO - Looking for salary history:, ('administration', 'mid')
2026-09-30 15:06:48,608 - modules.salary_history - INFO - Looking for salary history:, ('finance_accounting', 'junior')
2026-09-30 15:06:48,611 - modules.salary_history - INFO - Looking for salary history:, ('administration', 'junior')
2026-09-30 15:06:48,615 - modules.salary_history - INFO - Looking for salary history:, ('hr', 'junior')
2026-09-30 15:06:48,622 - modules.salary_history - INFO - Looking for salary history:, ('finance_accounting', 'mid')
2026-09-30 15:06:48,625 - modules.salary_history - INFO - Looking for salary history:, ('finance_accounting', 'junior')
2026-09-30 15:06:48,627 - modules.salary_history - INFO - Looking for salary history:, ('finance_accounting', 'mid')
2026-09-30 15:06:48,630 - modules.salary_history - INFO - Looking for salary history:, ('project_management', 'manager')
2026-09-30 15:06:48,634 - modules.salary_history - INFO - Looking for salary history:, ('software_it', 'junior')
2026-09-30 15:06:48,637 - modules.salary_history - INFO - Looking for salary history:, ('hr', 'junior')
2026-09-30 15:06:48,640 - modules.salary_history - INFO - Looking for salary history:, ('administration', 'senior')
2026-09-30 15:06:48,645 - modules.salary_history - INFO - Looking for salary history:, ('administration', 'mid')
2026-09-30 15:06:48,652 - modules.salary_history - INFO - Looking for salary history:, ('logistics_supply_chain', 'mid')
2026-09-30 15:06:48,656 - modules.salary_history - INFO - Looking for salary history:, ('logistics_supply_chain', 'junior')
2026-09-30 15:06:48,659 - modules.salary_history - INFO - Looking for salary history:, ('finance_accounting', 'mid')
2026-09-30 15:06:48,662 - modules.salary_history - INFO - Looking for salary history:, ('software_it', 'mid')
2026-09-30 15:06:48,665 - modules.salary_history - INFO - Looking for salary history:, ('logistics_supply_chain', 'mid')
2026-09-30 15:06:48,668 - modules.salary_history - INFO - Looking for salary history:, ('data_analytics', 'mid')
2026-09-30 15:06:48,672 - modules.salary_history - INFO - Looking for salary history:, ('data_analytics', 'mid')
2026-09-30 15:06:48,676 - modules.salary_history - INFO - Looking for salary history:, ('data_analytics', 'mid')
2026-09-30 15:06:48,679 - modules.salary_history - INFO - Looking for salary history:, ('data_analytics', 'mid')
2026-09-30 15:06:48,682 - modules.salary_history - INFO - Looking for salary history:, ('data_analytics', 'senior')
2026-09-30 15:06:48,686 - modules.salary_history - INFO - Looking for salary history:, ('data_analytics', 'mid')
2026-09-30 15:06:48,690 - modules.salary_history - INFO - Looking for salary history:, ('data_analytics', 'mid')
2026-09-30 15:06:48,694 - modules.salary_history - INFO - Looking for salary history:, ('legal_compliance_risk', 'mid')
2026-09-30 15:06:48,703 - modules.salary_history - INFO - Looking for salary history:, ('logistics_supply_chain', 'mid')
2026-09-30 15:06:48,707 - modules.salary_history - INFO - Looking for salary history:, ('data_analytics', 'mid')
2026-09-30 15:06:48,710 - modules.salary_history - INFO - Looking for salary history:, ('legal_compliance_risk', 'mid')
2026-09-30 15:06:48,713 - modules.salary_history - INFO - Looking for salary history:, ('logistics_supply_chain', 'mid')
2026-09-30 15:06:48,719 - modules.salary_history - INFO - Looking for salary history:, ('data_analytics', 'mid')
2026-09-30 15:06:48,723 - modules.salary_history - INFO - Looking for salary history:, ('data_analytics', 'mid')
2026-09-30 15:06:48,726 - modules.salary_history - INFO - Looking for salary history:, ('legal_compliance_risk', 'mid')
2026-09-30 15:06:48,730 - modules.salary_history - INFO - Looking for salary history:, ('data_analytics', 'mid')
2026-09-30 15:06:48,734 - modules.salary_history - INFO - Looking for salary history:, ('data_analytics', 'mid')
2026-09-30 15:06:48,741 - modules.salary_history - INFO - Looking for salary history:, ('legal_compliance_risk', 'mid')
2026-09-30 15:06:48,747 - modules.salary_history - INFO - Looking for salary history:, ('data_analytics', 'mid')
2026-09-30 15:06:48,750 - modules.salary_history - INFO - Looking for salary history:, ('data_analytics', 'mid')
2026-09-30 15:06:48,754 - modules.salary_history - INFO - Looking for salary history:, ('legal_compliance_risk', 'mid')
2026-09-30 15:06:48,758 - modules.salary_history - INFO - Looking for salary history:, ('data_analytics', 'mid')
2026-09-30 15:06:48,760 - modules.salary_history - INFO - Looking for salary history:, ('data_analytics', 'mid')
2026-09-30 15:06:48,768 - modules.salary_history - INFO - Looking for salary history:, ('software_it', 'junior')
2026-09-30 15:06:48,772 - modules.salary_history - INFO - Looking for salary history:, ('data_analytics', 'junior')
2026-09-30 15:06:48,775 - modules.salary_history - INFO - Looking for salary history:, ('data_analytics', 'junior')
2026-09-30 15:06:48,778 - modules.salary_history - INFO - Looking for salary history:, ('software_it', 'junior')
2026-09-30 15:06:48,784 - modules.salary_history - INFO - Looking for salary history:, ('data_analytics', 'junior')
2026-09-30 15:06:48,787 - modules.salary_history - INFO - Looking for salary history:, ('software_it', 'junior')
2026-09-30 15:06:48,790 - modules.salary_history - INFO - Looking for salary history:, ('hr', 'manager')
2026-09-30 15:06:48,794 - modules.salary_history - INFO - Looking for salary history:, ('project_management', 'manager')
2026-09-30 15:06:48,797 - modules.salary_history - INFO - Looking for salary history:, ('software_it', 'junior')
2026-09-30 15:06:48,801 - modules.salary_history - INFO - Looking for salary history:, ('data_analytics', 'junior')
2026-09-30 15:06:48,805 - modules.salary_history - INFO - Looking for salary history:, ('software_it', 'senior')
2026-09-30 15:06:48,811 - modules.salary_history - INFO - Looking for salary history:, ('data_analytics', 'junior')
2026-09-30 15:06:48,814 - modules.salary_history - INFO - Looking for salary history:, ('software_it', 'junior')
2026-09-30 15:06:48,818 - modules.salary_history - INFO - Looking for salary history:, ('data_analytics', 'junior')
2026-09-30 15:06:48,822 - modules.salary_history - INFO - Looking for salary history:, ('software_it', 'junior')
2026-09-30 15:06:48,828 - modules.salary_history - INFO - Looking for salary history:, ('finance_accounting', 'junior')
2026-09-30 15:06:48,832 - modules.salary_history - INFO - Looking for salary history:, ('finance_accounting', 'junior')
2026-09-30 15:06:48,835 - modules.salary_history - INFO - Looking for salary history:, ('software_it', 'intern')
2026-09-30 15:06:48,839 - modules.salary_history - INFO - Looking for salary history:, ('software_it', 'junior')
2026-09-30 15:06:48,843 - modules.salary_history - INFO - Looking for salary history:, ('finance_accounting', 'intern')
2026-09-30 15:06:48,847 - modules.salary_history - INFO - Looking for salary history:, ('administration', 'mid')
2026-09-30 15:06:48,850 - modules.salary_history - INFO - Looking for salary history:, ('finance_accounting', 'junior')
2026-09-30 15:06:48,854 - modules.salary_history - INFO - Looking for salary history:, ('it_support', 'junior')
2026-09-30 15:06:48,861 - modules.salary_history - INFO - Looking for salary history:, ('data_analytics', 'junior')
2026-09-30 15:06:48,864 - modules.salary_history - INFO - Looking for salary history:, ('data_analytics', 'junior')
2026-09-30 15:06:48,868 - modules.salary_history - INFO - Looking for salary history:, ('data_analytics', 'mid')
2026-09-30 15:06:48,873 - modules.salary_history - INFO - Looking for salary history:, ('procurement', 'mid')
2026-09-30 15:06:48,877 - modules.salary_history - INFO - Looking for salary history:, ('software_it', 'senior')
2026-09-30 15:06:48,881 - modules.salary_history - INFO - Looking for salary history:, ('data_analytics', 'mid')
2026-09-30 15:06:48,889 - modules.salary_history - INFO - Looking for salary history:, ('administration', 'mid')
2026-09-30 15:06:48,892 - modules.salary_history - INFO - Looking for salary history:, ('it_support', 'intern')
2026-09-30 15:06:48,897 - modules.salary_history - INFO - Looking for salary history:, ('data_analytics', 'mid')
2026-09-30 15:06:48,900 - modules.salary_history - INFO - Looking for salary history:, ('data_analytics', 'junior')
2026-09-30 15:06:48,904 - modules.salary_history - INFO - Looking for salary history:, ('data_analytics', 'mid')
2026-09-30 15:06:48,907 - modules.salary_history - INFO - Looking for salary history:, ('data_analytics', 'mid')
2026-09-30 15:06:48,910 - modules.salary_history - INFO - Looking for salary history:, ('administration', 'mid')
2026-09-30 15:06:48,913 - modules.salary_history - INFO - Looking for salary history:, ('data_analytics', 'mid')
2026-09-30 15:06:48,919 - modules.salary_history - INFO - Looking for salary history:, ('data_analytics', 'mid')
2026-09-30 15:06:48,925 - modules.salary_history - INFO - Looking for salary history:, ('logistics_supply_chain', 'junior')
2026-09-30 15:06:48,928 - modules.salary_history - INFO - Looking for salary history:, ('procurement', 'junior')
2026-09-30 15:06:48,931 - modules.salary_history - INFO - Looking for salary history:, ('software_it', 'junior')
2026-09-30 15:06:48,935 - modules.salary_history - INFO - Looking for salary history:, ('data_analytics', 'junior')
2026-09-30 15:06:48,939 - modules.salary_history - INFO - Looking for salary history:, ('finance_accounting', 'junior')
2026-09-30 15:06:48,945 - modules.salary_history - INFO - Looking for salary history:, ('finance_accounting', 'intern')
2026-09-30 15:06:48,948 - modules.salary_history - INFO - Looking for salary history:, ('software_it', 'junior')
2026-09-30 15:06:48,951 - modules.salary_history - INFO - Looking for salary history:, ('hr', 'junior')
2026-09-30 15:06:48,956 - modules.salary_history - INFO - Looking for salary history:, ('administration', 'senior')
2026-09-30 15:06:48,959 - modules.salary_history - INFO - Looking for salary history:, ('administration', 'mid')
2026-09-30 15:06:48,965 - modules.salary_history - INFO - Looking for salary history:, ('logistics_supply_chain', 'mid')
2026-09-30 15:06:48,972 - modules.salary_history - INFO - Looking for salary history:, ('procurement', 'mid')
2026-09-30 15:06:48,975 - modules.salary_history - INFO - Looking for salary history:, ('it_support', 'junior')
2026-09-30 15:06:48,979 - modules.salary_history - INFO - Looking for salary history:, ('finance_accounting', 'mid')
2026-09-30 15:06:48,984 - modules.salary_history - INFO - Looking for salary history:, ('finance_accounting', 'mid')
2026-09-30 15:06:48,987 - modules.salary_history - INFO - Looking for salary history:, ('software_it', 'mid')
2026-09-30 15:06:48,991 - modules.salary_history - INFO - Looking for salary history:, ('data_analytics', 'junior')
2026-09-30 15:06:48,994 - modules.salary_history - INFO - Looking for salary history:, ('data_analytics', 'junior')
2026-09-30 15:06:48,997 - modules.salary_history - INFO - Looking for salary history:, ('logistics_supply_chain', 'mid')
2026-09-30 15:06:49,001 - modules.salary_history - INFO - Looking for salary history:, ('data_analytics', 'junior')
2026-09-30 15:06:49,006 - modules.salary_history - INFO - Looking for salary history:, ('data_analytics', 'junior')
2026-09-30 15:06:49,011 - modules.salary_history - INFO - Looking for salary history:, ('procurement', 'senior')
2026-09-30 15:06:49,014 - modules.salary_history - INFO - Looking for salary history:, ('logistics_supply_chain', 'mid')
2026-09-30 15:06:49,018 - modules.salary_history - INFO - Looking for salary history:, ('it_support', 'mid')
2026-09-30 15:06:49,022 - modules.salary_history - INFO - Looking for salary history:, ('data_analytics', 'junior')
2026-09-30 15:06:49,025 - modules.salary_history - INFO - Looking for salary history:, ('data_analytics', 'junior')
2026-09-30 15:06:49,028 - modules.salary_history - INFO - Looking for salary history:, ('finance_accounting', 'mid')
2026-09-30 15:06:49,032 - modules.salary_history - INFO - Looking for salary history:, ('finance_accounting', 'mid')
2026-09-30 15:06:49,036 - modules.salary_history - INFO - Looking for salary history:, ('software_it', 'mid')
2026-09-30 15:06:49,040 - modules.salary_history - INFO - Looking for salary history:, ('data_analytics', 'junior')
2026-09-30 15:06:49,043 - modules.salary_history - INFO - Looking for salary history:, ('data_analytics', 'junior')
2026-09-30 15:06:49,046 - modules.salary_history - INFO - Looking for salary history:, ('software_it', 'mid')
2026-09-30 15:06:49,051 - modules.salary_history - INFO - Looking for salary history:, ('data_analytics', 'junior')
2026-09-30 15:06:49,054 - modules.salary_history - INFO - Looking for salary history:, ('data_analytics', 'junior')
2026-09-30 15:06:49,058 - modules.salary_history - INFO - Looking for salary history:, ('data_analytics', 'junior')
2026-09-30 15:06:49,064 - modules.salary_history - INFO - Looking for salary history:, ('data_analytics', 'junior')
2026-09-30 15:06:49,067 - modules.salary_history - INFO - Looking for salary history:, ('data_analytics', 'junior')
2026-09-30 15:06:49,071 - modules.salary_history - INFO - Looking for salary history:, ('project_management', 'manager')
2026-09-30 15:06:49,074 - modules.salary_history - INFO - Looking for salary history:, ('project_management', 'manager')
2026-09-30 15:06:49,077 - modules.salary_history - INFO - Looking for salary history:, ('project_management', 'manager')
2026-09-30 15:06:49,081 - modules.salary_history - INFO - Looking for salary history:, ('project_management', 'manager')
2026-09-30 15:06:49,225 - modules.salary_history - INFO - Looking for salary history:, ('data_analytics', 'junior')
2026-09-30 15:06:49,228 - modules.salary_history - INFO - Looking for salary history:, ('data_analytics', 'junior')
2026-09-30 15:06:49,230 - modules.salary_history - INFO - Looking for salary history:, ('data_analytics', 'junior')
2026-09-30 15:06:49,233 - modules.salary_history - INFO - Looking for salary history:, ('data_analytics', 'junior')
2026-09-30 15:06:49,238 - modules.salary_history - INFO - Looking for salary history:, ('data_analytics', 'junior')
2026-09-30 15:06:49,241 - modules.salary_history - INFO - Looking for salary history:, ('data_analytics', 'junior')
2026-09-30 15:06:49,245 - modules.salary_history - INFO - Looking for salary history:, ('data_analytics', 'junior')
2026-09-30 15:06:49,247 - modules.salary_history - INFO - Looking for salary history:, ('software_it', 'mid')
2026-09-30 15:06:49,251 - modules.salary_history - INFO - Looking for salary history:, ('software_it', 'mid')
2026-09-30 15:06:49,255 - modules.salary_history - INFO - Looking for salary history:, ('software_it', 'mid')
2026-09-30 15:06:49,258 - modules.salary_history - INFO - Looking for salary history:, ('software_it', 'mid')
2026-09-30 15:06:49,261 - modules.salary_history - INFO - Looking for salary history:, ('software_it', 'mid')
2026-09-30 15:06:49,264 - modules.salary_history - INFO - Looking for salary history:, ('software_it', 'mid')
2026-09-30 15:06:49,266 - modules.salary_history - INFO - Looking for salary history:, ('software_it', 'mid')
2026-09-30 15:06:49,273 - modules.salary_history - INFO - Looking for salary history:, ('software_it', 'mid')
2026-09-30 15:06:49,275 - modules.salary_history - INFO - Looking for salary history:, ('software_it', 'mid')
2026-09-30 15:06:49,278 - modules.salary_history - INFO - Looking for salary history:, ('data_analytics', 'junior')
2026-09-30 15:06:49,281 - modules.salary_history - INFO - Looking for salary history:, ('data_analytics', 'junior')
2026-09-30 15:06:49,284 - modules.salary_history - INFO - Looking for salary history:, ('procurement', 'mid')
2026-09-30 15:06:49,287 - modules.salary_history - INFO - Looking for salary history:, ('logistics_supply_chain', 'intern')
2026-09-30 15:06:49,290 - modules.salary_history - INFO - Looking for salary history:, ('administration', 'junior')
2026-09-30 15:06:49,295 - modules.salary_history - INFO - Looking for salary history:, ('project_management', 'junior')
2026-09-30 15:06:49,298 - modules.salary_history - INFO - Looking for salary history:, ('procurement', 'junior')
2026-09-30 15:06:49,302 - modules.salary_history - INFO - Looking for salary history:, ('data_analytics', 'junior')
2026-09-30 15:06:49,308 - modules.salary_history - INFO - Looking for salary history:, ('software_it', 'junior')
2026-09-30 15:06:49,313 - modules.salary_history - INFO - Looking for salary history:, ('project_management', 'mid')
2026-09-30 15:06:49,320 - modules.salary_history - INFO - Looking for salary history:, ('legal_compliance_risk', 'mid')
2026-09-30 15:06:49,323 - modules.salary_history - INFO - Looking for salary history:, ('data_analytics', 'senior')
2026-09-30 15:06:49,326 - modules.salary_history - INFO - Looking for salary history:, ('data_analytics', 'mid')
2026-09-30 15:06:49,330 - modules.salary_history - INFO - Looking for salary history:, ('data_analytics', 'junior')
2026-09-30 15:06:49,334 - modules.salary_history - INFO - Looking for salary history:, ('data_analytics', 'mid')
2026-09-30 15:06:49,338 - modules.salary_history - INFO - Looking for salary history:, ('data_analytics', 'mid')
2026-09-30 15:06:49,341 - modules.salary_history - INFO - Looking for salary history:, ('data_analytics', 'mid')
2026-09-30 15:06:49,345 - modules.salary_history - INFO - Looking for salary history:, ('data_analytics', 'mid')
2026-09-30 15:06:49,347 - modules.salary_history - INFO - Looking for salary history:, ('software_it', 'junior')
2026-09-30 15:06:49,356 - modules.salary_history - INFO - Looking for salary history:, ('data_analytics', 'mid')
2026-09-30 15:06:49,358 - modules.salary_history - INFO - Looking for salary history:, ('data_analytics', 'mid')
2026-09-30 15:06:49,362 - modules.salary_history - INFO - Looking for salary history:, ('data_analytics', 'mid')
2026-09-30 15:06:49,364 - modules.salary_history - INFO - Looking for salary history:, ('data_analytics', 'mid')
2026-09-30 15:06:49,368 - modules.salary_history - INFO - Looking for salary history:, ('data_analytics', 'mid')
2026-09-30 15:06:49,374 - modules.salary_history - INFO - Looking for salary history:, ('data_analytics', 'junior')
2026-09-30 15:06:49,378 - modules.salary_history - INFO - Looking for salary history:, ('data_analytics', 'mid')
2026-09-30 15:06:49,381 - modules.salary_history - INFO - Looking for salary history:, ('data_analytics', 'mid')
2026-09-30 15:06:49,385 - modules.salary_history - INFO - Looking for salary history:, ('data_analytics', 'junior')
2026-09-30 15:06:49,388 - modules.salary_history - INFO - Looking for salary history:, ('data_analytics', 'mid')
2026-09-30 15:06:49,391 - modules.salary_history - INFO - Looking for salary history:, ('data_analytics', 'junior')
2026-09-30 15:06:49,395 - modules.salary_history - INFO - Looking for salary history:, ('data_analytics', 'mid')
2026-09-30 15:06:49,397 - modules.salary_history - INFO - Looking for salary history:, ('data_analytics', 'mid')
2026-09-30 15:06:49,401 - modules.salary_history - INFO - Looking for salary history:, ('data_analytics', 'mid')
2026-09-30 15:06:49,405 - modules.salary_history - INFO - Looking for salary history:, ('software_it', 'mid')
2026-09-30 15:06:49,408 - modules.salary_history - INFO - Looking for salary history:, ('data_analytics', 'mid')
2026-09-30 15:06:49,411 - modules.salary_history - INFO - Looking for salary history:, ('sales_customer_service', 'senior')
2026-09-30 15:06:49,414 - modules.salary_history - INFO - Looking for salary history:, ('data_analytics', 'mid')
2026-09-30 15:06:49,417 - modules.salary_history - INFO - Looking for salary history:, ('data_analytics', 'mid')
2026-09-30 15:06:49,421 - modules.salary_history - INFO - Looking for salary history:, ('data_analytics', 'mid')
2026-09-30 15:06:49,425 - modules.salary_history - INFO - Looking for salary history:, ('data_analytics', 'mid')
2026-09-30 15:06:49,427 - modules.salary_history - INFO - Looking for salary history:, ('data_analytics', 'mid')
2026-09-30 15:06:49,430 - modules.salary_history - INFO - Looking for salary history:, ('data_analytics', 'senior')
2026-09-30 15:06:49,434 - modules.salary_history - INFO - Looking for salary history:, ('software_it', 'junior')
2026-09-30 15:06:49,438 - modules.salary_history - INFO - Looking for salary history:, ('sales_customer_service', 'junior')
2026-09-30 15:06:49,441 - modules.salary_history - INFO - Looking for salary history:, ('finance_accounting', 'mid')
2026-09-30 15:06:49,445 - modules.salary_history - INFO - Looking for salary history:, ('sales_customer_service', 'junior')
2026-09-30 15:06:49,448 - modules.salary_history - INFO - Looking for salary history:, ('it_support', 'mid')
2026-09-30 15:06:49,452 - modules.salary_history - INFO - Looking for salary history:, ('procurement', 'junior')
2026-09-30 15:06:49,456 - modules.salary_history - INFO - Looking for salary history:, ('finance_accounting', 'junior')
2026-09-30 15:06:49,459 - modules.salary_history - INFO - Looking for salary history:, ('marketing', 'junior')
2026-09-30 15:06:49,462 - modules.salary_history - INFO - Looking for salary history:, ('data_analytics', 'junior')
2026-09-30 15:06:49,466 - modules.salary_history - INFO - Looking for salary history:, ('software_it', 'junior')
2026-09-30 15:06:49,470 - modules.salary_history - INFO - Looking for salary history:, ('software_it', 'junior')
2026-09-30 15:06:49,473 - modules.salary_history - INFO - Looking for salary history:, ('logistics_supply_chain', 'mid')
2026-09-30 15:06:49,484 - modules.salary_history - INFO - Looking for salary history:, ('data_analytics', 'mid')
2026-09-30 15:06:49,488 - modules.salary_history - INFO - Looking for salary history:, ('data_analytics', 'mid')
2026-09-30 15:06:49,491 - modules.salary_history - INFO - Looking for salary history:, ('software_it', 'mid')
2026-09-30 15:06:49,495 - modules.salary_history - INFO - Looking for salary history:, ('software_it', 'senior')
2026-09-30 15:06:49,505 - modules.salary_history - INFO - Looking for salary history:, ('software_it', 'mid')
2026-09-30 15:06:49,508 - modules.salary_history - INFO - Looking for salary history:, ('software_it', 'mid')
2026-09-30 15:06:49,515 - modules.salary_history - INFO - Looking for salary history:, ('data_analytics', 'senior')
2026-09-30 15:06:49,520 - modules.salary_history - INFO - Looking for salary history:, ('data_analytics', 'mid')
2026-09-30 15:06:49,523 - modules.salary_history - INFO - Looking for salary history:, ('data_analytics', 'mid')
2026-09-30 15:06:49,526 - modules.salary_history - INFO - Looking for salary history:, ('data_analytics', 'senior')
2026-09-30 15:06:49,530 - modules.salary_history - INFO - Looking for salary history:, ('software_it', 'senior')
2026-09-30 15:06:49,534 - modules.salary_history - INFO - Looking for salary history:, ('data_analytics', 'mid')
2026-09-30 15:06:49,537 - modules.salary_history - INFO - Looking for salary history:, ('data_analytics', 'mid')
2026-09-30 15:06:49,544 - modules.salary_history - INFO - Looking for salary history:, ('data_analytics', 'mid')
2026-09-30 15:06:49,553 - modules.salary_history - INFO - Looking for salary history:, ('data_analytics', 'mid')
2026-09-30 15:06:49,557 - modules.salary_history - INFO - Looking for salary history:, ('data_analytics', 'mid')
2026-09-30 15:06:49,560 - modules.salary_history - INFO - Looking for salary history:, ('data_analytics', 'mid')
2026-09-30 15:06:49,566 - modules.salary_history - INFO - Looking for salary history:, ('data_analytics', 'mid')
2026-09-30 15:06:49,573 - modules.salary_history - INFO - Looking for salary history:, ('data_analytics', 'mid')
2026-09-30 15:06:49,576 - modules.salary_history - INFO - Looking for salary history:, ('hr', 'mid')
2026-09-30 15:06:49,579 - modules.salary_history - INFO - Looking for salary history:, ('it_support', 'mid')
2026-09-30 15:06:49,586 - modules.salary_history - INFO - Looking for salary history:, ('data_analytics', 'mid')
2026-09-30 15:06:49,592 - modules.salary_history - INFO - Looking for salary history:, ('software_it', 'mid')
2026-09-30 15:06:49,598 - modules.salary_history - INFO - Looking for salary history:, ('software_it', 'intern')
2026-09-30 15:06:49,602 - modules.salary_history - INFO - Looking for salary history:, ('data_analytics', 'junior')
2026-09-30 15:06:49,606 - modules.salary_history - INFO - Looking for salary history:, ('software_it', 'senior')
2026-09-30 15:06:49,609 - modules.salary_history - INFO - Looking for salary history:, ('software_it', 'mid')
2026-09-30 15:06:49,612 - modules.salary_history - INFO - Looking for salary history:, ('software_it', 'senior')
2026-09-30 15:06:49,616 - modules.salary_history - INFO - Looking for salary history:, ('data_analytics', 'junior')
2026-09-30 15:06:49,623 - modules.salary_history - INFO - Looking for salary history:, ('software_it', 'mid')
2026-09-30 15:06:49,626 - modules.salary_history - INFO - Looking for salary history:, ('software_it', 'senior')
2026-09-30 15:06:49,629 - modules.salary_history - INFO - Looking for salary history:, ('software_it', 'mid')
2026-09-30 15:06:49,634 - modules.salary_history - INFO - Looking for salary history:, ('software_it', 'mid')
2026-09-30 15:06:49,638 - modules.salary_history - INFO - Looking for salary history:, ('data_analytics', 'mid')
2026-09-30 15:06:49,642 - modules.salary_history - INFO - Looking for salary history:, ('legal_compliance_risk', 'mid')
2026-09-30 15:06:49,648 - modules.salary_history - INFO - Looking for salary history:, ('finance_accounting', 'mid')
2026-09-30 15:06:49,652 - modules.salary_history - INFO - Looking for salary history:, ('finance_accounting', 'mid')
2026-09-30 15:06:49,656 - modules.salary_history - INFO - Looking for salary history:, ('finance_accounting', 'mid')
2026-09-30 15:06:49,659 - modules.salary_history - INFO - Looking for salary history:, ('finance_accounting', 'mid')
2026-09-30 15:06:49,663 - modules.salary_history - INFO - Looking for salary history:, ('software_it', 'mid')
2026-09-30 15:06:49,666 - modules.salary_history - INFO - Looking for salary history:, ('data_analytics', 'senior')
2026-09-30 15:06:49,669 - modules.salary_history - INFO - Looking for salary history:, ('data_analytics', 'mid')
2026-09-30 15:06:49,673 - modules.salary_history - INFO - Looking for salary history:, ('software_it', 'senior')
2026-09-30 15:06:49,676 - modules.salary_history - INFO - Looking for salary history:, ('data_analytics', 'mid')
2026-09-30 15:06:49,679 - modules.salary_history - INFO - Looking for salary history:, ('data_analytics', 'mid')
2026-09-30 15:06:49,684 - modules.salary_history - INFO - Looking for salary history:, ('data_analytics', 'mid')
2026-09-30 15:06:49,687 - modules.salary_history - INFO - Looking for salary history:, ('software_it', 'mid')
2026-09-30 15:06:49,691 - modules.salary_history - INFO - Looking for salary history:, ('sales_customer_service', 'senior')
2026-09-30 15:06:49,694 - modules.salary_history - INFO - Looking for salary history:, ('data_analytics', 'mid')
2026-09-30 15:06:49,698 - modules.salary_history - INFO - Looking for salary history:, ('data_analytics', 'mid')
2026-09-30 15:06:49,701 - modules.salary_history - INFO - Looking for salary history:, ('data_analytics', 'mid')
2026-09-30 15:06:49,704 - modules.salary_history - INFO - Looking for salary history:, ('data_analytics', 'mid')
2026-09-30 15:06:49,708 - modules.salary_history - INFO - Looking for salary history:, ('data_analytics', 'mid')
2026-09-30 15:06:49,711 - modules.salary_history - INFO - Looking for salary history:, ('data_analytics', 'senior')
2026-09-30 15:06:49,715 - modules.salary_history - INFO - Looking for salary history:, ('software_it', 'junior')
2026-09-30 15:06:49,722 - modules.salary_history - INFO - Looking for salary history:, ('data_analytics', 'senior')
2026-09-30 15:06:49,728 - modules.salary_history - INFO - Looking for salary history:, ('data_analytics', 'senior')
2026-09-30 15:06:49,731 - modules.salary_history - INFO - Looking for salary history:, ('data_analytics', 'senior')
2026-09-30 15:06:49,736 - modules.salary_history - INFO - Looking for salary history:, ('marketing', 'junior')
2026-09-30 15:06:49,739 - modules.salary_history - INFO - Looking for salary history:, ('sales_customer_service', 'junior')
2026-09-30 15:06:49,742 - modules.salary_history - INFO - Looking for salary history:, ('procurement', 'junior')
2026-09-30 15:06:49,745 - modules.salary_history - INFO - Looking for salary history:, ('software_it', 'junior')
2026-09-30 15:06:49,750 - modules.salary_history - INFO - Looking for salary history:, ('administration', 'senior')
2026-09-30 15:06:49,753 - modules.salary_history - INFO - Looking for salary history:, ('logistics_supply_chain', 'mid')
2026-09-30 15:06:49,756 - modules.salary_history - INFO - Looking for salary history:, ('logistics_supply_chain', 'mid')
2026-09-30 15:06:49,759 - modules.salary_history - INFO - Looking for salary history:, ('customer_operations', 'intern')
2026-09-30 15:06:49,762 - modules.salary_history - INFO - Looking for salary history:, ('finance_accounting', 'junior')
2026-09-30 15:06:49,767 - modules.salary_history - INFO - Looking for salary history:, ('software_it', 'mid')
2026-09-30 15:06:49,771 - modules.salary_history - INFO - Looking for salary history:, ('legal_compliance_risk', 'junior')
2026-09-30 15:06:49,774 - modules.salary_history - INFO - Looking for salary history:, ('finance_accounting', 'senior')
2026-09-30 15:06:49,777 - modules.salary_history - INFO - Looking for salary history:, ('finance_accounting', 'mid')
2026-09-30 15:06:49,780 - modules.salary_history - INFO - Looking for salary history:, ('software_it', 'mid')
2026-09-30 15:06:49,785 - modules.salary_history - INFO - Looking for salary history:, ('software_it', 'mid')
2026-09-30 15:06:49,791 - modules.salary_history - INFO - Looking for salary history:, ('project_management', 'junior')
2026-09-30 15:06:49,793 - modules.salary_history - INFO - Looking for salary history:, ('it_support', 'junior')
2026-09-30 15:06:49,796 - modules.salary_history - INFO - Looking for salary history:, ('finance_accounting', 'intern')
2026-09-30 15:06:49,799 - modules.salary_history - INFO - Looking for salary history:, ('logistics_supply_chain', 'mid')
2026-09-30 15:06:49,806 - modules.salary_history - INFO - Looking for salary history:, ('procurement', 'mid')
2026-09-30 15:06:49,809 - modules.salary_history - INFO - Looking for salary history:, ('data_analytics', 'junior')
2026-09-30 15:06:49,812 - modules.salary_history - INFO - Looking for salary history:, ('logistics_supply_chain', 'junior')
2026-09-30 15:06:49,815 - modules.salary_history - INFO - Looking for salary history:, ('software_it', 'senior')
2026-09-30 15:06:49,819 - modules.salary_history - INFO - Looking for salary history:, ('software_it', 'senior')
2026-09-30 15:06:49,822 - modules.salary_history - INFO - Looking for salary history:, ('software_it', 'senior')
2026-09-30 15:06:49,828 - modules.salary_history - INFO - Looking for salary history:, ('data_analytics', 'mid')
2026-09-30 15:06:49,830 - modules.salary_history - INFO - Looking for salary history:, ('data_analytics', 'mid')
2026-09-30 15:06:49,834 - modules.salary_history - INFO - Looking for salary history:, ('data_analytics', 'junior')
2026-09-30 15:06:49,838 - modules.salary_history - INFO - Looking for salary history:, ('data_analytics', 'mid')
2026-09-30 15:06:49,841 - modules.salary_history - INFO - Looking for salary history:, ('finance_accounting', 'mid')
2026-09-30 15:06:49,846 - modules.salary_history - INFO - Looking for salary history:, ('data_analytics', 'junior')
2026-09-30 15:06:49,852 - modules.salary_history - INFO - Looking for salary history:, ('data_analytics', 'junior')
2026-09-30 15:06:49,855 - modules.salary_history - INFO - Looking for salary history:, ('software_it', 'junior')
2026-09-30 15:06:49,859 - modules.salary_history - INFO - Looking for salary history:, ('data_analytics', 'junior')
2026-09-30 15:06:49,862 - modules.salary_history - INFO - Looking for salary history:, ('software_it', 'junior')
2026-09-30 15:06:49,864 - modules.salary_history - INFO - Looking for salary history:, ('logistics_supply_chain', 'mid')
2026-09-30 15:06:49,867 - modules.salary_history - INFO - Looking for salary history:, ('data_analytics', 'mid')
2026-09-30 15:06:49,871 - modules.salary_history - INFO - Looking for salary history:, ('data_analytics', 'junior')
2026-09-30 15:06:49,874 - modules.salary_history - INFO - Looking for salary history:, ('software_it', 'junior')
2026-09-30 15:06:49,877 - modules.salary_history - INFO - Looking for salary history:, ('finance_accounting', 'mid')
2026-09-30 15:06:49,885 - modules.salary_history - INFO - Looking for salary history:, ('data_analytics', 'junior')
2026-09-30 15:06:49,888 - modules.salary_history - INFO - Looking for salary history:, ('data_analytics', 'junior')
2026-09-30 15:06:49,891 - modules.salary_history - INFO - Looking for salary history:, ('software_it', 'junior')
2026-09-30 15:06:49,894 - modules.salary_history - INFO - Looking for salary history:, ('software_it', 'junior')
2026-09-30 15:06:49,900 - modules.salary_history - INFO - Looking for salary history:, ('data_analytics', 'junior')
2026-09-30 15:06:49,904 - modules.salary_history - INFO - Looking for salary history:, ('software_it', 'junior')
2026-09-30 15:06:49,907 - modules.salary_history - INFO - Looking for salary history:, ('marketing', 'junior')
2026-09-30 15:06:49,940 - modules.salary_history - INFO - Looking for salary history:, ('data_analytics', 'junior')
2026-09-30 15:06:49,943 - modules.salary_history - INFO - Looking for salary history:, ('data_analytics', 'junior')
2026-09-30 15:06:49,947 - modules.salary_history - INFO - Looking for salary history:, ('software_it', 'junior')
2026-09-30 15:06:49,952 - modules.salary_history - INFO - Looking for salary history:, ('project_management', 'manager')
2026-09-30 15:06:49,956 - modules.salary_history - INFO - Looking for salary history:, ('project_management', 'manager')
2026-09-30 15:06:49,959 - modules.salary_history - INFO - Looking for salary history:, ('medical', 'manager')
2026-09-30 15:06:49,962 - modules.salary_history - INFO - Looking for salary history:, ('engineering_production', 'manager')
2026-09-30 15:06:49,966 - modules.salary_history - INFO - Looking for salary history:, ('engineering_production', 'manager')
2026-09-30 15:06:49,969 - modules.salary_history - INFO - Looking for salary history:, ('data_analytics', 'junior')
2026-09-30 15:06:49,973 - modules.salary_history - INFO - Looking for salary history:, ('software_it', 'junior')
2026-09-30 15:06:49,979 - modules.salary_history - INFO - Looking for salary history:, ('data_analytics', 'mid')
2026-09-30 15:06:49,982 - modules.salary_history - INFO - Looking for salary history:, ('data_analytics', 'mid')
2026-09-30 15:06:49,987 - modules.salary_history - INFO - Looking for salary history:, ('data_analytics', 'junior')
2026-09-30 15:06:49,990 - modules.salary_history - INFO - Looking for salary history:, ('data_analytics', 'junior')
2026-09-30 15:06:49,994 - modules.salary_history - INFO - Looking for salary history:, ('software_it', 'junior')
2026-09-30 15:06:49,999 - modules.salary_history - INFO - Looking for salary history:, ('software_it', 'junior')
2026-09-30 15:06:50,003 - modules.salary_history - INFO - Looking for salary history:, ('data_analytics', 'junior')
2026-09-30 15:06:50,006 - modules.salary_history - INFO - Looking for salary history:, ('data_analytics', 'junior')
2026-09-30 15:06:50,009 - modules.salary_history - INFO - Looking for salary history:, ('software_it', 'junior')
2026-09-30 15:06:50,017 - modules.salary_history - INFO - Looking for salary history:, ('data_analytics', 'mid')
2026-09-30 15:06:50,021 - modules.salary_history - INFO - Looking for salary history:, ('data_analytics', 'mid')
2026-09-30 15:06:50,025 - modules.salary_history - INFO - Looking for salary history:, ('software_it', 'mid')
2026-09-30 15:06:50,028 - modules.salary_history - INFO - Looking for salary history:, ('data_analytics', 'mid')
2026-09-30 15:06:50,031 - modules.salary_history - INFO - Looking for salary history:, ('software_it', 'mid')
2026-09-30 15:06:50,035 - modules.salary_history - INFO - Looking for salary history:, ('software_it', 'mid')
2026-09-30 15:06:50,039 - modules.salary_history - INFO - Looking for salary history:, ('data_analytics', 'junior')
2026-09-30 15:06:50,042 - modules.salary_history - INFO - Looking for salary history:, ('data_analytics', 'junior')
2026-09-30 15:06:50,045 - modules.salary_history - INFO - Looking for salary history:, ('software_it', 'junior')
2026-09-30 15:06:50,048 - modules.salary_history - INFO - Looking for salary history:, ('logistics_supply_chain', 'junior')
2026-09-30 15:06:50,052 - modules.salary_history - INFO - Looking for salary history:, ('procurement', 'mid')
2026-09-30 15:06:50,055 - modules.salary_history - INFO - Looking for salary history:, ('data_analytics', 'junior')
2026-09-30 15:06:50,058 - modules.salary_history - INFO - Looking for salary history:, ('engineering_production', 'intern')
2026-09-30 15:06:50,061 - modules.salary_history - INFO - Looking for salary history:, ('engineering_production', 'mid')
2026-09-30 15:06:50,067 - modules.salary_history - INFO - Looking for salary history:, ('hr', 'junior')
2026-09-30 15:06:50,071 - modules.salary_history - INFO - Looking for salary history:, ('it_support', 'junior')
2026-09-30 15:06:50,074 - modules.salary_history - INFO - Looking for salary history:, ('logistics_supply_chain', 'junior')
2026-09-30 15:06:50,077 - modules.salary_history - INFO - Looking for salary history:, ('logistics_supply_chain', 'mid')
2026-09-30 15:06:50,080 - modules.salary_history - INFO - Looking for salary history:, ('data_analytics', 'mid')
2026-09-30 15:06:50,084 - modules.salary_history - INFO - Looking for salary history:, ('software_it', 'mid')
2026-09-30 15:06:50,088 - modules.salary_history - INFO - Looking for salary history:, ('software_it', 'mid')
2026-09-30 15:06:50,095 - modules.salary_history - INFO - Looking for salary history:, ('project_management', 'junior')
2026-09-30 15:06:50,097 - modules.salary_history - INFO - Looking for salary history:, ('software_it', 'mid')
2026-09-30 15:06:50,101 - modules.salary_history - INFO - Looking for salary history:, ('engineering_production', 'junior')
2026-09-30 15:06:50,105 - modules.salary_history - INFO - Looking for salary history:, ('data_analytics', 'senior')
2026-09-30 15:06:50,108 - modules.salary_history - INFO - Looking for salary history:, ('data_analytics', 'mid')
2026-09-30 15:06:50,111 - modules.salary_history - INFO - Looking for salary history:, ('finance_accounting', 'mid')
2026-09-30 15:06:50,113 - modules.salary_history - INFO - Looking for salary history:, ('finance_accounting', 'mid')
2026-09-30 15:06:50,116 - modules.salary_history - INFO - Looking for salary history:, ('finance_accounting', 'mid')
2026-09-30 15:06:50,120 - modules.salary_history - INFO - Looking for salary history:, ('software_it', 'mid')
2026-09-30 15:06:50,124 - modules.salary_history - INFO - Looking for salary history:, ('data_analytics', 'mid')
2026-09-30 15:06:50,126 - modules.salary_history - INFO - Looking for salary history:, ('data_analytics', 'mid')
2026-09-30 15:06:50,130 - modules.salary_history - INFO - Looking for salary history:, ('data_analytics', 'senior')
2026-09-30 15:06:50,134 - modules.salary_history - INFO - Looking for salary history:, ('data_analytics', 'senior')
2026-09-30 15:06:50,138 - modules.salary_history - INFO - Looking for salary history:, ('software_it', 'mid')
2026-09-30 15:06:50,141 - modules.salary_history - INFO - Looking for salary history:, ('data_analytics', 'mid')
2026-09-30 15:06:50,144 - modules.salary_history - INFO - Looking for salary history:, ('data_analytics', 'mid')
2026-09-30 15:06:50,146 - modules.salary_history - INFO - Looking for salary history:, ('data_analytics', 'senior')
2026-09-30 15:06:50,149 - modules.salary_history - INFO - Looking for salary history:, ('data_analytics', 'senior')
2026-09-30 15:06:50,153 - modules.salary_history - INFO - Looking for salary history:, ('data_analytics', 'mid')
2026-09-30 15:06:50,157 - modules.salary_history - INFO - Looking for salary history:, ('sales_customer_service', 'senior')
2026-09-30 15:06:50,160 - modules.salary_history - INFO - Looking for salary history:, ('finance_accounting', 'mid')
2026-09-30 15:06:50,163 - modules.salary_history - INFO - Looking for salary history:, ('software_it', 'junior')
2026-09-30 15:06:50,167 - modules.salary_history - INFO - Looking for salary history:, ('procurement', 'junior')
2026-09-30 15:06:50,171 - modules.salary_history - INFO - Looking for salary history:, ('sales_customer_service', 'junior')
2026-09-30 15:06:50,174 - modules.salary_history - INFO - Looking for salary history:, ('data_analytics', 'senior')
2026-09-30 15:06:50,177 - modules.salary_history - INFO - Looking for salary history:, ('finance_accounting', 'senior')
2026-09-30 15:06:50,180 - modules.salary_history - INFO - Looking for salary history:, ('it_support', 'mid')
2026-09-30 15:06:50,184 - modules.salary_history - INFO - Looking for salary history:, ('unknown', 'mid')
2026-09-30 15:06:50,202 - modules.salary_history - INFO - Looking for salary history:, ('data_analytics', 'senior')
2026-09-30 15:06:50,216 - modules.salary_history - INFO - Looking for salary history:, ('sales_customer_service', 'senior')
2026-09-30 15:06:50,236 - modules.salary_history - INFO - Looking for salary history:, ('finance_accounting', 'junior')
2026-09-30 15:06:50,252 - modules.salary_history - INFO - Looking for salary history:, ('finance_accounting', 'junior')
2026-09-30 15:06:50,266 - modules.salary_history - INFO - Looking for salary history:, ('administration', 'mid')
2026-09-30 15:07:38,240 - __main__ - INFO - ETL finished successfully
2026-09-30 15:08:23,943 - __main__ - INFO - ETL started
2026-09-30 15:08:24,676 - __main__ - INFO - Processing source: RocketJobs
2026-09-30 15:08:25,040 - __main__ - INFO - Processing source: Pracuj.pl
2026-09-30 15:08:25,438 - __main__ - INFO - Processing source: Linkedin
2026-09-30 15:08:25,796 - __main__ - INFO - Processing source: justjoin.it
2026-09-30 15:08:26,074 - __main__ - INFO - Processing source: theprotocol.it
2026-09-30 15:08:26,439 - __main__ - INFO - Processing source: Jooble
2026-09-30 15:09:15,002 - __main__ - INFO - ETL finished successfully
